Customer ID,Gross_Revenue,Orders,Quantity,First_Order,Last_Order,Cancelled_Revenue,Cancelled_Orders,Net_Revenue,Return_Rate_%,Recency,Frequency,Monetary,R_Score,F_Score,M_Score,RFM_Score,Segment
12347.0,4921.53,8,2967,2010-10-31 14:20:00,2011-12-07 15:52:00,0.0,0.0,4921.53,0.0,2,8,4921.53,4,4,4,444,Champions
12348.0,2019.4,5,2714,2010-09-27 14:59:00,2011-09-25 13:13:00,0.0,0.0,2019.4,0.0,75,5,2019.4,3,3,3,333,Champions
12349.0,4428.69,4,1624,2010-04-29 13:20:00,2011-11-21 09:51:00,24.15,1.0,4404.54,0.545307980463749,19,4,4404.54,4,3,4,434,Champions
12350.0,334.4,1,197,2011-02-02 16:01:00,2011-02-02 16:01:00,0.0,0.0,334.4,0.0,310,1,334.4,2,1,1,211,Regular Customers
12351.0,300.93,1,261,2010-11-29 15:23:00,2010-11-29 15:23:00,0.0,0.0,300.93,0.0,375,1,300.93,2,1,1,211,Regular Customers
12352.0,2849.84,10,724,2010-11-12 10:20:00,2011-11-03 14:37:00,960.63,3.0,1889.21,33.70820818010836,36,10,1889.21,3,4,3,343,Champions
12353.0,406.76,2,212,2010-10-27 12:44:00,2011-05-19 17:47:00,0.0,0.0,406.76,0.0,204,2,406.76,2,2,2,222,Regular Customers
12354.0,1079.4,1,530,2011-04-21 13:11:00,2011-04-21 13:11:00,0.0,0.0,1079.4,0.0,232,1,1079.4,2,1,3,213,Regular Customers
12355.0,947.61,2,543,2010-05-21 11:59:00,2011-05-09 13:49:00,0.0,0.0,947.61,0.0,214,2,947.61,2,2,3,223,Regular Customers
12356.0,6371.73,6,3416,2010-10-11 09:42:00,2011-11-17 08:40:00,0.0,0.0,6371.73,0.0,23,6,6371.73,4,3,4,434,Champions
12357.0,18287.66,3,6587,2010-11-16 10:05:00,2011-11-06 16:07:00,0.0,0.0,18287.66,0.0,33,3,18287.66,3,2,4,324,Potential Loyalists
12358.0,3887.07,5,1079,2009-12-08 07:59:00,2011-12-08 10:26:00,0.0,0.0,3887.07,0.0,2,5,3887.07,4,3,4,434,Champions
12359.0,8873.39,10,2739,2009-12-05 13:32:00,2011-10-13 12:47:00,221.05,4.0,8652.34,2.4911561421283186,58,10,8652.34,3,4,4,344,Champions
12360.0,4252.89,8,2459,2010-02-22 09:32:00,2011-10-18 15:22:00,40.0,1.0,4212.89,0.9405369054925004,52,8,4212.89,3,4,4,344,Champions
12361.0,511.25,4,235,2010-01-26 14:37:00,2011-02-25 13:51:00,0.0,0.0,511.25,0.0,287,4,511.25,2,3,2,232,Regular Customers
12362.0,5356.23,11,2230,2009-12-01 10:10:00,2011-12-06 15:40:00,71.65,3.0,5284.58,1.3376946098281817,3,11,5284.58,4,4,4,444,Champions
12363.0,552.0,2,408,2011-04-11 13:29:00,2011-08-22 10:18:00,0.0,0.0,552.0,0.0,110,2,552.0,2,2,2,222,Regular Customers
12364.0,1313.1,4,1506,2011-08-19 15:24:00,2011-12-02 10:22:00,0.0,0.0,1313.1,0.0,8,4,1313.1,4,3,3,433,Champions
12365.0,641.38,2,174,2011-02-21 13:51:00,2011-02-21 14:04:00,320.69,1.0,320.69,50.0,291,2,320.69,2,2,1,221,Regular Customers
12366.0,500.24,1,296,2010-03-16 10:28:00,2010-03-16 10:28:00,0.0,0.0,500.24,0.0,634,1,500.24,1,1,2,112,Lost Customers
12367.0,168.9,1,173,2011-12-05 16:48:00,2011-12-05 16:48:00,0.0,0.0,168.9,0.0,4,1,168.9,4,1,1,411,Potential Loyalists
12368.0,917.6999999999999,1,330,2010-03-21 15:56:00,2010-03-21 15:56:00,0.0,0.0,917.6999999999999,0.0,628,1,917.6999999999999,1,1,3,113,Lost Customers
12369.0,1791.15,3,1241,2010-03-08 08:09:00,2010-10-22 13:13:00,0.0,0.0,1791.15,0.0,413,3,1791.15,1,2,3,123,Lost Customers
12370.0,4316.56,7,2604,2010-02-09 09:41:00,2011-10-19 14:51:00,0.0,0.0,4316.56,0.0,51,7,4316.56,3,3,4,334,Champions
12371.0,4067.38,5,1436,2010-03-04 18:23:00,2011-10-26 10:16:00,0.0,0.0,4067.38,0.0,45,5,4067.38,3,3,4,334,Champions
12372.0,1298.04,3,794,2011-02-16 12:46:00,2011-09-29 12:12:00,0.0,0.0,1298.04,0.0,72,3,1298.04,3,2,3,323,Potential Loyalists
12373.0,1127.65,3,516,2010-02-04 12:08:00,2011-02-01 13:10:00,0.0,0.0,1127.65,0.0,311,3,1127.65,2,2,3,223,Regular Customers
12374.0,2989.2200000000003,4,1362,2010-04-30 14:01:00,2011-11-14 15:37:00,0.0,0.0,2989.2200000000003,0.0,25,4,2989.2200000000003,4,3,4,434,Champions
12375.0,457.5,2,178,2011-09-02 14:23:00,2011-11-29 10:36:00,2.08,1.0,455.42,0.4546448087431694,11,2,455.42,4,2,2,422,Potential Loyalists
12376.0,503.15,2,240,2010-10-18 08:42:00,2010-11-15 12:15:00,0.0,0.0,503.15,0.0,390,2,503.15,1,2,2,122,Lost Customers
12377.0,3426.32,4,2105,2010-04-29 15:34:00,2011-01-28 15:45:00,0.0,0.0,3426.32,0.0,315,4,3426.32,2,3,4,234,At Risk
12378.0,5416.32,2,3316,2010-05-26 14:07:00,2011-08-02 10:34:00,0.0,0.0,5416.32,0.0,130,2,5416.32,2,2,4,224,Regular Customers
12379.0,1620.22,4,815,2010-06-23 12:49:00,2011-09-19 10:09:00,1.95,1.0,1618.27,0.12035402599646962,82,4,1618.27,3,3,3,333,Champions
12380.0,9676.300000000001,11,3355,2010-02-15 12:05:00,2011-11-18 11:27:00,1788.3000000000002,4.0,7888.000000000001,18.48123766315637,22,11,7888.000000000001,4,4,4,444,Champions
12381.0,1845.31,5,808,2011-08-12 09:57:00,2011-12-05 12:44:00,41.35,1.0,1803.96,2.240815906270491,5,5,1803.96,4,3,3,433,Champions
12383.0,1850.56,5,1532,2010-12-22 14:28:00,2011-06-08 08:02:00,11.25,1.0,1839.31,0.6079240878436798,185,5,1839.31,2,3,3,233,At Risk
12384.0,585.27,2,126,2011-08-10 11:23:00,2011-11-11 08:39:00,19.11,1.0,566.16,3.265159669895946,29,2,566.16,3,2,2,322,Potential Loyalists
12385.0,1938.4,1,612,2010-11-25 15:14:00,2010-11-25 15:14:00,15.0,1.0,1923.4,0.7738340899711101,379,1,1923.4,2,1,3,213,Regular Customers
12386.0,401.9,2,354,2010-12-08 09:53:00,2011-01-06 12:37:00,0.0,0.0,401.9,0.0,338,2,401.9,2,2,2,222,Regular Customers
12387.0,143.94,1,134,2010-10-20 16:27:00,2010-10-20 16:27:00,0.0,0.0,143.94,0.0,415,1,143.94,1,1,1,111,Lost Customers
12388.0,3901.11,8,2001,2010-05-06 12:54:00,2011-11-24 12:30:00,0.0,0.0,3901.11,0.0,16,8,3901.11,4,4,4,444,Champions
12389.0,1433.33,3,614,2010-02-22 10:15:00,2010-11-02 11:52:00,0.0,0.0,1433.33,0.0,403,3,1433.33,1,2,3,123,Lost Customers
12390.0,549.84,1,353,2011-09-21 09:33:00,2011-09-21 09:33:00,0.0,0.0,549.84,0.0,80,1,549.84,3,1,2,312,Potential Loyalists
12391.0,2724.84,6,1204,2010-02-15 10:12:00,2011-11-18 12:07:00,25.6,1.0,2699.2400000000002,0.9395047048634049,22,6,2699.2400000000002,4,3,4,434,Champions
12392.0,234.75000000000003,1,73,2010-04-27 14:04:00,2010-04-27 14:04:00,0.0,0.0,234.75000000000003,0.0,591,1,234.75000000000003,1,1,1,111,Lost Customers
12393.0,2399.4500000000003,6,1311,2010-10-07 13:49:00,2011-09-28 15:41:00,22.7,1.0,2376.7500000000005,0.946050136489612,72,6,2376.7500000000005,3,3,4,334,Champions
12394.0,1272.48,2,819,2011-05-06 14:01:00,2011-10-07 08:08:00,0.0,0.0,1272.48,0.0,64,2,1272.48,3,2,3,323,Potential Loyalists
12395.0,4721.17,15,3205,2010-04-16 10:16:00,2011-11-20 15:21:00,20.35,3.0,4700.82,0.4310372217056366,19,15,4700.82,4,4,4,444,Champions
12396.0,931.43,1,591,2010-02-03 13:22:00,2010-02-03 13:22:00,0.0,0.0,931.43,0.0,674,1,931.43,1,1,3,113,Lost Customers
12397.0,2409.9,2,1263,2011-07-27 14:21:00,2011-11-04 09:52:00,0.0,0.0,2409.9,0.0,36,2,2409.9,3,2,4,324,Potential Loyalists
12398.0,1635.6599999999999,1,1394,2011-10-25 10:27:00,2011-10-25 10:27:00,0.0,0.0,1635.6599999999999,0.0,46,1,1635.6599999999999,3,1,3,313,Potential Loyalists
12399.0,1962.3,7,2198,2010-03-05 08:45:00,2011-08-12 13:15:00,0.0,0.0,1962.3,0.0,119,7,1962.3,2,3,3,233,At Risk
12400.0,205.25,1,91,2010-10-21 13:45:00,2010-10-21 13:45:00,0.0,0.0,205.25,0.0,414,1,205.25,1,1,1,111,Lost Customers
12401.0,84.3,1,11,2011-02-09 13:50:00,2011-02-09 13:50:00,0.0,0.0,84.3,0.0,303,1,84.3,2,1,1,211,Regular Customers
12402.0,1256.9,6,584,2010-02-07 12:41:00,2011-01-20 13:49:00,12.75,1.0,1244.15,1.0144005091892752,323,6,1244.15,2,3,3,233,At Risk
12403.0,1019.36,2,260,2010-07-06 11:39:00,2011-10-21 10:51:00,18.0,1.0,1001.36,1.7658138439805369,50,2,1001.36,3,2,3,323,Potential Loyalists
12404.0,63.24,1,1,2010-01-26 16:25:00,2010-01-26 16:25:00,0.0,0.0,63.24,0.0,682,1,63.24,1,1,1,111,Lost Customers
12405.0,1710.39,1,857,2011-07-14 08:52:00,2011-07-14 08:52:00,0.0,0.0,1710.39,0.0,149,1,1710.39,2,1,3,213,Regular Customers
12406.0,6390.36,5,3416,2010-01-11 14:04:00,2011-11-17 19:22:00,318.15000000000003,2.0,6072.21,4.978592755337728,22,5,6072.21,4,3,4,434,Champions
12407.0,1708.1200000000001,5,1416,2011-03-20 13:21:00,2011-10-21 10:11:00,0.0,0.0,1708.1200000000001,0.0,50,5,1708.1200000000001,3,3,3,333,Champions
12408.0,4340.7699999999995,8,2229,2010-07-29 13:27:00,2011-11-07 12:27:00,61.13,6.0,4279.639999999999,1.408275490293197,33,8,4279.639999999999,3,4,4,344,Champions
12409.0,23419.29,7,13143,2010-05-23 15:21:00,2011-09-22 10:38:00,328.82,6.0,23090.47,1.404056228860909,79,7,23090.47,3,3,4,334,Champions
12410.0,1013.71,3,341,2010-07-25 13:26:00,2011-02-04 10:39:00,12.25,1.0,1001.46,1.2084323919069555,309,3,1001.46,2,2,3,223,Regular Customers
12411.0,346.9,1,138,2010-10-26 09:25:00,2010-10-26 09:25:00,0.0,0.0,346.9,0.0,410,1,346.9,1,1,2,112,Lost Customers
12412.0,2596.93,6,1997,2010-06-18 13:22:00,2011-09-26 10:16:00,15.9,2.0,2581.0299999999997,0.6122614009619051,75,6,2581.0299999999997,3,3,4,334,Champions
12413.0,999.45,4,319,2010-11-02 13:26:00,2011-10-04 09:00:00,63.95,2.0,935.5,6.398519185552054,67,4,935.5,3,3,3,333,Champions
12414.0,952.41,6,495,2010-09-02 12:22:00,2011-05-06 14:51:00,260.0,2.0,692.41,27.29916737539505,217,6,692.41,2,3,2,232,Regular Customers
12415.0,144458.37,28,91447,2010-06-30 08:30:00,2011-11-15 14:22:00,1189.08,5.0,143269.29,0.8231298747175397,24,28,143269.29,4,4,4,444,Champions
12416.0,202.56,1,132,2010-02-21 10:19:00,2010-02-21 10:19:00,0.0,0.0,202.56,0.0,657,1,202.56,1,1,1,111,Lost Customers
12417.0,6797.41,20,2884,2009-12-06 10:30:00,2011-12-06 14:52:00,108.69999999999999,7.0,6688.71,1.5991384953975114,3,20,6688.71,4,4,4,444,Champions
12418.0,2021.2,4,1088,2010-03-19 14:47:00,2011-08-19 11:08:00,4.25,1.0,2016.95,0.2102711260637245,113,4,2016.95,2,3,3,233,At Risk
12419.0,503.01,2,231,2010-10-22 10:40:00,2010-11-19 10:04:00,0.0,0.0,503.01,0.0,386,2,503.01,1,2,2,122,Lost Customers
12420.0,600.39,1,345,2011-10-07 08:55:00,2011-10-07 08:55:00,0.0,0.0,600.39,0.0,64,1,600.39,3,1,2,312,Potential Loyalists
12421.0,1098.6,6,652,2010-07-22 13:57:00,2011-11-24 09:07:00,5.77,2.0,1092.83,0.5252139086109594,16,6,1092.83,4,3,3,433,Champions
12422.0,5231.8,17,2596,2009-12-18 12:44:00,2011-09-05 09:48:00,1112.45,4.0,4119.35,21.263236362246264,96,17,4119.35,2,4,4,244,At Risk
12423.0,2622.39,10,1793,2010-08-31 09:31:00,2011-12-09 10:10:00,10.2,1.0,2612.19,0.38895816411746537,1,10,2612.19,4,4,4,444,Champions
12424.0,3340.03,4,2025,2010-06-09 15:15:00,2011-06-30 12:06:00,50.25,3.0,3289.78,1.5044775046930716,163,4,3289.78,2,3,4,234,At Risk
12425.0,1741.41,2,1147,2010-09-17 14:10:00,2011-09-22 17:31:00,60.6,1.0,1680.8100000000002,3.4799386703877886,78,2,1680.8100000000002,3,2,3,323,Potential Loyalists
12426.0,1345.21,2,584,2010-02-15 08:41:00,2011-05-29 12:26:00,33.8,1.0,1311.41,2.51261884761487,195,2,1311.41,2,2,3,223,Regular Customers
12427.0,825.8,3,533,2010-12-03 10:44:00,2011-11-18 08:56:00,117.42999999999999,2.0,708.37,14.220150157423106,22,3,708.37,4,2,2,422,Potential Loyalists
12428.0,7956.46,9,3536,2011-03-01 09:33:00,2011-11-14 08:22:00,79.26,3.0,7877.2,0.9961716642828595,26,9,7877.2,3,4,4,344,Champions
12429.0,6204.41,8,2890,2010-06-11 13:28:00,2011-11-30 17:22:00,50.4,1.0,6154.01,0.8123254265917307,9,8,6154.01,4,4,4,444,Champions
12430.0,256.4,1,117,2011-10-27 15:09:00,2011-10-27 15:09:00,0.0,0.0,256.4,0.0,43,1,256.4,3,1,1,311,Potential Loyalists
12431.0,10432.22,27,4600,2010-01-15 09:04:00,2011-11-04 11:55:00,138.56,6.0,10293.66,1.3281928486937584,36,27,10293.66,3,4,4,344,Champions
12432.0,5059.32,5,1801,2011-06-20 13:27:00,2011-10-28 11:43:00,0.0,0.0,5059.32,0.0,43,5,5059.32,3,3,4,334,Champions
12433.0,16794.14,10,13534,2010-08-20 09:23:00,2011-12-09 10:02:00,152.4,1.0,16641.739999999998,0.9074593876197294,1,10,16641.739999999998,4,4,4,444,Champions
12434.0,1103.43,3,532,2010-11-23 13:38:00,2011-09-16 12:38:00,40.949999999999996,2.0,1062.48,3.711155216008265,85,3,1062.48,3,2,3,323,Potential Loyalists
12435.0,13925.93,6,4958,2009-12-02 13:58:00,2011-09-21 09:06:00,0.0,0.0,13925.93,0.0,80,6,13925.93,3,3,4,334,Champions
12436.0,509.01,1,211,2011-09-01 12:09:00,2011-09-01 12:09:00,0.0,0.0,509.01,0.0,100,1,509.01,2,1,2,212,Regular Customers
12437.0,12683.4,39,8000,2009-12-02 16:24:00,2011-12-08 11:35:00,288.55,8.0,12394.85,2.2750208934512828,2,39,12394.85,4,4,4,444,Champions
12438.0,2906.85,2,1180,2011-07-22 13:29:00,2011-11-25 13:28:00,0.0,0.0,2906.85,0.0,14,2,2906.85,4,2,4,424,Potential Loyalists
12439.0,1142.88,2,478,2009-12-14 08:40:00,2010-01-26 12:11:00,53.699999999999996,1.0,1089.18,4.698656026879462,683,2,1089.18,1,2,3,123,Lost Customers
12440.0,859.2,2,331,2009-12-22 12:03:00,2010-09-03 13:11:00,91.05000000000001,1.0,768.1500000000001,10.597067039106147,462,2,768.1500000000001,1,2,2,122,Lost Customers
12441.0,173.55,1,121,2010-12-08 10:45:00,2010-12-08 10:45:00,0.0,0.0,173.55,0.0,367,1,173.55,2,1,1,211,Regular Customers
12442.0,172.06,1,182,2011-12-06 14:22:00,2011-12-06 14:22:00,0.0,0.0,172.06,0.0,3,1,172.06,4,1,1,411,Potential Loyalists
12443.0,485.31,1,182,2009-12-07 15:42:00,2009-12-07 15:42:00,0.0,0.0,485.31,0.0,732,1,485.31,1,1,2,112,Lost Customers
12444.0,5005.46,5,1153,2011-06-21 14:00:00,2011-11-18 13:23:00,0.0,0.0,5005.46,0.0,21,5,5005.46,4,3,4,434,Champions
12445.0,434.98,2,206,2010-10-15 12:28:00,2011-11-17 18:43:00,8.5,1.0,426.48,1.9541128327739206,22,2,426.48,4,2,2,422,Potential Loyalists
12446.0,1002.3100000000001,1,351,2011-10-13 12:50:00,2011-10-13 12:50:00,0.0,0.0,1002.3100000000001,0.0,58,1,1002.3100000000001,3,1,3,313,Potential Loyalists
12447.0,476.49,1,190,2011-04-10 13:25:00,2011-04-10 13:25:00,0.0,0.0,476.49,0.0,243,1,476.49,2,1,2,212,Regular Customers
12448.0,449.45,1,243,2011-10-26 13:46:00,2011-10-26 13:46:00,0.0,0.0,449.45,0.0,44,1,449.45,3,1,2,312,Potential Loyalists
12449.0,4835.89,6,2282,2010-09-27 09:37:00,2011-11-17 13:46:00,0.0,0.0,4835.89,0.0,22,6,4835.89,4,3,4,434,Champions
12450.0,688.2,5,442,2010-08-22 13:11:00,2011-07-06 14:41:00,21.25,2.0,666.95,3.0877651845393776,156,5,666.95,2,3,2,232,Regular Customers
12451.0,12669.88,8,9359,2010-06-28 12:58:00,2011-11-29 08:40:00,123.35,2.0,12546.529999999999,0.973568810438615,11,8,12546.529999999999,4,4,4,444,Champions
12452.0,430.57,2,185,2011-11-23 08:05:00,2011-11-23 10:28:00,2.0,1.0,428.57,0.4645005457881413,17,2,428.57,4,2,2,422,Potential Loyalists
12453.0,707.09,1,473,2011-07-28 14:08:00,2011-07-28 14:08:00,0.0,0.0,707.09,0.0,134,1,707.09,2,1,2,212,Regular Customers
12454.0,16679.78,5,7703,2010-10-14 17:33:00,2011-10-14 17:13:00,12387.07,4.0,4292.709999999999,74.26398909338133,56,5,4292.709999999999,3,3,4,334,Champions
12455.0,5879.95,10,3302,2009-12-18 12:33:00,2011-09-27 15:31:00,0.0,0.0,5879.95,0.0,73,10,5879.95,3,4,4,344,Champions
12456.0,3181.04,3,1633,2011-03-30 09:12:00,2011-10-26 14:41:00,27.15,1.0,3153.89,0.8534944546437643,44,3,3153.89,3,2,4,324,Potential Loyalists
12457.0,2995.91,8,1094,2010-09-30 17:59:00,2011-10-04 13:13:00,523.6,6.0,2472.31,17.47716052885434,66,8,2472.31,3,4,4,344,Champions
12458.0,1777.49,4,986,2010-08-09 10:33:00,2011-09-29 15:25:00,0.0,0.0,1777.49,0.0,71,4,1777.49,3,3,3,333,Champions
12459.0,454.36,1,258,2010-04-13 14:53:00,2010-04-13 14:53:00,0.0,0.0,454.36,0.0,605,1,454.36,1,1,2,112,Lost Customers
12460.0,326.65,1,170,2010-09-09 13:51:00,2010-09-09 13:51:00,0.0,0.0,326.65,0.0,456,1,326.65,1,1,1,111,Lost Customers
12461.0,826.88,2,287,2011-07-08 10:23:00,2011-09-06 16:57:00,0.0,0.0,826.88,0.0,94,2,826.88,3,2,2,322,Potential Loyalists
12462.0,1189.59,2,536,2011-02-09 14:44:00,2011-11-21 09:11:00,65.58,2.0,1124.01,5.512823745996521,19,2,1124.01,4,2,3,423,Potential Loyalists
12463.0,1344.78,4,776,2011-04-12 12:47:00,2011-10-17 13:44:00,41.15,3.0,1303.6299999999999,3.059980071089695,53,4,1303.6299999999999,3,3,3,333,Champions
12464.0,1212.05,8,112,2011-02-03 13:30:00,2011-11-29 13:33:00,0.0,0.0,1212.05,0.0,10,8,1212.05,4,4,3,443,Champions
12465.0,742.1899999999999,2,479,2011-06-23 13:37:00,2011-11-22 16:34:00,8.3,1.0,733.89,1.1183120225279242,17,2,733.89,4,2,2,422,Potential Loyalists
12466.0,56.73,1,1,2010-01-26 16:26:00,2010-01-26 16:26:00,0.0,0.0,56.73,0.0,682,1,56.73,1,1,1,111,Lost Customers
12468.0,3670.74,5,2201,2010-01-26 10:09:00,2011-06-05 11:36:00,46.19,5.0,3624.5499999999997,1.2583293831761444,188,5,3624.5499999999997,2,3,4,234,At Risk
12469.0,3070.54,2,2552,2010-06-21 10:30:00,2010-07-05 12:40:00,0.0,0.0,3070.54,0.0,523,2,3070.54,1,2,4,124,Lost Customers
12470.0,211.95,1,95,2010-01-19 11:01:00,2010-01-19 11:01:00,0.0,0.0,211.95,0.0,690,1,211.95,1,1,1,111,Lost Customers
12471.0,39918.19,79,16858,2009-12-07 10:41:00,2011-12-07 15:43:00,1998.1799999999998,50.0,37920.01,5.005687883142997,2,79,37920.01,4,4,4,444,Champions
12472.0,16249.289999999999,19,10378,2009-12-14 10:49:00,2011-11-07 14:01:00,801.6,18.0,15447.689999999999,4.933138617133426,32,19,15447.689999999999,3,4,4,344,Champions
12473.0,3928.0499999999997,5,2414,2011-06-01 10:15:00,2011-11-10 13:46:00,1090.32,4.0,2837.7299999999996,27.757284148623363,29,5,2837.7299999999996,3,3,4,334,Champions
12474.0,12372.75,31,7940,2010-02-11 09:41:00,2011-11-22 14:39:00,424.0,23.0,11948.75,3.4268856963892427,17,31,11948.75,4,4,4,444,Champions
12475.0,1149.64,2,771,2010-10-26 08:49:00,2011-10-17 10:10:00,0.0,0.0,1149.64,0.0,54,2,1149.64,3,2,3,323,Potential Loyalists
12476.0,14083.91,23,5631,2010-07-26 09:04:00,2011-11-24 12:40:00,399.78999999999996,15.0,13684.119999999999,2.838629329497277,16,23,13684.119999999999,4,4,4,444,Champions
12477.0,20276.37,9,6119,2010-03-26 14:01:00,2011-11-17 09:51:00,102.72999999999999,3.0,20173.64,0.5066488725546042,23,9,20173.64,4,4,4,444,Champions
12478.0,680.99,1,236,2011-12-06 09:56:00,2011-12-06 09:56:00,0.0,0.0,680.99,0.0,4,1,680.99,4,1,2,412,Potential Loyalists
12479.0,527.2,1,385,2011-11-28 13:26:00,2011-11-28 13:26:00,49.9,2.0,477.30000000000007,9.465098634294385,11,1,477.30000000000007,4,1,2,412,Potential Loyalists
12480.0,5464.85,7,2952,2010-07-20 13:21:00,2011-11-11 14:52:00,29.75,1.0,5435.1,0.5443882265752948,28,7,5435.1,3,3,4,334,Champions
12481.0,12185.51,15,7158,2010-04-11 13:10:00,2011-11-17 08:29:00,144.35999999999999,3.0,12041.15,1.1846857456109754,23,15,12041.15,4,4,4,444,Champions
12482.0,23691.4,29,27042,2010-02-24 10:24:00,2010-05-12 16:51:00,1797.8700000000001,3.0,21893.530000000002,7.588703073689188,576,29,21893.530000000002,1,4,4,144,At Risk
12483.0,5097.18,19,2160,2010-01-31 13:28:00,2011-11-22 17:02:00,273.71,8.0,4823.47,5.36983194629187,17,19,4823.47,4,4,4,444,Champions
12484.0,6354.1,12,3266,2010-01-27 16:41:00,2011-11-07 11:37:00,66.3,4.0,6287.8,1.0434207834311704,33,12,6287.8,3,4,4,344,Champions
12485.0,708.1,1,414,2010-06-28 15:22:00,2010-06-28 15:22:00,0.0,0.0,708.1,0.0,529,1,708.1,1,1,2,112,Lost Customers
12486.0,1037.28,1,523,2010-10-04 12:14:00,2010-10-04 12:14:00,0.0,0.0,1037.28,0.0,432,1,1037.28,1,1,3,113,Lost Customers
12487.0,285.29999999999995,1,174,2009-12-09 11:36:00,2009-12-09 11:36:00,25.5,1.0,259.79999999999995,8.93796004206099,731,1,259.79999999999995,1,1,1,111,Lost Customers
12488.0,1298.66,3,529,2011-09-25 10:34:00,2011-11-30 08:50:00,0.0,0.0,1298.66,0.0,10,3,1298.66,4,2,3,423,Potential Loyalists
12489.0,334.93,1,105,2011-01-07 13:13:00,2011-01-07 13:13:00,0.0,0.0,334.93,0.0,336,1,334.93,2,1,1,211,Regular Customers
12490.0,9823.64,21,5906,2009-12-01 12:52:00,2011-12-04 16:07:00,5.0,1.0,9818.64,0.05089763061349969,5,21,9818.64,4,4,4,444,Champions
12491.0,460.40000000000003,1,260,2011-11-01 12:18:00,2011-11-01 12:18:00,0.0,0.0,460.40000000000003,0.0,39,1,460.40000000000003,3,1,2,312,Potential Loyalists
12492.0,715.21,3,444,2010-11-01 14:58:00,2011-10-07 15:15:00,0.0,0.0,715.21,0.0,63,3,715.21,3,2,2,322,Potential Loyalists
12493.0,433.74,2,207,2011-05-26 14:53:00,2011-06-27 10:17:00,16.95,1.0,416.79,3.90787107483746,166,2,416.79,2,2,2,222,Regular Customers
12494.0,1815.27,9,979,2010-05-12 13:52:00,2011-11-24 09:34:00,129.35,8.0,1685.92,7.125661747288283,16,9,1685.92,4,4,3,443,Champions
12495.0,357.4,1,130,2010-03-09 10:53:00,2010-03-09 10:53:00,34.0,1.0,323.4,9.513150531617235,641,1,323.4,1,1,1,111,Lost Customers
12496.0,45.34,2,30,2010-03-29 13:57:00,2010-03-29 14:06:00,0.0,0.0,45.34,0.0,620,2,45.34,1,2,1,121,Lost Customers
12497.0,6248.5,3,5685,2010-03-05 09:39:00,2011-09-19 12:29:00,36.75,1.0,6211.75,0.5881411538769304,82,3,6211.75,3,2,4,324,Potential Loyalists
12498.0,403.70000000000005,3,159,2011-10-13 09:30:00,2011-11-18 12:53:00,0.0,0.0,403.70000000000005,0.0,21,3,403.70000000000005,4,2,2,422,Potential Loyalists
12499.0,393.72,1,302,2010-05-28 15:12:00,2010-05-28 15:12:00,0.0,0.0,393.72,0.0,560,1,393.72,1,1,2,112,Lost Customers
12500.0,5955.21,19,3377,2010-02-04 15:05:00,2011-11-16 16:20:00,82.9,6.0,5872.31,1.3920583824919694,23,19,5872.31,4,4,4,444,Champions
12501.0,2169.39,1,1783,2011-01-07 12:28:00,2011-01-07 12:28:00,79.71000000000001,1.0,2089.68,3.6743047584804946,337,1,2089.68,2,1,3,213,Regular Customers
12502.0,3723.87,5,820,2011-02-03 10:41:00,2011-09-05 11:52:00,0.0,0.0,3723.87,0.0,96,5,3723.87,2,3,4,234,At Risk
12504.0,779.05,4,458,2010-04-22 10:24:00,2011-11-21 16:02:00,368.04999999999995,2.0,411.0,47.243437520056474,18,4,411.0,4,3,2,432,Loyal Customers
12505.0,955.2,1,324,2010-10-27 09:18:00,2010-10-27 09:18:00,47.2,2.0,908.0,4.941373534338359,409,1,908.0,1,1,3,113,Lost Customers
12506.0,73.5,1,23,2011-04-21 08:54:00,2011-04-21 08:54:00,0.0,0.0,73.5,0.0,233,1,73.5,2,1,1,211,Regular Customers
12507.0,1844.06,4,1256,2010-05-04 09:23:00,2011-07-28 17:09:00,46.75,1.0,1797.31,2.5351669685368154,134,4,1797.31,2,3,3,233,At Risk
12508.0,397.88,2,271,2011-11-10 16:27:00,2011-11-13 15:37:00,0.0,0.0,397.88,0.0,26,2,397.88,3,2,2,322,Potential Loyalists
12509.0,176.5,1,55,2011-02-28 14:45:00,2011-02-28 14:45:00,0.0,0.0,176.5,0.0,284,1,176.5,2,1,1,211,Regular Customers
12510.0,5178.02,9,2049,2009-12-04 13:47:00,2011-07-20 10:15:00,1488.69,7.0,3689.3300000000004,28.750178639711706,143,9,3689.3300000000004,2,4,4,244,At Risk
12511.0,3084.02,1,1753,2010-10-07 10:39:00,2010-10-07 10:39:00,18.25,1.0,3065.77,0.5917601053170861,429,1,3065.77,1,1,4,114,Lost Customers
12512.0,132.18,2,96,2011-10-04 14:53:00,2011-10-04 14:55:00,0.0,0.0,132.18,0.0,66,2,132.18,3,2,1,321,Potential Loyalists
12513.0,612.29,1,462,2011-08-19 10:51:00,2011-08-19 10:51:00,25.5,1.0,586.79,4.164693200934198,113,1,586.79,2,1,2,212,Regular Customers
12514.0,1597.76,2,840,2010-03-08 12:18:00,2011-03-17 16:38:00,0.0,0.0,1597.76,0.0,267,2,1597.76,2,2,3,223,Regular Customers
12515.0,383.7,1,131,2010-12-21 15:43:00,2010-12-21 15:43:00,0.0,0.0,383.7,0.0,353,1,383.7,2,1,2,212,Regular Customers
12516.0,2648.62,4,1952,2010-04-19 14:14:00,2011-09-23 09:13:00,0.0,0.0,2648.62,0.0,78,4,2648.62,3,3,4,334,Champions
12517.0,2481.6,5,1361,2011-06-02 15:13:00,2011-11-11 14:04:00,37.949999999999996,1.0,2443.65,1.5292553191489362,28,5,2443.65,3,3,4,334,Champions
12518.0,2056.89,5,1318,2011-08-21 13:18:00,2011-12-09 10:13:00,0.0,0.0,2056.89,0.0,1,5,2056.89,4,3,3,433,Champions
12519.0,716.54,2,387,2010-08-20 08:21:00,2011-10-07 09:26:00,31.35,1.0,685.1899999999999,4.375191894381333,64,2,685.1899999999999,3,2,2,322,Potential Loyalists
12520.0,2634.26,5,1439,2011-03-11 11:35:00,2011-09-21 15:23:00,51.75,1.0,2582.51,1.9644985688580474,79,5,2582.51,3,3,4,334,Champions
12521.0,599.68,1,309,2011-07-20 10:51:00,2011-07-20 10:51:00,0.0,0.0,599.68,0.0,143,1,599.68,2,1,2,212,Regular Customers
12522.0,192.72,2,194,2011-10-19 14:41:00,2011-10-31 15:30:00,0.0,0.0,192.72,0.0,39,2,192.72,3,2,1,321,Potential Loyalists
12523.0,4352.35,23,2263,2009-12-07 13:46:00,2011-11-20 12:55:00,151.3,7.0,4201.05,3.4762829276138176,19,23,4201.05,4,4,4,444,Champions
12524.0,11126.11,17,7178,2010-02-08 14:41:00,2011-11-30 15:31:00,34.75,1.0,11091.36,0.3123283879091614,9,17,11091.36,4,4,4,444,Champions
12525.0,973.73,3,509,2010-03-02 14:01:00,2010-07-29 16:08:00,138.54999999999998,5.0,835.1800000000001,14.228790321752435,498,3,835.1800000000001,1,2,2,122,Lost Customers
12526.0,1316.66,3,632,2011-09-06 14:19:00,2011-12-09 12:09:00,0.0,0.0,1316.66,0.0,1,3,1316.66,4,2,3,423,Potential Loyalists
12527.0,735.51,5,526,2010-06-28 15:37:00,2011-09-19 11:55:00,0.0,0.0,735.51,0.0,82,5,735.51,3,3,2,332,Loyal Customers
12528.0,1933.48,6,756,2011-01-31 09:05:00,2011-11-30 14:40:00,11.2,2.0,1922.28,0.5792664004799636,9,6,1922.28,4,3,3,433,Champions
12529.0,316.48,1,192,2010-06-29 13:10:00,2010-06-29 13:10:00,4.7,1.0,311.78000000000003,1.4850859453993934,528,1,311.78000000000003,1,1,1,111,Lost Customers
12530.0,3759.26,9,2713,2010-03-07 14:37:00,2011-10-11 12:34:00,69.4,3.0,3689.86,1.8461080106191112,60,9,3689.86,3,4,4,344,Champions
12531.0,1933.2,2,1119,2010-01-22 14:17:00,2011-11-25 11:12:00,34.15,1.0,1899.05,1.766501138009518,15,2,1899.05,4,2,3,423,Potential Loyalists
12532.0,349.83000000000004,1,153,2011-11-09 13:47:00,2011-11-09 13:47:00,0.0,0.0,349.83000000000004,0.0,30,1,349.83000000000004,3,1,2,312,Potential Loyalists
12533.0,1367.89,2,704,2009-12-01 11:50:00,2010-03-22 10:56:00,217.89999999999998,4.0,1149.9900000000002,15.929643465483334,628,2,1149.9900000000002,1,2,3,123,Lost Customers
12534.0,1089.18,1,651,2011-08-01 10:26:00,2011-08-01 10:26:00,0.0,0.0,1089.18,0.0,131,1,1089.18,2,1,3,213,Regular Customers
12535.0,716.35,2,219,2011-06-06 12:47:00,2011-09-09 08:48:00,0.0,0.0,716.35,0.0,92,2,716.35,3,2,2,322,Potential Loyalists
12536.0,12601.830000000002,3,2803,2011-10-11 14:52:00,2011-10-27 14:20:00,8495.01,2.0,4106.8200000000015,67.41092365156489,43,3,4106.8200000000015,3,2,4,324,Potential Loyalists
12537.0,732.94,1,449,2010-10-27 08:36:00,2010-10-27 08:36:00,0.0,0.0,732.94,0.0,409,1,732.94,1,1,2,112,Lost Customers
12538.0,640.45,2,336,2010-11-26 13:02:00,2011-11-10 17:16:00,0.0,0.0,640.45,0.0,29,2,640.45,3,2,2,322,Potential Loyalists
12539.0,11214.75,7,4535,2009-12-23 13:00:00,2011-11-17 13:30:00,1715.85,1.0,9498.9,15.29993981140908,22,7,9498.9,4,3,4,434,Champions
12540.0,22254.49,33,11019,2009-12-07 16:56:00,2011-11-20 11:31:00,147.2,3.0,22107.29,0.6614395566917057,20,33,22107.29,4,4,4,444,Champions
12541.0,981.18,3,680,2011-03-04 09:32:00,2011-11-10 10:40:00,0.0,0.0,981.18,0.0,30,3,981.18,3,2,3,323,Potential Loyalists
12542.0,481.88,2,522,2010-03-09 16:26:00,2010-08-12 19:12:00,58.5,2.0,423.38,12.139951855233669,484,2,423.38,1,2,2,122,Lost Customers
12543.0,980.25,1,688,2010-09-17 15:51:00,2010-09-17 15:51:00,0.0,0.0,980.25,0.0,448,1,980.25,1,1,3,113,Lost Customers
12544.0,372.7,1,136,2011-11-03 16:15:00,2011-11-03 16:15:00,17.0,1.0,355.7,4.561309364099812,36,1,355.7,3,1,2,312,Potential Loyalists
12545.0,1000.39,2,523,2011-03-25 12:04:00,2011-09-25 13:39:00,0.0,0.0,1000.39,0.0,75,2,1000.39,3,2,3,323,Potential Loyalists
12546.0,1161.5,2,633,2011-09-23 09:44:00,2011-10-24 12:09:00,20.0,1.0,1141.5,1.7219113215669393,47,2,1141.5,3,2,3,323,Potential Loyalists
12547.0,383.58,3,309,2010-07-27 13:55:00,2011-05-26 12:38:00,0.0,0.0,383.58,0.0,198,3,383.58,2,2,2,222,Regular Customers
12548.0,95.19999999999999,1,49,2011-06-26 15:35:00,2011-06-26 15:35:00,0.0,0.0,95.19999999999999,0.0,166,1,95.19999999999999,2,1,1,211,Regular Customers
12549.0,1575.68,6,1366,2010-01-11 12:29:00,2010-05-13 12:05:00,0.0,0.0,1575.68,0.0,576,6,1575.68,1,3,3,133,At Risk
12550.0,964.83,1,569,2011-09-21 14:35:00,2011-09-21 14:35:00,0.0,0.0,964.83,0.0,79,1,964.83,3,1,3,313,Potential Loyalists
12551.0,168.0,1,100,2010-12-17 11:23:00,2010-12-17 11:23:00,0.0,0.0,168.0,0.0,358,1,168.0,2,1,1,211,Regular Customers
12552.0,437.82,2,88,2011-10-31 12:11:00,2011-11-01 10:02:00,0.0,0.0,437.82,0.0,39,2,437.82,3,2,2,322,Potential Loyalists
12553.0,4608.75,12,2325,2010-10-12 13:35:00,2011-12-01 16:38:00,59.92999999999999,5.0,4548.82,1.3003525901817194,8,12,4548.82,4,4,4,444,Champions
12554.0,468.5,1,240,2010-09-17 12:29:00,2010-09-17 12:29:00,0.0,0.0,468.5,0.0,449,1,468.5,1,1,2,112,Lost Customers
12555.0,129.23,1,1,2010-01-26 16:26:00,2010-01-26 16:26:00,0.0,0.0,129.23,0.0,682,1,129.23,1,1,1,111,Lost Customers
12556.0,599.56,2,355,2011-07-11 13:35:00,2011-10-20 13:06:00,0.0,0.0,599.56,0.0,50,2,599.56,3,2,2,322,Potential Loyalists
12557.0,18096.14,8,6382,2009-12-17 10:39:00,2011-11-23 16:59:00,0.0,0.0,18096.14,0.0,16,8,18096.14,4,4,4,444,Champions
12559.0,561.71,2,283,2011-01-24 10:12:00,2011-02-02 09:49:00,25.5,1.0,536.21,4.53970910256182,311,2,536.21,2,2,2,222,Regular Customers
12560.0,2134.01,3,1110,2011-07-19 15:55:00,2011-12-04 13:54:00,32.620000000000005,1.0,2101.3900000000003,1.5285776542752845,5,3,2101.3900000000003,4,2,3,423,Potential Loyalists
12561.0,238.85,1,177,2011-02-10 11:39:00,2011-02-10 11:39:00,0.0,0.0,238.85,0.0,303,1,238.85,2,1,1,211,Regular Customers
12562.0,4966.92,9,2327,2010-09-30 13:13:00,2011-12-01 17:20:00,0.0,0.0,4966.92,0.0,8,9,4966.92,4,4,4,444,Champions
12563.0,249.24,1,113,2010-10-27 09:52:00,2010-10-27 09:52:00,0.0,0.0,249.24,0.0,409,1,249.24,1,1,1,111,Lost Customers
12564.0,456.9,1,133,2011-03-23 14:55:00,2011-03-23 14:55:00,0.0,0.0,456.9,0.0,261,1,456.9,2,1,2,212,Regular Customers
12565.0,145.92,1,80,2011-02-24 10:34:00,2011-02-24 10:34:00,14.75,1.0,131.17,10.108278508771932,289,1,131.17,2,1,1,211,Regular Customers
12566.0,351.65,1,265,2011-09-14 14:30:00,2011-09-14 14:30:00,4.95,1.0,346.7,1.407649651642258,86,1,346.7,3,1,2,312,Potential Loyalists
12567.0,11767.48,15,5308,2010-02-11 10:30:00,2011-11-17 11:02:00,316.04,2.0,11451.439999999999,2.6857067103576977,23,15,11451.439999999999,4,4,4,444,Champions
12568.0,70.0,1,48,2010-03-05 09:15:00,2010-03-05 09:15:00,0.0,0.0,70.0,0.0,645,1,70.0,1,1,1,111,Lost Customers
12569.0,4124.69,32,1801,2011-04-01 13:47:00,2011-12-07 16:24:00,59.7,3.0,4064.99,1.4473815001854689,2,32,4064.99,4,4,4,444,Champions
12570.0,77.52,1,1,2010-01-26 17:28:00,2010-01-26 17:28:00,0.0,0.0,77.52,0.0,682,1,77.52,1,1,1,111,Lost Customers
12571.0,519.61,2,523,2011-08-10 12:35:00,2011-10-31 10:19:00,0.0,0.0,519.61,0.0,40,2,519.61,3,2,2,322,Potential Loyalists
12572.0,1020.42,2,452,2011-10-19 08:20:00,2011-12-01 09:20:00,15.7,1.0,1004.7199999999999,1.5385821524470316,9,2,1004.7199999999999,4,2,3,423,Potential Loyalists
12573.0,717.41,5,479,2010-08-31 17:25:00,2011-04-26 15:52:00,0.0,0.0,717.41,0.0,227,5,717.41,2,3,2,232,Regular Customers
12574.0,218.45,1,61,2011-01-28 09:20:00,2011-01-28 09:20:00,0.0,0.0,218.45,0.0,316,1,218.45,2,1,1,211,Regular Customers
12575.0,622.8199999999999,2,315,2010-07-01 09:15:00,2010-09-08 13:09:00,0.0,0.0,622.8199999999999,0.0,457,2,622.8199999999999,1,2,2,122,Lost Customers
12576.0,2142.72,8,1494,2010-07-01 13:46:00,2011-11-04 10:11:00,58.85000000000001,3.0,2083.87,2.7465091099163685,36,8,2083.87,3,4,3,343,Champions
12577.0,1617.1,8,1191,2009-12-03 19:31:00,2011-11-04 13:24:00,62.400000000000006,1.0,1554.6999999999998,3.858759507760807,35,8,1554.6999999999998,3,4,3,343,Champions
12578.0,4642.45,4,2380,2010-09-22 11:19:00,2011-11-18 13:30:00,70.0,3.0,4572.45,1.5078245323051407,21,4,4572.45,4,3,4,434,Champions
12579.0,440.42,1,285,2011-09-22 17:15:00,2011-09-22 17:15:00,29.7,2.0,410.72,6.743562962626583,78,1,410.72,3,1,2,312,Potential Loyalists
12580.0,1052.9,2,569,2010-05-12 11:45:00,2011-04-07 10:24:00,0.0,0.0,1052.9,0.0,247,2,1052.9,2,2,3,223,Regular Customers
12581.0,197.71,1,161,2011-10-31 08:56:00,2011-10-31 08:56:00,0.0,0.0,197.71,0.0,40,1,197.71,3,1,1,311,Potential Loyalists
12582.0,1980.4,4,985,2010-05-11 09:55:00,2011-04-15 08:45:00,0.0,0.0,1980.4,0.0,239,4,1980.4,2,3,3,233,At Risk
12583.0,13591.58,27,8535,2009-12-06 11:57:00,2011-12-07 08:07:00,102.53999999999999,4.0,13489.039999999999,0.7544376739128195,3,27,13489.039999999999,4,4,4,444,Champions
12584.0,2338.15,9,416,2011-03-04 15:15:00,2011-12-06 09:35:00,444.2,9.0,1893.95,18.997925710497615,4,9,1893.95,4,4,3,443,Champions
12585.0,2040.1,2,1279,2010-12-23 12:58:00,2011-04-19 13:39:00,57.29,2.0,1982.81,2.808195676682516,234,2,1982.81,2,2,3,223,Regular Customers
12586.0,2062.67,4,687,2009-12-16 13:15:00,2011-11-22 16:24:00,17.0,1.0,2045.67,0.8241744922842723,17,4,2045.67,4,3,3,433,Champions
12587.0,144.0,1,51,2011-12-02 12:47:00,2011-12-02 12:47:00,0.0,0.0,144.0,0.0,8,1,144.0,4,1,1,411,Potential Loyalists
12588.0,958.78,4,438,2010-04-21 12:22:00,2011-10-31 15:01:00,19.8,1.0,938.98,2.0651244289618056,39,4,938.98,3,3,3,333,Champions
12589.0,4695.66,8,1764,2010-01-19 12:26:00,2011-11-11 10:19:00,1601.49,3.0,3094.17,34.10574871264104,29,8,3094.17,3,4,4,344,Champions
12590.0,9864.26,2,4283,2011-05-12 14:46:00,2011-05-12 14:52:00,10.780000000000001,3.0,9853.48,0.10928341304872338,211,2,9853.48,2,2,4,224,Regular Customers
12591.0,1338.95,3,653,2010-10-27 10:42:00,2011-01-26 14:35:00,0.0,0.0,1338.95,0.0,317,3,1338.95,2,2,3,223,Regular Customers
12592.0,2582.66,5,1875,2010-07-08 14:06:00,2011-09-08 15:04:00,1430.04,3.0,1152.62,55.370819232883925,92,5,1152.62,3,3,3,333,Champions
12593.0,418.09999999999997,3,206,2011-05-05 09:29:00,2011-08-23 12:43:00,0.0,0.0,418.09999999999997,0.0,109,3,418.09999999999997,2,2,2,222,Regular Customers
12594.0,5090.110000000001,15,2768,2010-03-03 13:51:00,2011-11-02 12:20:00,45.599999999999994,2.0,5044.51,0.8958549029392291,38,15,5044.51,3,4,4,344,Champions
12595.0,299.02,1,271,2010-07-23 09:10:00,2010-07-23 09:10:00,0.0,0.0,299.02,0.0,505,1,299.02,1,1,1,111,Lost Customers
12596.0,618.27,2,474,2011-04-11 13:22:00,2011-10-19 13:02:00,0.0,0.0,618.27,0.0,51,2,618.27,3,2,2,322,Potential Loyalists
12597.0,3811.22,4,2236,2011-03-16 14:00:00,2011-11-20 13:33:00,128.09,1.0,3683.1299999999997,3.3608660743803824,19,4,3683.1299999999997,4,3,4,434,Champions
12598.0,4534.09,11,2906,2010-03-01 09:58:00,2011-11-30 12:18:00,119.41999999999999,4.0,4414.67,2.6338250894887394,10,11,4414.67,4,4,4,444,Champions
12599.0,2296.72,13,2189,2010-05-11 10:42:00,2011-11-10 13:34:00,0.0,0.0,2296.72,0.0,29,13,2296.72,3,4,4,344,Champions
12600.0,4967.42,21,1383,2009-12-07 13:37:00,2011-11-11 10:29:00,88.13,5.0,4879.29,1.7741604293576945,29,21,4879.29,3,4,4,344,Champions
12601.0,681.26,6,290,2010-10-31 10:57:00,2011-06-03 10:17:00,7.5,1.0,673.76,1.1009012711740012,190,6,673.76,2,3,2,232,Regular Customers
12602.0,153.12,1,162,2011-10-12 11:22:00,2011-10-12 11:22:00,0.0,0.0,153.12,0.0,59,1,153.12,3,1,1,311,Potential Loyalists
12603.0,739.1999999999999,1,63,2011-11-18 10:42:00,2011-11-18 10:42:00,0.0,0.0,739.1999999999999,0.0,22,1,739.1999999999999,4,1,2,412,Potential Loyalists
12604.0,254.18,2,201,2011-03-23 12:06:00,2011-09-21 14:08:00,0.0,0.0,254.18,0.0,79,2,254.18,3,2,1,321,Potential Loyalists
12605.0,1232.95,4,929,2010-09-07 14:21:00,2010-11-28 14:18:00,7.5,1.0,1225.45,0.6082971734458007,376,4,1225.45,2,3,3,233,At Risk
12606.0,21.0,1,1,2010-01-26 16:23:00,2010-01-26 16:23:00,0.0,0.0,21.0,0.0,682,1,21.0,1,1,1,111,Lost Customers
12608.0,415.79,1,323,2010-10-31 10:49:00,2010-10-31 10:49:00,0.0,0.0,415.79,0.0,405,1,415.79,1,1,2,112,Lost Customers
12609.0,3435.86,9,1553,2009-12-20 13:30:00,2011-09-22 16:34:00,18.0,1.0,3417.86,0.5238863050298906,78,9,3417.86,3,4,4,344,Champions
12610.0,2099.54,5,1049,2011-08-05 13:52:00,2011-11-17 09:34:00,41.55,2.0,2057.99,1.9790049248883088,23,5,2057.99,4,3,3,433,Champions
12611.0,1193.32,1,846,2011-10-18 13:12:00,2011-10-18 13:12:00,0.0,0.0,1193.32,0.0,52,1,1193.32,3,1,3,313,Potential Loyalists
12612.0,704.0400000000001,1,262,2011-09-26 15:35:00,2011-09-26 15:35:00,60.45,1.0,643.59,8.5861598772797,74,1,643.59,3,1,2,312,Potential Loyalists
12613.0,6817.37,10,4157,2009-12-14 13:10:00,2011-10-13 14:59:00,243.55,3.0,6573.82,3.572492031384537,57,10,6573.82,3,4,4,344,Champions
12614.0,315.6,1,76,2011-03-07 10:22:00,2011-03-07 10:22:00,0.0,0.0,315.6,0.0,278,1,315.6,2,1,1,211,Regular Customers
12615.0,5740.98,8,3317,2010-03-18 14:09:00,2011-12-07 15:02:00,176.1,3.0,5564.879999999999,3.067420544924386,2,8,5564.879999999999,4,4,4,444,Champions
12616.0,1131.1,3,498,2010-11-16 11:38:00,2011-09-05 15:17:00,85.75,4.0,1045.35,7.581115728052339,95,3,1045.35,3,2,3,323,Potential Loyalists
12617.0,352.98,1,210,2011-11-10 14:39:00,2011-11-10 14:39:00,0.0,0.0,352.98,0.0,29,1,352.98,3,1,2,312,Potential Loyalists
12618.0,177.31,1,96,2011-11-18 11:10:00,2011-11-18 11:10:00,0.0,0.0,177.31,0.0,22,1,177.31,4,1,1,411,Potential Loyalists
12619.0,3781.38,10,3518,2010-05-28 12:52:00,2011-11-23 14:52:00,426.43,4.0,3354.9500000000003,11.27709989474742,16,10,3354.9500000000003,4,4,4,444,Champions
12620.0,1339.41,3,1181,2011-05-19 12:10:00,2011-11-25 10:20:00,0.0,0.0,1339.41,0.0,15,3,1339.41,4,2,3,423,Potential Loyalists
12621.0,24311.2,35,13706,2010-02-09 12:01:00,2011-12-08 11:25:00,196.5,9.0,24114.7,0.8082694395998551,2,35,24114.7,4,4,4,444,Champions
12622.0,180.1,1,69,2011-04-21 16:39:00,2011-04-21 16:39:00,0.0,0.0,180.1,0.0,232,1,180.1,2,1,1,211,Regular Customers
12623.0,3747.84,7,1971,2010-01-12 11:45:00,2011-03-08 13:50:00,108.0,2.0,3639.84,2.8816598360655736,276,7,3639.84,2,3,4,234,At Risk
12624.0,641.13,2,355,2011-06-15 12:34:00,2011-08-25 15:04:00,0.0,0.0,641.13,0.0,106,2,641.13,2,2,2,222,Regular Customers
12625.0,5164.88,4,3309,2010-04-22 11:33:00,2011-05-12 09:54:00,69.5,1.0,5095.38,1.3456266166880935,212,4,5095.38,2,3,4,234,At Risk
12626.0,6620.48,9,3453,2011-01-17 11:01:00,2011-11-16 16:06:00,232.13,4.0,6388.349999999999,3.5062412393059113,23,9,6388.349999999999,4,4,4,444,Champions
12627.0,4478.53,7,2752,2011-07-22 13:59:00,2011-11-29 12:07:00,0.0,0.0,4478.53,0.0,11,7,4478.53,4,3,4,434,Champions
12628.0,786.46,3,448,2011-10-06 09:28:00,2011-12-05 13:15:00,16.85,1.0,769.61,2.1425120158685758,4,3,769.61,4,2,2,422,Potential Loyalists
12629.0,1558.22,2,722,2010-10-12 16:40:00,2010-11-19 09:18:00,0.0,0.0,1558.22,0.0,386,2,1558.22,1,2,3,123,Lost Customers
12630.0,1270.88,2,548,2011-10-27 10:41:00,2011-11-30 10:48:00,0.0,0.0,1270.88,0.0,10,2,1270.88,4,2,3,423,Potential Loyalists
12631.0,3481.57,6,1607,2010-01-15 14:50:00,2011-10-13 13:53:00,29.3,1.0,3452.27,0.8415743472054273,57,6,3452.27,3,3,4,334,Champions
12632.0,804.88,2,694,2010-05-24 09:07:00,2010-07-07 09:39:00,66.0,2.0,738.88,8.199980121260312,521,2,738.88,1,2,2,122,Lost Customers
12633.0,5678.16,7,3238,2010-07-02 11:44:00,2011-10-12 11:40:00,82.95,3.0,5595.21,1.4608605604632487,59,7,5595.21,3,3,4,334,Champions
12634.0,490.0,2,337,2010-06-09 15:41:00,2010-06-22 10:05:00,0.0,0.0,490.0,0.0,536,2,490.0,1,2,2,122,Lost Customers
12635.0,2930.41,4,1949,2010-09-09 10:50:00,2011-09-11 11:04:00,0.0,0.0,2930.41,0.0,90,4,2930.41,3,3,4,334,Champions
12636.0,141.0,1,1,2009-12-01 09:55:00,2009-12-01 09:55:00,0.0,0.0,141.0,0.0,739,1,141.0,1,1,1,111,Lost Customers
12637.0,8283.81,12,4257,2010-06-14 13:36:00,2011-10-03 13:46:00,68.65,2.0,8215.16,0.8287249466127302,67,12,8215.16,3,4,4,344,Champions
12638.0,921.49,2,663,2010-03-10 10:30:00,2011-11-06 13:11:00,0.0,0.0,921.49,0.0,33,2,921.49,3,2,3,323,Potential Loyalists
12639.0,1312.37,3,631,2010-03-22 09:05:00,2011-04-15 12:48:00,0.0,0.0,1312.37,0.0,239,3,1312.37,2,2,3,223,Regular Customers
12640.0,1174.58,3,311,2011-09-19 12:01:00,2011-11-16 11:52:00,0.0,0.0,1174.58,0.0,24,3,1174.58,4,2,3,423,Potential Loyalists
12641.0,185.9,1,72,2011-08-16 13:26:00,2011-08-16 13:26:00,0.0,0.0,185.9,0.0,115,1,185.9,2,1,1,211,Regular Customers
12642.0,1013.26,3,552,2011-08-24 09:23:00,2011-11-14 15:03:00,0.0,0.0,1013.26,0.0,25,3,1013.26,4,2,3,423,Potential Loyalists
12643.0,8304.82,12,4665,2010-04-07 14:16:00,2011-08-03 12:56:00,469.52,2.0,7835.299999999999,5.653584304054754,128,12,7835.299999999999,2,4,4,244,At Risk
12644.0,1918.49,4,1032,2010-01-14 13:02:00,2011-08-02 10:33:00,102.95,2.0,1815.54,5.366199458949486,130,4,1815.54,2,3,3,233,At Risk
12645.0,3539.3,8,2125,2010-02-09 10:49:00,2011-11-06 12:38:00,40.199999999999996,2.0,3499.1000000000004,1.1358178170824738,34,8,3499.1000000000004,3,4,4,344,Champions
12646.0,1346.97,2,897,2011-10-21 12:52:00,2011-12-05 10:14:00,0.0,0.0,1346.97,0.0,5,2,1346.97,4,2,3,423,Potential Loyalists
12647.0,16955.55,36,6633,2010-01-13 15:06:00,2011-11-17 12:56:00,241.56,9.0,16713.989999999998,1.4246662597202686,22,36,16713.989999999998,4,4,4,444,Champions
12648.0,1112.0,4,518,2010-01-07 18:38:00,2011-07-08 11:55:00,15.0,1.0,1097.0,1.3489208633093526,155,4,1097.0,2,3,3,233,At Risk
12649.0,2294.65,8,1959,2010-01-12 17:24:00,2011-08-24 14:41:00,36.15,2.0,2258.5,1.5754036563310307,107,8,2258.5,2,4,4,244,At Risk
12650.0,314.44,1,254,2011-12-06 16:34:00,2011-12-06 16:34:00,0.0,0.0,314.44,0.0,3,1,314.44,4,1,1,411,Potential Loyalists
12651.0,377.75,4,265,2010-08-31 15:21:00,2011-01-09 12:46:00,12.45,1.0,365.3,3.2958305757776305,335,4,365.3,2,3,2,232,Regular Customers
12652.0,1017.03,2,536,2010-10-01 15:16:00,2011-01-12 15:00:00,5.45,1.0,1011.5799999999999,0.5358740646785247,331,2,1011.5799999999999,2,2,3,223,Regular Customers
12653.0,4160.83,3,1681,2010-07-01 09:56:00,2011-07-14 10:41:00,0.0,0.0,4160.83,0.0,149,3,4160.83,2,2,4,224,Regular Customers
12654.0,601.98,5,264,2011-02-17 13:16:00,2011-11-29 10:10:00,0.0,0.0,601.98,0.0,11,5,601.98,4,3,2,432,Loyal Customers
12655.0,261.35,1,80,2010-10-12 09:17:00,2010-10-12 09:17:00,0.0,0.0,261.35,0.0,424,1,261.35,1,1,1,111,Lost Customers
12656.0,6407.83,8,2860,2010-05-26 09:00:00,2011-11-22 13:42:00,87.05,4.0,6320.78,1.3584942172311063,17,8,6320.78,4,4,4,444,Champions
12657.0,1643.18,4,1044,2011-09-22 11:40:00,2011-11-28 15:47:00,491.12,1.0,1152.06,29.88838715174235,11,4,1152.06,4,3,3,433,Champions
12658.0,686.05,1,320,2011-11-21 10:22:00,2011-11-21 10:22:00,0.0,0.0,686.05,0.0,19,1,686.05,4,1,2,412,Potential Loyalists
12659.0,91.68,1,105,2011-11-10 11:53:00,2011-11-10 11:53:00,0.0,0.0,91.68,0.0,30,1,91.68,3,1,1,311,Potential Loyalists
12660.0,245.1,1,127,2011-11-28 13:26:00,2011-11-28 13:26:00,0.0,0.0,245.1,0.0,11,1,245.1,4,1,1,411,Potential Loyalists
12661.0,162.0,1,216,2010-09-29 16:46:00,2010-09-29 16:46:00,0.0,0.0,162.0,0.0,436,1,162.0,1,1,1,111,Lost Customers
12662.0,6726.54,20,3424,2010-04-01 09:50:00,2011-12-09 11:59:00,38.849999999999994,2.0,6687.69,0.5775629075274955,1,20,6687.69,4,4,4,444,Champions
12663.0,239.4,2,181,2010-02-09 14:28:00,2010-03-25 09:40:00,35.400000000000006,1.0,204.0,14.786967418546368,625,2,204.0,1,2,1,121,Lost Customers
12664.0,6070.04,11,1495,2009-12-13 10:28:00,2011-12-01 17:07:00,18.0,1.0,6052.04,0.29653840831361905,8,11,6052.04,4,4,4,444,Champions
12665.0,313.6,3,165,2010-02-08 15:11:00,2011-01-19 08:34:00,12.149999999999999,2.0,301.45000000000005,3.874362244897958,325,3,301.45000000000005,2,2,1,221,Regular Customers
12666.0,1248.42,1,370,2010-11-10 16:40:00,2010-11-10 16:40:00,227.44,1.0,1020.98,18.218227839989744,394,1,1020.98,1,1,3,113,Lost Customers
12667.0,620.13,1,395,2011-10-12 17:00:00,2011-10-12 17:00:00,0.0,0.0,620.13,0.0,58,1,620.13,3,1,2,312,Potential Loyalists
12668.0,11383.03,10,5049,2010-01-31 15:45:00,2011-11-28 10:56:00,63.97,2.0,11319.060000000001,0.5619769077301914,12,10,11319.060000000001,4,4,4,444,Champions
12669.0,2744.0299999999997,3,1115,2011-03-28 10:15:00,2011-07-12 09:54:00,1136.3,1.0,1607.7299999999998,41.409897122116014,151,3,1607.7299999999998,2,2,3,223,Regular Customers
12670.0,3760.29,7,1627,2010-02-11 10:13:00,2011-11-29 15:23:00,9.9,1.0,3750.39,0.2632775663579139,10,7,3750.39,4,3,4,434,Champions
12671.0,2622.481,1,1460,2010-04-12 16:30:00,2010-04-12 16:30:00,0.0,0.0,2622.481,0.0,606,1,2622.481,1,1,4,114,Lost Customers
12672.0,437.05,2,138,2010-04-23 09:57:00,2011-01-14 09:20:00,26.55,1.0,410.5,6.074819814666514,330,2,410.5,2,2,2,222,Regular Customers
12673.0,1230.02,3,700,2010-11-03 10:46:00,2011-12-04 13:55:00,0.0,0.0,1230.02,0.0,5,3,1230.02,4,2,3,423,Potential Loyalists
12674.0,1970.6,4,1133,2011-05-16 09:10:00,2011-11-01 12:12:00,48.34,3.0,1922.26,2.4530599817314527,39,4,1922.26,3,3,3,333,Champions
12675.0,957.25,2,336,2010-05-10 16:44:00,2010-06-04 09:49:00,23.7,2.0,933.55,2.4758422564638285,554,2,933.55,1,2,3,123,Lost Customers
12676.0,2843.09,11,1867,2010-08-13 13:29:00,2011-11-15 12:25:00,70.0,1.0,2773.09,2.462109887481578,25,11,2773.09,4,4,4,444,Champions
12677.0,395.1,2,176,2010-02-11 13:55:00,2010-06-02 14:30:00,5.8,1.0,389.3,1.4679827891672994,555,2,389.3,1,2,2,122,Lost Customers
12678.0,34281.18,21,22372,2010-01-07 16:46:00,2011-10-28 13:04:00,430.05,2.0,33851.13,1.2544784047690307,42,21,33851.13,3,4,4,344,Champions
12679.0,1113.02,4,554,2011-03-01 12:26:00,2011-10-12 12:30:00,54.35,5.0,1058.67,4.8831108156187675,59,4,1058.67,3,3,3,333,Champions
12680.0,880.81,4,444,2011-08-18 15:44:00,2011-12-09 12:50:00,0.0,0.0,880.81,0.0,1,4,880.81,4,3,3,433,Champions
12681.0,29834.76,45,17011,2009-12-13 13:31:00,2011-11-25 11:33:00,316.52,11.0,29518.239999999998,1.0609101598269939,15,45,29518.239999999998,4,4,4,444,Champions
12682.0,22950.22,52,10522,2009-12-01 09:28:00,2011-12-06 10:00:00,88.1,1.0,22862.120000000003,0.38387431580176573,4,52,22862.120000000003,4,4,4,444,Champions
12683.0,11633.7,21,7019,2009-12-13 15:01:00,2011-12-05 16:31:00,278.18,6.0,11355.52,2.3911567257192465,4,21,11355.52,4,4,4,444,Champions
12684.0,2283.63,7,1985,2011-05-10 12:55:00,2011-12-02 09:53:00,0.0,0.0,2283.63,0.0,8,7,2283.63,4,3,4,434,Champions
12685.0,2863.08,6,1523,2011-09-07 10:28:00,2011-11-11 13:46:00,0.0,0.0,2863.08,0.0,28,6,2863.08,3,3,4,334,Champions
12686.0,89.14,1,107,2010-12-03 09:51:00,2010-12-03 09:51:00,0.0,0.0,89.14,0.0,372,1,89.14,2,1,1,211,Regular Customers
12687.0,2138.91,2,1403,2010-08-16 12:10:00,2010-08-16 12:12:00,0.0,0.0,2138.91,0.0,481,2,2138.91,1,2,3,123,Lost Customers
12688.0,4873.8099999999995,1,3028,2011-08-18 08:49:00,2011-08-18 08:49:00,0.0,0.0,4873.8099999999995,0.0,114,1,4873.8099999999995,2,1,4,214,Regular Customers
12689.0,1247.61,2,628,2011-08-04 10:04:00,2011-11-14 08:31:00,0.0,0.0,1247.61,0.0,26,2,1247.61,3,2,3,323,Potential Loyalists
12690.0,389.01,1,106,2011-05-18 09:09:00,2011-05-18 09:09:00,0.0,0.0,389.01,0.0,206,1,389.01,2,1,2,212,Regular Customers
12691.0,1170.4,7,445,2010-10-15 12:00:00,2011-11-11 16:49:00,0.0,0.0,1170.4,0.0,28,7,1170.4,3,3,3,333,Champions
12692.0,110.95,1,36,2010-03-12 14:02:00,2010-03-12 14:02:00,0.0,0.0,110.95,0.0,637,1,110.95,1,1,1,111,Lost Customers
12693.0,1703.02,7,536,2010-07-05 13:56:00,2011-08-04 17:51:00,62.6,4.0,1640.42,3.675822949818558,127,7,1640.42,2,3,3,233,At Risk
12694.0,1843.35,3,1355,2010-10-14 19:39:00,2011-09-30 13:06:00,3.9,1.0,1839.4499999999998,0.21157132394824643,70,3,1839.4499999999998,3,2,3,323,Potential Loyalists
12695.0,1407.1200000000001,7,454,2010-02-12 13:22:00,2011-12-02 13:22:00,0.0,0.0,1407.1200000000001,0.0,7,7,1407.1200000000001,4,3,3,433,Champions
12696.0,851.91,2,564,2010-07-19 10:02:00,2010-10-01 10:43:00,50.76,1.0,801.15,5.958375884776561,435,2,801.15,1,2,2,122,Lost Customers
12697.0,957.59,3,508,2011-06-23 15:44:00,2011-11-11 08:47:00,18.57,2.0,939.02,1.9392433087229397,29,3,939.02,3,2,3,323,Potential Loyalists
12698.0,339.75,1,111,2010-04-28 15:51:00,2010-04-28 15:51:00,0.0,0.0,339.75,0.0,590,1,339.75,1,1,2,112,Lost Customers
12699.0,638.11,1,373,2010-10-18 12:07:00,2010-10-18 12:07:00,0.0,0.0,638.11,0.0,418,1,638.11,1,1,2,112,Lost Customers
12700.0,4939.99,4,2967,2011-05-08 16:10:00,2011-12-02 10:47:00,72.0,2.0,4867.99,1.4574928289328521,8,4,4867.99,4,3,4,434,Champions
12701.0,2446.41,6,1727,2010-03-16 13:23:00,2011-09-21 10:47:00,0.0,0.0,2446.41,0.0,80,6,2446.41,3,3,4,334,Champions
12702.0,219.0,1,53,2011-11-20 10:36:00,2011-11-20 10:36:00,0.0,0.0,219.0,0.0,20,1,219.0,4,1,1,411,Potential Loyalists
12703.0,1006.53,4,595,2010-01-24 12:05:00,2011-09-29 17:52:00,114.35,3.0,892.18,11.360813885328803,71,4,892.18,3,3,3,333,Champions
12704.0,2340.84,8,1006,2011-06-23 10:20:00,2011-12-02 13:15:00,120.0,2.0,2220.84,5.126364894653202,7,8,2220.84,4,4,4,444,Champions
12705.0,11762.1,14,7188,2010-06-24 09:51:00,2011-11-24 13:17:00,208.1,8.0,11554.0,1.7692418870779876,15,14,11554.0,4,4,4,444,Champions
12707.0,603.42,1,256,2011-02-21 08:38:00,2011-02-21 08:38:00,0.0,0.0,603.42,0.0,292,1,603.42,2,1,2,212,Regular Customers
12708.0,5117.66,18,2432,2009-12-18 10:25:00,2011-11-10 09:52:00,195.94,12.0,4921.72,3.8287029619005564,30,18,4921.72,3,4,4,344,Champions
12709.0,30291.76,34,13772,2009-12-09 13:49:00,2011-11-24 15:38:00,780.73,21.0,29511.03,2.577367574548326,15,34,29511.03,4,4,4,444,Champions
12710.0,1149.02,3,851,2011-05-22 14:05:00,2011-09-04 12:00:00,18.45,1.0,1130.57,1.6057161755234897,97,3,1130.57,2,2,3,223,Regular Customers
12711.0,1339.05,2,770,2010-02-01 11:30:00,2010-04-07 11:59:00,0.0,0.0,1339.05,0.0,612,2,1339.05,1,2,3,123,Lost Customers
12712.0,6723.03,21,2205,2009-12-09 10:46:00,2011-11-11 08:19:00,201.25,7.0,6521.78,2.9934419450753604,29,21,6521.78,3,4,4,344,Champions
12713.0,848.55,1,508,2011-12-09 12:16:00,2011-12-09 12:16:00,0.0,0.0,848.55,0.0,1,1,848.55,4,1,3,413,Potential Loyalists
12714.0,14093.71,12,8774,2009-12-04 10:00:00,2011-11-30 15:43:00,0.0,0.0,14093.71,0.0,9,12,14093.71,4,4,4,444,Champions
12715.0,343.36,1,192,2011-08-25 15:22:00,2011-08-25 15:22:00,0.0,0.0,343.36,0.0,106,1,343.36,2,1,2,212,Regular Customers
12716.0,1053.49,2,708,2011-07-29 13:28:00,2011-12-06 08:55:00,0.0,0.0,1053.49,0.0,4,2,1053.49,4,2,3,423,Potential Loyalists
12717.0,1308.91,3,600,2010-04-28 14:34:00,2011-07-11 14:47:00,50.0,1.0,1258.91,3.819972343400233,151,3,1258.91,2,2,3,223,Regular Customers
12718.0,238.25,1,203,2011-09-29 16:38:00,2011-09-29 16:38:00,0.0,0.0,238.25,0.0,71,1,238.25,3,1,1,311,Potential Loyalists
12719.0,644.95,2,374,2011-10-05 14:50:00,2011-12-04 13:45:00,36.85000000000001,1.0,608.1,5.713621210946586,5,2,608.1,4,2,2,422,Potential Loyalists
12720.0,7787.28,30,6018,2010-07-21 09:46:00,2011-12-07 08:03:00,212.79,11.0,7574.49,2.732533053903288,3,30,7574.49,4,4,4,444,Champions
12721.0,4013.08,8,2655,2010-08-25 11:07:00,2011-11-08 12:13:00,79.25,2.0,3933.83,1.9747924287579617,32,8,3933.83,3,4,4,344,Champions
12722.0,997.63,4,566,2011-07-12 11:55:00,2011-09-15 14:50:00,93.3,2.0,904.33,9.352164630173512,85,4,904.33,3,3,3,333,Champions
12723.0,725.07,5,434,2011-10-05 15:52:00,2011-12-06 10:19:00,0.0,0.0,725.07,0.0,4,5,725.07,4,3,2,432,Loyal Customers
12724.0,2317.52,7,1379,2010-06-22 14:00:00,2011-12-04 16:02:00,0.0,0.0,2317.52,0.0,5,7,2317.52,4,3,4,434,Champions
12725.0,2266.76,4,1142,2010-05-04 13:59:00,2010-12-03 15:45:00,0.0,0.0,2266.76,0.0,371,4,2266.76,2,3,4,234,At Risk
12726.0,4014.6,11,4618,2010-03-25 16:25:00,2011-11-11 13:35:00,0.0,0.0,4014.6,0.0,28,11,4014.6,3,4,4,344,Champions
12727.0,5679.53,10,2832,2010-02-23 09:54:00,2011-11-29 11:46:00,33.0,2.0,5646.53,0.5810339940100677,11,10,5646.53,4,4,4,444,Champions
12728.0,1070.17,5,543,2010-11-21 11:34:00,2011-09-29 15:31:00,0.0,0.0,1070.17,0.0,71,5,1070.17,3,3,3,333,Champions
12729.0,453.01,1,233,2011-08-18 11:40:00,2011-08-18 11:40:00,0.0,0.0,453.01,0.0,114,1,453.01,2,1,2,212,Regular Customers
12730.0,829.25,1,234,2010-07-06 12:19:00,2010-07-06 12:19:00,0.0,0.0,829.25,0.0,522,1,829.25,1,1,2,112,Lost Customers
12731.0,25775.71,17,11641,2010-03-02 09:23:00,2011-11-16 11:59:00,102.5,2.0,25673.21,0.39766120894438994,24,17,25673.21,4,4,4,444,Champions
12732.0,236.26000000000002,1,111,2011-06-13 11:33:00,2011-06-13 11:33:00,0.0,0.0,236.26000000000002,0.0,180,1,236.26000000000002,2,1,1,211,Regular Customers
12733.0,2424.87,4,896,2010-01-19 13:23:00,2011-04-19 16:19:00,98.05,2.0,2326.8199999999997,4.043515734864137,234,4,2326.8199999999997,2,3,4,234,At Risk
12734.0,639.65,3,265,2010-11-12 13:26:00,2010-12-22 12:47:00,0.0,0.0,639.65,0.0,353,3,639.65,2,2,2,222,Regular Customers
12735.0,779.5699999999999,2,368,2011-01-06 14:26:00,2011-01-28 13:37:00,0.0,0.0,779.5699999999999,0.0,315,2,779.5699999999999,2,2,2,222,Regular Customers
12736.0,234.0,1,173,2011-01-11 07:57:00,2011-01-11 07:57:00,0.0,0.0,234.0,0.0,333,1,234.0,2,1,1,211,Regular Customers
12737.0,3710.5,2,2,2010-07-29 12:27:00,2010-07-29 12:29:00,0.0,0.0,3710.5,0.0,499,2,3710.5,1,2,4,124,Lost Customers
12738.0,155.35,1,148,2010-12-02 18:27:00,2010-12-02 18:27:00,0.0,0.0,155.35,0.0,372,1,155.35,2,1,1,211,Regular Customers
12739.0,2726.73,4,951,2010-11-10 14:27:00,2011-09-22 13:00:00,0.0,0.0,2726.73,0.0,78,4,2726.73,3,3,4,334,Champions
12740.0,427.6,1,342,2011-10-07 10:44:00,2011-10-07 10:44:00,0.0,0.0,427.6,0.0,64,1,427.6,3,1,2,312,Potential Loyalists
12741.0,406.07,2,214,2010-06-24 16:24:00,2010-06-28 14:36:00,0.0,0.0,406.07,0.0,529,2,406.07,1,2,2,122,Lost Customers
12742.0,1201.52,1,1359,2010-03-24 12:43:00,2010-03-24 12:43:00,16.5,1.0,1185.02,1.3732605366535722,626,1,1185.02,1,1,3,113,Lost Customers
12743.0,540.13,2,315,2011-07-28 16:06:00,2011-07-28 16:21:00,0.0,0.0,540.13,0.0,134,2,540.13,2,2,2,222,Regular Customers
12744.0,25317.06,11,6994,2010-04-27 16:19:00,2011-10-19 11:18:00,12158.9,3.0,13158.160000000002,48.02650860723954,52,11,13158.160000000002,3,4,4,344,Champions
12745.0,925.41,3,468,2010-01-26 16:22:00,2010-08-10 10:14:00,0.0,0.0,925.41,0.0,487,3,925.41,1,2,3,123,Lost Customers
12746.0,254.55,1,97,2010-06-17 10:41:00,2010-06-17 10:41:00,23.700000000000003,2.0,230.85000000000002,9.310548025928108,541,1,230.85000000000002,1,1,1,111,Lost Customers
12747.0,8898.48,26,2640,2009-12-07 13:23:00,2011-12-07 14:34:00,111.95,6.0,8786.529999999999,1.2580800316458542,2,26,8786.529999999999,4,4,4,444,Champions
12748.0,53539.64,336,37109,2009-12-04 17:31:00,2011-12-09 12:20:00,6606.3099999999995,28.0,46933.33,12.339100524396503,1,336,46933.33,4,4,4,444,Champions
12749.0,6897.36,9,2360,2010-07-06 15:05:00,2011-12-06 09:56:00,568.87,7.0,6328.49,8.24764837561038,4,9,6328.49,4,4,4,444,Champions
12750.0,275.88,1,137,2011-08-03 09:13:00,2011-08-03 09:13:00,0.0,0.0,275.88,0.0,129,1,275.88,2,1,1,211,Regular Customers
12751.0,268.27,1,189,2010-09-21 12:49:00,2010-09-21 12:49:00,0.0,0.0,268.27,0.0,445,1,268.27,1,1,1,111,Lost Customers
12752.0,4366.78,1,2262,2011-09-19 13:32:00,2011-09-19 13:32:00,0.0,0.0,4366.78,0.0,81,1,4366.78,3,1,4,314,Potential Loyalists
12753.0,21429.39,6,11421,2010-12-12 11:44:00,2011-11-17 10:52:00,405.38,5.0,21024.01,1.891701070352446,23,6,21024.01,4,3,4,434,Champions
12754.0,3010.74,3,6481,2011-02-04 10:31:00,2011-04-18 09:00:00,61.620000000000005,2.0,2949.12,2.0466729109786965,236,3,2949.12,2,2,4,224,Regular Customers
12755.0,5236.259999999999,11,2293,2010-01-15 11:57:00,2011-03-04 12:42:00,2624.3099999999995,11.0,2611.95,50.118023169208556,281,11,2611.95,2,4,4,244,At Risk
12756.0,112.07999999999998,1,144,2011-09-14 09:31:00,2011-09-14 09:31:00,0.0,0.0,112.07999999999998,0.0,87,1,112.07999999999998,3,1,1,311,Potential Loyalists
12757.0,7834.650000000001,13,2395,2011-05-12 19:01:00,2011-11-24 12:30:00,3629.4,6.0,4205.25,46.32497941835309,16,13,4205.25,4,4,4,444,Champions
12758.0,9903.24,7,6155,2009-12-01 14:40:00,2011-08-15 10:22:00,124.24,1.0,9779.0,1.2545389185761429,117,7,9779.0,2,3,4,234,At Risk
12759.0,5020.74,8,3202,2009-12-04 10:47:00,2011-10-18 14:49:00,0.0,0.0,5020.74,0.0,52,8,5020.74,3,4,4,344,Champions
12760.0,347.8,1,198,2010-09-10 08:50:00,2010-09-10 08:50:00,0.0,0.0,347.8,0.0,456,1,347.8,1,1,2,112,Lost Customers
12761.0,782.95,2,281,2010-09-01 10:47:00,2010-09-08 12:17:00,0.0,0.0,782.95,0.0,458,2,782.95,1,2,2,122,Lost Customers
12762.0,1898.52,2,1227,2011-11-14 14:23:00,2011-12-02 10:23:00,0.0,0.0,1898.52,0.0,8,2,1898.52,4,2,3,423,Potential Loyalists
12763.0,494.08,2,316,2010-12-05 15:46:00,2011-07-24 14:12:00,0.0,0.0,494.08,0.0,138,2,494.08,2,2,2,222,Regular Customers
12764.0,1693.88,1,386,2011-01-27 10:19:00,2011-01-27 10:19:00,0.0,0.0,1693.88,0.0,317,1,1693.88,2,1,3,213,Regular Customers
12765.0,1404.58,6,1009,2010-03-08 09:43:00,2010-08-24 13:51:00,0.0,0.0,1404.58,0.0,472,6,1404.58,1,3,3,133,At Risk
12766.0,8918.99,9,5022,2010-10-28 09:29:00,2011-12-06 08:46:00,41.849999999999994,2.0,8877.14,0.46922353315790233,4,9,8877.14,4,4,4,444,Champions
12767.0,949.82,1,598,2010-11-29 09:38:00,2010-11-29 09:38:00,0.0,0.0,949.82,0.0,376,1,949.82,2,1,3,213,Regular Customers
12769.0,1143.6,1,356,2011-04-15 10:25:00,2011-04-15 10:25:00,0.0,0.0,1143.6,0.0,239,1,1143.6,2,1,3,213,Regular Customers
12770.0,3246.45,2,1843,2010-09-09 11:43:00,2011-05-13 09:33:00,270.5,5.0,2975.95,8.332178225446258,211,2,2975.95,2,2,4,224,Regular Customers
12771.0,282.3,1,104,2010-08-11 11:51:00,2010-08-11 11:51:00,19.8,1.0,262.5,7.0138150903294365,486,1,262.5,1,1,1,111,Lost Customers
12772.0,892.47,1,556,2011-10-11 09:19:00,2011-10-11 09:19:00,0.0,0.0,892.47,0.0,60,1,892.47,3,1,3,313,Potential Loyalists
12774.0,98.7,1,53,2010-06-22 10:38:00,2010-06-22 10:38:00,0.0,0.0,98.7,0.0,536,1,98.7,1,1,1,111,Lost Customers
12775.0,1686.12,7,1083,2010-10-26 14:24:00,2011-11-22 16:33:00,34.8,1.0,1651.32,2.0639100419898937,17,7,1651.32,4,3,3,433,Champions
12776.0,55.5,1,46,2010-02-10 12:11:00,2010-02-10 12:11:00,0.0,0.0,55.5,0.0,668,1,55.5,1,1,1,111,Lost Customers
12777.0,519.45,1,458,2010-09-08 11:35:00,2010-09-08 11:35:00,0.0,0.0,519.45,0.0,458,1,519.45,1,1,2,112,Lost Customers
12778.0,1775.68,9,1735,2010-04-16 09:57:00,2011-11-20 11:30:00,18.0,1.0,1757.68,1.0136961614705353,20,9,1757.68,4,4,3,443,Champions
12779.0,6474.11,14,3501,2009-12-03 07:25:00,2011-11-02 11:43:00,315.51,7.0,6158.599999999999,4.873411171574162,38,14,6158.599999999999,3,4,4,344,Champions
12780.0,337.4,1,285,2010-04-20 09:40:00,2010-04-20 09:40:00,0.0,0.0,337.4,0.0,599,1,337.4,1,1,2,112,Lost Customers
12781.0,826.74,2,671,2011-02-28 08:43:00,2011-10-07 10:37:00,119.02,3.0,707.72,14.396303553717008,64,2,707.72,3,2,2,322,Potential Loyalists
12782.0,4618.24,11,2017,2010-07-08 13:31:00,2011-12-05 09:16:00,92.2,3.0,4526.04,1.9964315410199558,5,11,4526.04,4,4,4,444,Champions
12783.0,2225.91,6,624,2011-09-25 15:35:00,2011-12-07 15:56:00,622.04,2.0,1603.87,27.94542456792952,2,6,1603.87,4,3,3,433,Champions
12784.0,1763.15,3,862,2010-06-28 13:06:00,2011-11-30 15:38:00,0.0,0.0,1763.15,0.0,9,3,1763.15,4,2,3,423,Potential Loyalists
12785.0,1100.4,3,453,2009-12-08 13:56:00,2010-12-10 13:48:00,21.090000000000003,2.0,1079.3100000000002,1.9165757906215923,364,3,1079.3100000000002,2,2,3,223,Regular Customers
12786.0,728.5,1,324,2010-04-09 12:12:00,2010-04-09 12:12:00,0.0,0.0,728.5,0.0,610,1,728.5,1,1,2,112,Lost Customers
12787.0,862.18,4,510,2010-10-22 14:57:00,2011-11-30 08:44:00,3.0,1.0,859.18,0.3479551833723816,10,4,859.18,4,3,3,433,Champions
12788.0,444.9,4,194,2010-06-29 13:05:00,2010-09-02 14:21:00,0.0,0.0,444.9,0.0,463,4,444.9,1,3,2,132,Regular Customers
12789.0,273.35,3,36,2010-01-15 12:06:00,2011-10-05 13:34:00,0.0,0.0,273.35,0.0,65,3,273.35,3,2,1,321,Potential Loyalists
12790.0,591.85,2,306,2010-10-25 13:04:00,2011-05-31 14:14:00,28.4,1.0,563.45,4.79851313677452,192,2,563.45,2,2,2,222,Regular Customers
12791.0,863.51,6,353,2010-03-25 17:29:00,2010-12-01 11:27:00,278.36,2.0,585.15,32.235874512165466,374,6,585.15,2,3,2,232,Regular Customers
12792.0,827.01,2,394,2010-06-23 10:49:00,2011-03-28 11:36:00,13.13,1.0,813.88,1.5876470659363249,257,2,813.88,2,2,2,222,Regular Customers
12793.0,885.53,3,461,2010-11-03 13:05:00,2011-01-09 12:12:00,0.0,0.0,885.53,0.0,335,3,885.53,2,2,3,223,Regular Customers
12794.0,860.41,2,592,2011-09-02 12:01:00,2011-10-17 14:54:00,0.0,0.0,860.41,0.0,53,2,860.41,3,2,3,323,Potential Loyalists
12795.0,430.48,1,68,2011-11-21 10:27:00,2011-11-21 10:27:00,0.0,0.0,430.48,0.0,19,1,430.48,4,1,2,412,Potential Loyalists
12796.0,381.0,1,182,2010-03-21 15:49:00,2010-03-21 15:49:00,0.0,0.0,381.0,0.0,628,1,381.0,1,1,2,112,Lost Customers
12797.0,552.08,2,215,2010-10-11 12:53:00,2010-12-09 10:55:00,80.65,4.0,471.43000000000006,14.608390088392987,366,2,471.43000000000006,2,2,2,222,Regular Customers
12798.0,8510.93,4,8455,2010-10-14 12:27:00,2011-11-29 15:52:00,0.0,0.0,8510.93,0.0,10,4,8510.93,4,3,4,434,Champions
12799.0,219.35,1,137,2010-06-28 15:57:00,2010-06-28 15:57:00,0.0,0.0,219.35,0.0,529,1,219.35,1,1,1,111,Lost Customers
12800.0,584.25,3,284,2010-02-01 11:02:00,2010-08-26 14:11:00,0.0,0.0,584.25,0.0,470,3,584.25,1,2,2,122,Lost Customers
12801.0,1071.82,1,505,2010-07-27 09:38:00,2010-07-27 09:38:00,39.95,1.0,1031.87,3.7273049579220396,501,1,1031.87,1,1,3,113,Lost Customers
12802.0,2416.42,7,1972,2010-05-25 09:34:00,2011-06-06 09:36:00,66.0,2.0,2350.42,2.7313132650780907,187,7,2350.42,2,3,4,234,At Risk
12803.0,1092.81,1,872,2010-11-11 14:57:00,2010-11-11 14:57:00,0.0,0.0,1092.81,0.0,393,1,1092.81,1,1,3,113,Lost Customers
12804.0,325.37,2,270,2010-07-27 13:52:00,2010-08-31 11:58:00,0.0,0.0,325.37,0.0,466,2,325.37,1,2,1,121,Lost Customers
12805.0,1434.95,4,593,2010-02-03 09:06:00,2010-11-23 12:27:00,0.0,0.0,1434.95,0.0,382,4,1434.95,1,3,3,133,At Risk
12806.0,2878.96,4,2087,2010-04-30 10:44:00,2010-09-30 13:34:00,0.0,0.0,2878.96,0.0,435,4,2878.96,1,3,4,134,At Risk
12807.0,330.35,1,145,2010-11-21 14:21:00,2010-11-21 14:21:00,60.4,2.0,269.95000000000005,18.283638565158164,383,1,269.95000000000005,1,1,1,111,Lost Customers
12808.0,776.7,5,322,2010-09-03 10:24:00,2011-11-03 10:05:00,0.0,0.0,776.7,0.0,37,5,776.7,3,3,2,332,Loyal Customers
12809.0,1755.94,3,518,2010-03-02 14:19:00,2011-06-15 10:51:00,50.6,5.0,1705.3400000000001,2.8816474367005704,178,3,1705.3400000000001,2,2,3,223,Regular Customers
12810.0,534.99,2,389,2010-02-01 09:52:00,2010-06-23 10:53:00,0.0,0.0,534.99,0.0,535,2,534.99,1,2,2,122,Lost Customers
12811.0,1033.9,5,435,2010-10-08 12:20:00,2011-03-24 09:42:00,0.0,0.0,1033.9,0.0,261,5,1033.9,2,3,3,233,At Risk
12812.0,229.64000000000001,1,164,2011-10-26 09:54:00,2011-10-26 09:54:00,0.0,0.0,229.64000000000001,0.0,45,1,229.64000000000001,3,1,1,311,Potential Loyalists
12813.0,1687.8,3,1141,2010-01-15 16:52:00,2010-07-26 09:50:00,0.0,0.0,1687.8,0.0,502,3,1687.8,1,2,3,123,Lost Customers
12814.0,125.92,1,49,2011-08-30 12:11:00,2011-08-30 12:11:00,0.0,0.0,125.92,0.0,102,1,125.92,2,1,1,211,Regular Customers
12815.0,1063.46,2,379,2011-05-25 13:34:00,2011-07-15 10:21:00,0.0,0.0,1063.46,0.0,148,2,1063.46,2,2,3,223,Regular Customers
12816.0,572.2,2,128,2011-06-16 13:24:00,2011-09-05 12:41:00,0.0,0.0,572.2,0.0,96,2,572.2,2,2,2,222,Regular Customers
12817.0,690.98,3,219,2010-10-01 08:57:00,2011-03-03 16:28:00,0.0,0.0,690.98,0.0,281,3,690.98,2,2,2,222,Regular Customers
12818.0,1542.08,1,929,2011-03-23 12:06:00,2011-03-23 12:06:00,24.2,1.0,1517.8799999999999,1.5693089852666529,262,1,1517.8799999999999,2,1,3,213,Regular Customers
12819.0,540.52,1,344,2010-09-07 15:20:00,2010-09-07 15:20:00,0.0,0.0,540.52,0.0,458,1,540.52,1,1,2,112,Lost Customers
12820.0,2689.52,11,1964,2009-12-05 13:37:00,2011-12-06 15:12:00,41.58,2.0,2647.94,1.5460007733722,3,11,2647.94,4,4,4,444,Champions
12821.0,220.8,2,162,2010-04-07 15:14:00,2011-05-09 15:51:00,0.0,0.0,220.8,0.0,214,2,220.8,2,2,1,221,Regular Customers
12822.0,948.88,2,550,2011-09-13 13:46:00,2011-09-30 10:04:00,29.9,1.0,918.98,3.151083382514122,71,2,918.98,3,2,3,323,Potential Loyalists
12823.0,6501.5,18,930,2010-01-29 12:52:00,2011-09-26 07:35:00,0.0,0.0,6501.5,0.0,75,18,6501.5,3,4,4,344,Champions
12824.0,397.12,1,232,2011-10-11 12:49:00,2011-10-11 12:49:00,0.0,0.0,397.12,0.0,60,1,397.12,3,1,2,312,Potential Loyalists
12825.0,518.63,2,139,2010-03-08 10:17:00,2010-07-06 13:56:00,0.0,0.0,518.63,0.0,521,2,518.63,1,2,2,122,Lost Customers
12826.0,2800.75,12,1915,2009-12-18 10:43:00,2011-12-07 10:25:00,27.06,3.0,2773.69,0.9661697759528697,3,12,2773.69,4,4,4,444,Champions
12827.0,430.15000000000003,3,197,2011-10-26 15:44:00,2011-12-04 12:17:00,0.0,0.0,430.15000000000003,0.0,6,3,430.15000000000003,4,2,2,422,Potential Loyalists
12828.0,1018.71,6,494,2011-08-01 16:16:00,2011-12-07 08:45:00,0.0,0.0,1018.71,0.0,3,6,1018.71,4,3,3,433,Champions
12829.0,385.3,3,550,2010-06-07 15:04:00,2011-01-07 11:13:00,39.95,1.0,345.35,10.368543991694784,337,3,345.35,2,2,2,222,Regular Customers
12830.0,6814.64,6,9848,2011-06-21 10:53:00,2011-11-02 11:54:00,66.24,1.0,6748.400000000001,0.9720249345526689,38,6,6748.400000000001,3,3,4,334,Champions
12831.0,451.11,3,303,2010-09-02 15:58:00,2011-03-22 13:02:00,0.0,0.0,451.11,0.0,262,3,451.11,2,2,2,222,Regular Customers
12832.0,383.03,2,195,2011-09-02 13:48:00,2011-11-07 13:30:00,0.0,0.0,383.03,0.0,32,2,383.03,3,2,2,322,Potential Loyalists
12833.0,417.38,1,156,2011-07-17 13:46:00,2011-07-17 13:46:00,0.0,0.0,417.38,0.0,145,1,417.38,2,1,2,212,Regular Customers
12834.0,312.38,1,110,2011-03-02 09:49:00,2011-03-02 09:49:00,0.0,0.0,312.38,0.0,283,1,312.38,2,1,1,211,Regular Customers
12835.0,5996.83,41,2349,2009-12-03 12:13:00,2010-10-08 10:59:00,24.64,8.0,5972.19,0.4108837502480477,428,41,5972.19,1,4,4,144,At Risk
12836.0,6559.7300000000005,15,2231,2009-12-01 14:19:00,2011-10-11 15:10:00,39.15,2.0,6520.580000000001,0.5968233448632794,59,15,6520.580000000001,3,4,4,344,Champions
12837.0,662.66,2,194,2010-05-19 15:10:00,2011-06-19 16:07:00,0.0,0.0,662.66,0.0,173,2,662.66,2,2,2,222,Regular Customers
12838.0,2975.91,10,1606,2010-04-26 09:59:00,2011-11-06 12:20:00,22.450000000000003,2.0,2953.46,0.7543910938166815,34,10,2953.46,3,4,4,344,Champions
12839.0,9669.12,26,6578,2009-12-07 09:18:00,2011-12-07 12:33:00,143.9,5.0,9525.220000000001,1.488242983849616,3,26,9525.220000000001,4,4,4,444,Champions
12840.0,4041.97,7,2258,2010-02-03 14:51:00,2011-07-19 09:29:00,28.1,4.0,4013.87,0.695205555706747,144,7,4013.87,2,3,4,234,At Risk
12841.0,6958.2,40,5008,2010-07-08 15:38:00,2011-12-05 11:13:00,150.20000000000002,2.0,6808.0,2.1586042367278897,5,40,6808.0,4,4,4,444,Champions
12842.0,1917.99,4,887,2009-12-02 08:15:00,2011-09-30 15:33:00,0.0,0.0,1917.99,0.0,70,4,1917.99,3,3,3,333,Champions
12843.0,6583.36,30,3028,2009-12-13 11:41:00,2011-10-05 12:09:00,242.8,4.0,6340.5599999999995,3.68808632673893,66,30,6340.5599999999995,3,4,4,344,Champions
12844.0,648.6,4,223,2010-04-25 11:51:00,2011-11-10 13:31:00,0.0,0.0,648.6,0.0,29,4,648.6,3,3,2,332,Loyal Customers
12845.0,354.09,4,204,2011-02-22 14:10:00,2011-03-17 13:34:00,0.0,0.0,354.09,0.0,267,4,354.09,2,3,2,232,Regular Customers
12846.0,15.58,1,1,2010-01-26 16:29:00,2010-01-26 16:29:00,0.0,0.0,15.58,0.0,682,1,15.58,1,1,1,111,Lost Customers
12847.0,1609.0,2,1497,2010-11-17 12:44:00,2011-11-17 13:16:00,0.0,0.0,1609.0,0.0,22,2,1609.0,4,2,3,423,Potential Loyalists
12848.0,208.0,1,58,2010-02-02 12:45:00,2010-02-02 12:45:00,0.0,0.0,208.0,0.0,676,1,208.0,1,1,1,111,Lost Customers
12849.0,3042.47,6,1855,2010-04-27 13:44:00,2011-11-08 13:41:00,0.0,0.0,3042.47,0.0,31,6,3042.47,3,3,4,334,Champions
12850.0,330.0,1,200,2010-09-20 12:26:00,2010-09-20 12:26:00,0.0,0.0,330.0,0.0,446,1,330.0,1,1,1,111,Lost Customers
12851.0,280.76,2,157,2010-08-19 15:13:00,2011-09-04 12:41:00,0.0,0.0,280.76,0.0,97,2,280.76,2,2,1,221,Regular Customers
12852.0,311.55,1,149,2011-02-18 08:47:00,2011-02-18 08:47:00,11.8,1.0,299.75,3.787514042689777,295,1,299.75,2,1,1,211,Regular Customers
12853.0,3907.5,11,1668,2010-02-05 11:57:00,2011-07-28 11:29:00,179.0,5.0,3728.5,4.580934101087652,135,11,3728.5,2,4,4,244,At Risk
12854.0,2970.9700000000003,7,1630,2009-12-11 12:55:00,2011-09-22 12:15:00,71.65,4.0,2899.32,2.411670262574176,79,7,2899.32,3,3,4,334,Champions
12855.0,612.84,4,240,2010-11-02 18:16:00,2010-12-02 09:37:00,0.0,0.0,612.84,0.0,373,4,612.84,2,3,2,232,Regular Customers
12856.0,2170.78,6,1076,2011-10-07 12:38:00,2011-12-02 10:52:00,17.25,2.0,2153.53,0.7946452427238135,8,6,2153.53,4,3,3,433,Champions
12857.0,3688.0,6,1420,2010-01-25 15:37:00,2011-05-13 10:20:00,3.75,1.0,3684.25,0.10168112798264642,211,6,3684.25,2,3,4,234,At Risk
12858.0,147.27,1,51,2010-11-21 12:55:00,2010-11-21 12:55:00,26.19,1.0,121.08000000000001,17.783662660419637,383,1,121.08000000000001,1,1,1,111,Lost Customers
12859.0,575.1,1,292,2010-09-07 12:20:00,2010-09-07 12:20:00,0.0,0.0,575.1,0.0,459,1,575.1,1,1,2,112,Lost Customers
12860.0,54.22,1,26,2010-01-15 15:22:00,2010-01-15 15:22:00,0.0,0.0,54.22,0.0,693,1,54.22,1,1,1,111,Lost Customers
12861.0,68.25,1,27,2010-03-30 11:39:00,2010-03-30 11:39:00,0.0,0.0,68.25,0.0,620,1,68.25,1,1,1,111,Lost Customers
12862.0,984.62,2,611,2010-08-01 15:20:00,2010-10-10 11:47:00,0.0,0.0,984.62,0.0,426,2,984.62,1,2,3,123,Lost Customers
12863.0,2792.5499999999997,6,895,2010-04-29 13:54:00,2011-10-18 14:15:00,17.0,1.0,2775.5499999999997,0.6087626004905912,52,6,2775.5499999999997,3,3,4,334,Champions
12864.0,299.57,2,447,2010-07-19 17:22:00,2011-07-24 13:03:00,0.0,0.0,299.57,0.0,138,2,299.57,2,2,1,221,Regular Customers
12865.0,3323.47,4,1973,2010-08-20 12:20:00,2011-11-13 14:31:00,20.16,1.0,3303.31,0.6065949143515663,26,4,3303.31,3,3,4,334,Champions
12866.0,1227.35,3,553,2010-07-25 11:37:00,2011-03-01 14:11:00,0.0,0.0,1227.35,0.0,283,3,1227.35,2,2,3,223,Regular Customers
12867.0,7829.26,13,7876,2009-12-16 16:25:00,2011-11-13 15:30:00,50.6,3.0,7778.66,0.6462935194386187,26,13,7778.66,3,4,4,344,Champions
12868.0,2043.76,8,1170,2010-11-12 10:05:00,2011-06-07 10:42:00,0.0,0.0,2043.76,0.0,186,8,2043.76,2,4,3,243,At Risk
12869.0,337.66999999999996,1,144,2010-01-27 12:10:00,2010-01-27 12:10:00,0.0,0.0,337.66999999999996,0.0,682,1,337.66999999999996,1,1,2,112,Lost Customers
12870.0,1676.95,3,906,2010-03-25 14:32:00,2010-11-29 13:42:00,14.899999999999999,1.0,1662.05,0.8885178448969855,375,3,1662.05,2,2,3,223,Regular Customers
12871.0,744.02,3,484,2010-09-26 10:34:00,2011-09-16 15:07:00,0.0,0.0,744.02,0.0,84,3,744.02,3,2,2,322,Potential Loyalists
12872.0,3283.96,12,1642,2009-12-03 20:03:00,2011-01-17 10:52:00,7.15,1.0,3276.81,0.21772494183851204,327,12,3276.81,2,4,4,244,At Risk
12873.0,2027.3,3,786,2010-01-27 09:50:00,2011-03-02 14:58:00,0.0,0.0,2027.3,0.0,282,3,2027.3,2,2,3,223,Regular Customers
12874.0,948.42,2,623,2010-06-03 12:51:00,2010-11-19 15:23:00,15.0,1.0,933.42,1.5815777819953185,385,2,933.42,1,2,3,123,Lost Customers
12875.0,1356.99,5,5187,2010-01-11 12:37:00,2011-07-19 15:30:00,0.0,0.0,1356.99,0.0,143,5,1356.99,2,3,3,233,At Risk
12876.0,4081.79,4,3047,2010-04-28 13:26:00,2011-10-13 12:26:00,13.2,1.0,4068.59,0.323387533410587,58,4,4068.59,3,3,4,334,Champions
12877.0,2942.14,20,2237,2010-01-18 10:23:00,2011-12-06 10:30:00,0.0,0.0,2942.14,0.0,4,20,2942.14,4,4,4,444,Champions
12878.0,854.99,2,547,2011-03-18 14:02:00,2011-04-17 13:07:00,13.35,1.0,841.64,1.5614217710148657,236,2,841.64,2,2,2,222,Regular Customers
12879.0,573.22,3,370,2011-09-09 12:11:00,2011-10-26 12:24:00,20.650000000000002,1.0,552.57,3.6024562995010645,45,3,552.57,3,2,2,322,Potential Loyalists
12880.0,640.13,2,279,2010-05-14 11:57:00,2010-11-23 10:50:00,0.0,0.0,640.13,0.0,382,2,640.13,1,2,2,122,Lost Customers
12881.0,298.0,1,21,2011-03-09 11:44:00,2011-03-09 11:44:00,0.0,0.0,298.0,0.0,276,1,298.0,2,1,1,211,Regular Customers
12882.0,1463.04,2,246,2011-11-06 11:22:00,2011-11-30 16:18:00,0.0,0.0,1463.04,0.0,9,2,1463.04,4,2,3,423,Potential Loyalists
12883.0,703.47,4,196,2011-09-11 15:18:00,2011-11-15 09:32:00,0.0,0.0,703.47,0.0,25,4,703.47,4,3,2,432,Loyal Customers
12884.0,309.05,1,43,2011-09-12 13:10:00,2011-09-12 13:10:00,0.0,0.0,309.05,0.0,88,1,309.05,3,1,1,311,Potential Loyalists
12885.0,1175.22,3,655,2011-08-08 11:45:00,2011-10-07 13:40:00,16.95,1.0,1158.27,1.4422831469852453,63,3,1158.27,3,2,3,323,Potential Loyalists
12886.0,1378.4,2,770,2011-05-04 11:21:00,2011-10-03 10:09:00,27.310000000000002,1.0,1351.0900000000001,1.9812826465467208,68,2,1351.0900000000001,3,2,3,323,Potential Loyalists
12887.0,222.4,1,100,2010-11-21 11:18:00,2010-11-21 11:18:00,0.0,0.0,222.4,0.0,384,1,222.4,1,1,1,111,Lost Customers
12888.0,354.12,2,76,2011-03-29 14:31:00,2011-05-09 16:02:00,40.349999999999994,2.0,313.77,11.39444256184344,214,2,313.77,2,2,1,221,Regular Customers
12889.0,385.46000000000004,4,124,2010-07-25 14:32:00,2010-11-23 16:08:00,19.8,2.0,365.66,5.136719763399574,381,4,365.66,1,3,2,132,Regular Customers
12890.0,706.02,2,457,2010-11-17 14:05:00,2011-11-15 17:26:00,0.0,0.0,706.02,0.0,24,2,706.02,4,2,2,422,Potential Loyalists
12891.0,840.5,11,2325,2010-02-18 14:32:00,2011-06-07 12:31:00,21.0,1.0,819.5,2.498512790005949,186,11,819.5,2,4,2,242,Regular Customers
12892.0,263.38,1,140,2010-11-08 09:51:00,2010-11-08 09:51:00,0.0,0.0,263.38,0.0,397,1,263.38,1,1,1,111,Lost Customers
12893.0,176.55,1,90,2011-11-09 12:34:00,2011-11-09 12:34:00,0.0,0.0,176.55,0.0,31,1,176.55,3,1,1,311,Potential Loyalists
12894.0,157.35,1,33,2010-05-13 14:47:00,2010-05-13 14:47:00,0.0,0.0,157.35,0.0,575,1,157.35,1,1,1,111,Lost Customers
12895.0,372.8,2,210,2011-09-14 08:35:00,2011-10-28 13:51:00,25.5,1.0,347.3,6.840128755364806,42,2,347.3,3,2,2,322,Potential Loyalists
12897.0,514.25,4,249,2010-06-14 11:58:00,2011-05-19 12:13:00,0.0,0.0,514.25,0.0,205,4,514.25,2,3,2,232,Regular Customers
12898.0,296.21000000000004,2,235,2010-02-18 12:36:00,2010-09-02 08:08:00,0.0,0.0,296.21000000000004,0.0,464,2,296.21000000000004,1,2,1,121,Lost Customers
12899.0,366.4,1,108,2010-10-22 09:53:00,2010-10-22 09:53:00,0.0,0.0,366.4,0.0,414,1,366.4,1,1,2,112,Lost Customers
12900.0,340.33,1,139,2010-10-13 15:17:00,2010-10-13 15:17:00,0.0,0.0,340.33,0.0,422,1,340.33,1,1,2,112,Lost Customers
12901.0,17654.54,28,23075,2011-03-14 10:41:00,2011-12-01 10:07:00,1361.44,8.0,16293.1,7.711557480398809,9,28,16293.1,4,4,4,444,Champions
12902.0,138.68,1,66,2011-03-20 12:06:00,2011-03-20 12:06:00,0.0,0.0,138.68,0.0,265,1,138.68,2,1,1,211,Regular Customers
12903.0,833.53,1,493,2010-10-07 12:39:00,2010-10-07 12:39:00,0.0,0.0,833.53,0.0,429,1,833.53,1,1,2,112,Lost Customers
12904.0,496.06,2,294,2011-06-20 13:18:00,2011-11-21 14:34:00,0.0,0.0,496.06,0.0,18,2,496.06,4,2,2,422,Potential Loyalists
12905.0,1018.42,2,532,2010-01-26 14:06:00,2010-05-12 10:05:00,6.6,1.0,1011.8199999999999,0.6480626853361089,577,2,1011.8199999999999,1,2,3,123,Lost Customers
12906.0,2919.81,5,1749,2011-09-22 15:03:00,2011-11-28 09:55:00,0.0,0.0,2919.81,0.0,12,5,2919.81,4,3,4,434,Champions
12907.0,508.91,2,177,2010-08-02 14:33:00,2010-11-09 12:08:00,68.55000000000001,1.0,440.36,13.469965219783461,396,2,440.36,1,2,2,122,Lost Customers
12908.0,1776.0,5,3000,2010-03-19 15:59:00,2011-06-16 15:39:00,504.0,2.0,1272.0,28.37837837837838,176,5,1272.0,2,3,3,233,At Risk
12909.0,3103.19,8,1948,2010-02-24 12:14:00,2011-10-31 12:43:00,68.42,5.0,3034.77,2.2048279351248232,40,8,3034.77,3,4,4,344,Champions
12910.0,5796.52,13,3632,2010-03-28 13:10:00,2011-11-16 14:28:00,49.5,1.0,5747.02,0.853960652253421,23,13,5747.02,4,4,4,444,Champions
12911.0,1651.72,1,807,2010-06-06 12:13:00,2010-06-06 12:13:00,0.0,0.0,1651.72,0.0,552,1,1651.72,1,1,3,113,Lost Customers
12912.0,1662.3,5,670,2011-10-30 11:35:00,2011-12-07 08:55:00,0.0,0.0,1662.3,0.0,3,5,1662.3,4,3,3,433,Champions
12913.0,6283.24,13,3086,2009-12-01 12:18:00,2011-12-05 12:11:00,0.0,0.0,6283.24,0.0,5,13,6283.24,4,4,4,444,Champions
12914.0,223.98,1,336,2010-11-04 12:28:00,2010-11-04 12:28:00,0.0,0.0,223.98,0.0,401,1,223.98,1,1,1,111,Lost Customers
12915.0,975.1,4,411,2010-04-29 19:36:00,2011-07-14 11:34:00,89.9,4.0,885.2,9.219567223874476,149,4,885.2,2,3,3,233,At Risk
12916.0,4479.73,7,1681,2010-01-24 11:26:00,2011-07-24 10:35:00,23.799999999999997,1.0,4455.929999999999,0.5312820192288374,139,7,4455.929999999999,2,3,4,234,At Risk
12917.0,4359.2,6,1104,2009-12-09 14:22:00,2011-08-03 16:42:00,29.700000000000003,2.0,4329.5,0.6813176729675171,128,6,4329.5,2,3,4,234,At Risk
12919.0,1335.19,6,673,2011-06-23 09:22:00,2011-12-01 13:47:00,33.75,2.0,1301.44,2.5277301357859177,8,6,1301.44,4,3,3,433,Champions
12920.0,486.64,4,420,2009-12-14 15:58:00,2011-11-22 15:05:00,0.0,0.0,486.64,0.0,17,4,486.64,4,3,2,432,Loyal Customers
12921.0,35233.24,74,21328,2009-12-01 13:43:00,2011-11-30 16:22:00,1281.59,29.0,33951.65,3.6374457756368703,9,74,33951.65,4,4,4,444,Champions
12922.0,405.38,1,370,2011-07-01 15:35:00,2011-07-01 15:35:00,0.0,0.0,405.38,0.0,161,1,405.38,2,1,2,212,Regular Customers
12923.0,770.42,3,230,2010-05-13 14:55:00,2011-10-06 16:20:00,0.0,0.0,770.42,0.0,64,3,770.42,3,2,2,322,Potential Loyalists
12924.0,2469.4,12,1423,2009-12-09 12:40:00,2011-09-12 13:55:00,46.25,2.0,2423.15,1.8729245970681134,88,12,2423.15,3,4,4,344,Champions
12925.0,729.3299999999999,3,649,2010-04-26 10:32:00,2011-12-05 11:11:00,0.0,0.0,729.3299999999999,0.0,5,3,729.3299999999999,4,2,2,422,Potential Loyalists
12926.0,1523.97,4,754,2009-12-14 14:35:00,2010-10-24 15:57:00,0.0,0.0,1523.97,0.0,411,4,1523.97,1,3,3,133,At Risk
12927.0,197.31,1,145,2010-11-10 10:02:00,2010-11-10 10:02:00,0.0,0.0,197.31,0.0,395,1,197.31,1,1,1,111,Lost Customers
12928.0,4304.89,12,2899,2010-06-08 10:16:00,2011-11-04 14:24:00,0.0,0.0,4304.89,0.0,35,12,4304.89,3,4,4,344,Champions
12929.0,117.85,1,37,2011-02-01 12:08:00,2011-02-01 12:08:00,12.75,1.0,105.1,10.818837505303353,312,1,105.1,2,1,1,211,Regular Customers
12930.0,415.8,2,252,2011-06-21 13:25:00,2011-09-22 15:18:00,5.9,2.0,409.90000000000003,1.418951418951419,78,2,409.90000000000003,3,2,2,322,Potential Loyalists
12931.0,92347.34,57,62906,2009-12-01 11:46:00,2011-11-18 12:39:00,21047.670000000002,14.0,71299.67,22.791853019264014,22,57,71299.67,4,4,4,444,Champions
12932.0,1698.56,8,1609,2010-02-10 08:46:00,2010-06-18 14:22:00,0.0,0.0,1698.56,0.0,539,8,1698.56,1,4,3,143,At Risk
12933.0,1636.6299999999999,8,949,2009-12-10 16:39:00,2011-11-15 16:38:00,59.75,3.0,1576.8799999999999,3.6507946206534165,24,8,1576.8799999999999,4,4,3,443,Champions
12934.0,181.65,1,31,2009-12-03 10:51:00,2009-12-03 10:51:00,0.0,0.0,181.65,0.0,737,1,181.65,1,1,1,111,Lost Customers
12935.0,4243.86,15,3201,2010-04-11 15:59:00,2011-12-07 17:25:00,61.849999999999994,4.0,4182.009999999999,1.457399631467579,2,15,4182.009999999999,4,4,4,444,Champions
12936.0,1063.9,4,559,2011-09-22 13:51:00,2011-11-22 17:32:00,51.0,1.0,1012.9000000000001,4.793683616881285,17,4,1012.9000000000001,4,3,3,433,Champions
12937.0,3097.61,9,1983,2009-12-03 15:43:00,2011-11-24 15:05:00,0.0,0.0,3097.61,0.0,15,9,3097.61,4,4,4,444,Champions
12938.0,114.14,1,140,2011-11-14 11:21:00,2011-11-14 11:21:00,0.0,0.0,114.14,0.0,26,1,114.14,3,1,1,311,Potential Loyalists
12939.0,25264.8,20,10328,2010-01-12 11:27:00,2011-10-06 14:33:00,0.0,0.0,25264.8,0.0,64,20,25264.8,3,4,4,344,Champions
12940.0,899.69,2,404,2011-09-13 10:16:00,2011-10-16 12:09:00,37.25,2.0,862.44,4.140314997387988,55,2,862.44,3,2,3,323,Potential Loyalists
12941.0,377.49,1,381,2009-12-15 13:12:00,2009-12-15 13:12:00,0.0,0.0,377.49,0.0,724,1,377.49,1,1,2,112,Lost Customers
12942.0,675.6,3,198,2010-12-09 09:34:00,2011-07-31 14:39:00,0.0,0.0,675.6,0.0,131,3,675.6,2,2,2,222,Regular Customers
12943.0,496.5,2,222,2010-04-13 11:03:00,2010-05-30 13:52:00,7.5,2.0,489.0,1.5105740181268883,558,2,489.0,1,2,2,122,Lost Customers
12944.0,604.51,2,289,2010-12-20 10:41:00,2011-11-04 11:04:00,0.0,0.0,604.51,0.0,36,2,604.51,3,2,2,322,Potential Loyalists
12945.0,900.11,2,446,2010-02-21 15:18:00,2011-02-24 14:15:00,0.0,0.0,900.11,0.0,288,2,900.11,2,2,3,223,Regular Customers
12946.0,324.45,1,149,2010-09-29 10:14:00,2010-09-29 10:14:00,0.0,0.0,324.45,0.0,437,1,324.45,1,1,1,111,Lost Customers
12947.0,1603.99,6,1165,2010-12-01 16:21:00,2011-07-19 10:06:00,196.7,5.0,1407.29,12.263168722997026,144,6,1407.29,2,3,3,233,At Risk
12948.0,2317.43,9,1304,2009-12-02 12:28:00,2011-11-23 17:10:00,11.25,1.0,2306.18,0.48545155624981123,16,9,2306.18,4,4,4,444,Champions
12949.0,15526.7,22,8233,2009-12-03 15:56:00,2011-11-09 11:25:00,135.7,6.0,15391.0,0.8739783727385727,31,22,15391.0,3,4,4,344,Champions
12950.0,1843.0,3,1380,2011-11-15 13:48:00,2011-12-07 13:17:00,0.0,0.0,1843.0,0.0,2,3,1843.0,4,2,3,423,Potential Loyalists
12951.0,3213.7200000000003,15,1662,2010-01-10 12:43:00,2011-12-01 12:14:00,49.3,5.0,3164.42,1.5340477701853301,9,15,3164.42,4,4,4,444,Champions
12952.0,1387.79,4,653,2011-09-22 16:37:00,2011-12-04 10:35:00,4.95,1.0,1382.84,0.3566822069621485,6,4,1382.84,4,3,3,433,Champions
12953.0,828.8100000000001,2,364,2010-07-05 13:37:00,2011-11-30 09:24:00,0.0,0.0,828.8100000000001,0.0,10,2,828.8100000000001,4,2,2,422,Potential Loyalists
12954.0,162.45,1,83,2010-03-11 10:16:00,2010-03-11 10:16:00,0.0,0.0,162.45,0.0,639,1,162.45,1,1,1,111,Lost Customers
12955.0,4757.16,11,3664,2011-03-17 09:03:00,2011-12-08 16:29:00,22.9,3.0,4734.26,0.48137964667995187,1,11,4734.26,4,4,4,444,Champions
12956.0,521.89,4,340,2009-12-15 19:03:00,2011-02-06 16:08:00,0.0,0.0,521.89,0.0,306,4,521.89,2,3,2,232,Regular Customers
12957.0,8706.97,13,4686,2009-12-11 12:01:00,2011-11-30 09:53:00,78.55,8.0,8628.42,0.9021508056189467,10,13,8628.42,4,4,4,444,Champions
12958.0,467.34,2,118,2010-05-05 16:22:00,2010-11-04 16:16:00,0.0,0.0,467.34,0.0,400,2,467.34,1,2,2,122,Lost Customers
12959.0,150.95,1,109,2010-08-12 17:20:00,2010-08-12 17:20:00,17.6,1.0,133.35,11.659489897316993,484,1,133.35,1,1,1,111,Lost Customers
12960.0,1322.07,4,1379,2010-02-16 13:32:00,2010-10-22 09:31:00,0.0,0.0,1322.07,0.0,414,4,1322.07,1,3,3,133,At Risk
12961.0,211.99,1,180,2010-11-25 16:44:00,2010-11-25 16:44:00,0.0,0.0,211.99,0.0,379,1,211.99,2,1,1,211,Regular Customers
12962.0,266.39,2,129,2011-08-18 13:38:00,2011-12-02 15:55:00,0.0,0.0,266.39,0.0,7,2,266.39,4,2,1,421,Potential Loyalists
12963.0,3235.79,12,1637,2010-07-08 14:45:00,2011-12-01 12:55:00,88.80000000000001,2.0,3146.99,2.744306645363266,8,12,3146.99,4,4,4,444,Champions
12964.0,132.24,1,56,2010-09-28 17:47:00,2010-09-28 17:47:00,0.0,0.0,132.24,0.0,437,1,132.24,1,1,1,111,Lost Customers
12965.0,769.8100000000001,1,282,2011-09-11 15:31:00,2011-09-11 15:31:00,0.0,0.0,769.8100000000001,0.0,89,1,769.8100000000001,3,1,2,312,Potential Loyalists
12966.0,160.18,1,75,2011-11-30 12:38:00,2011-11-30 12:38:00,0.0,0.0,160.18,0.0,10,1,160.18,4,1,1,411,Potential Loyalists
12967.0,2938.52,3,912,2010-11-21 11:03:00,2010-12-16 19:10:00,466.15,2.0,2472.37,15.863427848032341,358,3,2472.37,2,2,4,224,Regular Customers
12968.0,135.95,1,73,2011-08-19 15:44:00,2011-08-19 15:44:00,0.0,0.0,135.95,0.0,112,1,135.95,2,1,1,211,Regular Customers
12969.0,122.45,1,55,2010-04-16 10:50:00,2010-04-16 10:50:00,0.0,0.0,122.45,0.0,603,1,122.45,1,1,1,111,Lost Customers
12970.0,1453.6,10,954,2009-12-04 14:19:00,2011-12-02 14:30:00,0.0,0.0,1453.6,0.0,7,10,1453.6,4,4,3,443,Champions
12971.0,15704.6,116,14306,2009-12-15 19:04:00,2011-12-06 12:20:00,490.05,4.0,15214.550000000001,3.120423315461712,4,116,15214.550000000001,4,4,4,444,Champions
12972.0,1161.2,4,844,2010-02-16 14:30:00,2010-10-22 08:41:00,45.25,2.0,1115.95,3.8968308646228036,414,4,1115.95,1,3,3,133,At Risk
12973.0,385.55,1,31,2010-10-22 10:14:00,2010-10-22 10:14:00,0.0,0.0,385.55,0.0,414,1,385.55,1,1,2,112,Lost Customers
12974.0,408.95,2,104,2010-05-23 11:45:00,2011-05-26 09:33:00,0.0,0.0,408.95,0.0,198,2,408.95,2,2,2,222,Regular Customers
12975.0,2100.09,6,911,2009-12-06 10:38:00,2010-09-29 09:46:00,106.1,2.0,1993.9900000000002,5.052164431048192,437,6,1993.9900000000002,1,3,3,133,At Risk
12976.0,3156.38,8,2684,2010-02-12 15:46:00,2011-05-12 09:55:00,0.0,0.0,3156.38,0.0,212,8,3156.38,2,4,4,244,At Risk
12977.0,513.88,4,128,2010-07-16 16:25:00,2011-07-06 16:40:00,0.0,0.0,513.88,0.0,156,4,513.88,2,3,2,232,Regular Customers
12978.0,2502.82,5,1394,2009-12-10 12:10:00,2010-11-19 14:29:00,6.75,1.0,2496.07,0.26969578315659937,385,5,2496.07,1,3,4,134,At Risk
12979.0,517.7,1,520,2009-12-10 15:45:00,2009-12-10 15:45:00,38.160000000000004,1.0,479.54,7.371064322966969,729,1,479.54,1,1,2,112,Lost Customers
12980.0,16245.78,21,1910,2009-12-02 11:26:00,2011-07-05 09:34:00,336.39,5.0,15909.390000000001,2.070630034384314,158,21,15909.390000000001,2,4,4,244,At Risk
12981.0,372.21999999999997,2,242,2011-07-29 14:14:00,2011-11-10 12:00:00,0.0,0.0,372.21999999999997,0.0,30,2,372.21999999999997,3,2,2,322,Potential Loyalists
12982.0,2744.81,8,1729,2010-04-12 13:50:00,2011-04-11 11:51:00,182.69,9.0,2562.12,6.655834101449646,243,8,2562.12,2,4,4,244,At Risk
12983.0,490.08000000000004,1,638,2010-04-20 12:58:00,2010-04-20 12:58:00,0.0,0.0,490.08000000000004,0.0,598,1,490.08000000000004,1,1,2,112,Lost Customers
12984.0,97.5,1,26,2011-11-21 12:37:00,2011-11-21 12:37:00,0.0,0.0,97.5,0.0,19,1,97.5,4,1,1,411,Potential Loyalists
12985.0,1239.38,2,1533,2011-11-11 12:44:00,2011-12-09 10:46:00,23.759999999999998,1.0,1215.6200000000001,1.9170875760460873,1,2,1215.6200000000001,4,2,3,423,Potential Loyalists
12986.0,2729.84,10,1164,2010-01-21 10:45:00,2010-10-07 11:57:00,731.5,2.0,1998.3400000000001,26.79644228233156,429,10,1998.3400000000001,1,4,3,143,At Risk
12987.0,1312.21,5,585,2010-01-20 09:57:00,2011-09-27 12:03:00,13.7,1.0,1298.51,1.0440402069790657,74,5,1298.51,3,3,3,333,Champions
12988.0,505.82,1,126,2011-02-20 14:31:00,2011-02-20 14:31:00,0.0,0.0,505.82,0.0,292,1,505.82,2,1,2,212,Regular Customers
12989.0,13551.75,33,6935,2009-12-10 13:27:00,2011-12-06 15:28:00,704.95,6.0,12846.8,5.2019111922814405,3,33,12846.8,4,4,4,444,Champions
12990.0,955.5,7,480,2010-03-30 11:36:00,2011-11-08 13:01:00,0.0,0.0,955.5,0.0,31,7,955.5,3,3,3,333,Champions
12991.0,764.82,3,483,2010-11-15 13:43:00,2011-11-16 15:34:00,0.0,0.0,764.82,0.0,23,3,764.82,4,2,2,422,Potential Loyalists
12992.0,93.35000000000001,1,21,2009-12-14 16:46:00,2009-12-14 16:46:00,0.0,0.0,93.35000000000001,0.0,725,1,93.35000000000001,1,1,1,111,Lost Customers
12993.0,1259.6299999999999,8,751,2010-02-18 10:35:00,2011-11-16 15:49:00,68.37,2.0,1191.2599999999998,5.427784349372436,23,8,1191.2599999999998,4,4,3,443,Champions
12994.0,974.4200000000001,3,459,2011-03-16 08:31:00,2011-12-05 15:43:00,72.2,2.0,902.22,7.409535929065496,4,3,902.22,4,2,3,423,Potential Loyalists
12995.0,211.32,1,108,2011-09-15 15:44:00,2011-09-15 15:44:00,10.6,1.0,200.72,5.016089343176225,85,1,200.72,3,1,1,311,Potential Loyalists
12996.0,355.5,1,122,2010-11-29 09:27:00,2010-11-29 09:27:00,0.0,0.0,355.5,0.0,376,1,355.5,2,1,2,212,Regular Customers
12997.0,2110.91,8,1186,2010-04-06 11:06:00,2011-11-17 15:47:00,45.8,8.0,2065.1099999999997,2.1696803748146536,22,8,2065.1099999999997,4,4,3,443,Champions
12998.0,920.08,3,1124,2010-02-24 11:55:00,2010-08-04 08:05:00,22.7,1.0,897.38,2.467176767237631,493,3,897.38,1,2,3,123,Lost Customers
12999.0,455.88,3,342,2011-04-08 10:26:00,2011-05-27 13:24:00,0.0,0.0,455.88,0.0,196,3,455.88,2,2,2,222,Regular Customers
13000.0,1032.5,4,548,2009-12-14 17:03:00,2011-08-25 10:43:00,67.5,1.0,965.0,6.5375302663438255,107,4,965.0,2,3,3,233,At Risk
13001.0,24042.65,33,13448,2009-12-03 16:21:00,2011-12-05 14:51:00,36.05,4.0,24006.600000000002,0.14994187412785195,4,33,24006.600000000002,4,4,4,444,Champions
13002.0,414.13,3,201,2010-10-01 11:58:00,2011-01-25 15:18:00,0.0,0.0,414.13,0.0,318,3,414.13,2,2,2,222,Regular Customers
13003.0,149.05,3,103,2011-05-09 08:23:00,2011-08-26 10:50:00,0.0,0.0,149.05,0.0,106,3,149.05,2,2,1,221,Regular Customers
13004.0,11650.85,36,8768,2009-12-15 09:44:00,2011-11-28 11:27:00,506.86,10.0,11143.99,4.350412201684856,12,36,11143.99,4,4,4,444,Champions
13005.0,999.68,4,462,2010-09-08 12:52:00,2011-06-19 10:53:00,64.64999999999999,2.0,935.03,6.4670694622279115,174,4,935.03,2,3,3,233,At Risk
13006.0,81.57,1,55,2011-10-14 13:49:00,2011-10-14 13:49:00,0.0,0.0,81.57,0.0,56,1,81.57,3,1,1,311,Potential Loyalists
13007.0,175.25,1,59,2010-05-09 10:38:00,2010-05-09 10:38:00,0.0,0.0,175.25,0.0,580,1,175.25,1,1,1,111,Lost Customers
13008.0,612.13,3,379,2009-12-16 16:07:00,2011-01-20 14:24:00,68.85,4.0,543.28,11.247610801627104,323,3,543.28,2,2,2,222,Regular Customers
13009.0,234.0,1,120,2010-02-05 12:22:00,2010-02-05 12:22:00,0.0,0.0,234.0,0.0,673,1,234.0,1,1,1,111,Lost Customers
13010.0,330.12,2,323,2010-03-01 11:28:00,2010-11-30 15:09:00,0.0,0.0,330.12,0.0,374,2,330.12,2,2,1,221,Regular Customers
13011.0,50.550000000000004,1,13,2010-12-02 17:22:00,2010-12-02 17:22:00,0.0,0.0,50.550000000000004,0.0,372,1,50.550000000000004,2,1,1,211,Regular Customers
13012.0,2957.83,11,1559,2010-04-26 14:14:00,2011-11-30 13:05:00,381.65,4.0,2576.18,12.903040404620954,9,11,2576.18,4,4,4,444,Champions
13013.0,11097.43,29,5661,2009-12-14 10:34:00,2011-12-08 15:01:00,23.95,2.0,11073.48,0.21581573391316727,1,29,11073.48,4,4,4,444,Champions
13014.0,5381.08,11,1979,2010-10-03 11:35:00,2011-11-29 12:27:00,160.25,7.0,5220.83,2.9780267158265628,11,11,5220.83,4,4,4,444,Champions
13015.0,6579.78,11,3527,2010-04-15 16:35:00,2011-10-17 13:19:00,120.69999999999999,3.0,6459.08,1.8344078373441055,53,11,6459.08,3,4,4,344,Champions
13016.0,789.89,3,527,2011-08-08 15:00:00,2011-09-27 14:08:00,0.0,0.0,789.89,0.0,73,3,789.89,3,2,2,322,Potential Loyalists
13017.0,204.0,1,48,2011-12-02 15:53:00,2011-12-02 15:53:00,0.0,0.0,204.0,0.0,7,1,204.0,4,1,1,411,Potential Loyalists
13018.0,9763.16,35,6746,2010-03-01 12:34:00,2011-11-23 13:28:00,20.35,2.0,9742.81,0.20843661273604042,16,35,9742.81,4,4,4,444,Champions
13019.0,1229.95,6,397,2009-12-06 15:40:00,2010-11-25 14:56:00,17.0,2.0,1212.95,1.38217000691085,379,6,1212.95,2,3,3,233,At Risk
13020.0,618.96,2,278,2010-02-18 10:35:00,2010-05-26 11:12:00,12.0,3.0,606.96,1.9387359441644048,563,2,606.96,1,2,2,122,Lost Customers
13021.0,4887.24,17,2546,2009-12-05 12:02:00,2011-12-05 16:37:00,80.58,7.0,4806.66,1.6487833623885875,4,17,4806.66,4,4,4,444,Champions
13022.0,65.3,1,35,2010-10-06 10:50:00,2010-10-06 10:50:00,0.0,0.0,65.3,0.0,430,1,65.3,1,1,1,111,Lost Customers
13023.0,1449.03,3,585,2010-06-29 09:51:00,2011-10-06 16:27:00,0.0,0.0,1449.03,0.0,64,3,1449.03,3,2,3,323,Potential Loyalists
13024.0,555.87,2,181,2010-05-06 14:25:00,2010-08-26 09:42:00,20.45,1.0,535.42,3.6789177325633693,471,2,535.42,1,2,2,122,Lost Customers
13025.0,323.39,1,241,2009-12-08 10:02:00,2009-12-08 10:02:00,0.0,0.0,323.39,0.0,732,1,323.39,1,1,1,111,Lost Customers
13026.0,1733.08,9,2466,2009-12-13 11:34:00,2011-12-08 16:58:00,42.96,4.0,1690.12,2.4788238280979527,1,9,1690.12,4,4,3,443,Champions
13027.0,17239.2,19,42840,2010-01-20 10:41:00,2011-08-18 09:39:00,187.2,4.0,17052.0,1.085897257413337,114,19,17052.0,2,4,4,244,At Risk
13028.0,661.3199999999999,2,798,2011-10-25 14:09:00,2011-11-17 11:10:00,1.6400000000000001,1.0,659.68,0.24798887074336182,23,2,659.68,4,2,2,422,Potential Loyalists
13029.0,1927.3,5,194,2010-07-04 13:46:00,2011-11-09 09:13:00,0.0,0.0,1927.3,0.0,31,5,1927.3,3,3,3,333,Champions
13030.0,752.4399999999999,2,348,2010-12-06 14:31:00,2011-11-28 14:30:00,0.0,0.0,752.4399999999999,0.0,11,2,752.4399999999999,4,2,2,422,Potential Loyalists
13031.0,3292.84,5,2309,2010-06-03 14:57:00,2010-10-28 15:34:00,0.0,0.0,3292.84,0.0,407,5,3292.84,1,3,4,134,At Risk
13032.0,2815.96,9,1274,2010-09-05 14:01:00,2011-10-18 15:54:00,25.96,2.0,2790.0,0.9218880950013495,52,9,2790.0,3,4,4,344,Champions
13033.0,220.55,2,98,2010-10-06 09:37:00,2010-12-17 14:23:00,0.0,0.0,220.55,0.0,357,2,220.55,2,2,1,221,Regular Customers
13034.0,756.82,3,406,2010-11-03 15:22:00,2011-10-16 12:21:00,0.0,0.0,756.82,0.0,55,3,756.82,3,2,2,322,Potential Loyalists
13035.0,1364.2,3,926,2010-10-04 15:41:00,2011-09-27 08:57:00,35.25,1.0,1328.95,2.5839319747837557,74,3,1328.95,3,2,3,323,Potential Loyalists
13036.0,307.1,1,38,2010-01-24 11:35:00,2010-01-24 11:35:00,0.0,0.0,307.1,0.0,685,1,307.1,1,1,1,111,Lost Customers
13037.0,3914.9500000000003,12,2130,2009-12-03 17:04:00,2011-07-24 15:46:00,72.4,4.0,3842.55,1.8493211918415304,138,12,3842.55,2,4,4,244,At Risk
13038.0,908.46,3,360,2011-02-22 11:43:00,2011-09-20 14:37:00,0.0,0.0,908.46,0.0,80,3,908.46,3,2,3,323,Potential Loyalists
13039.0,1010.73,4,290,2009-12-17 16:43:00,2010-05-04 16:45:00,0.0,0.0,1010.73,0.0,584,4,1010.73,1,3,3,133,At Risk
13040.0,676.99,2,355,2011-11-06 13:53:00,2011-12-01 10:38:00,0.0,0.0,676.99,0.0,9,2,676.99,4,2,2,422,Potential Loyalists
13041.0,799.13,4,335,2010-04-29 08:43:00,2010-09-15 11:44:00,0.0,0.0,799.13,0.0,451,4,799.13,1,3,2,132,Regular Customers
13042.0,1488.59,3,812,2009-12-07 15:42:00,2010-04-20 13:43:00,33.75,1.0,1454.84,2.267246185988083,598,3,1454.84,1,2,3,123,Lost Customers
13043.0,516.42,1,254,2011-03-11 14:52:00,2011-03-11 14:52:00,44.849999999999994,1.0,471.56999999999994,8.684791448820727,273,1,471.56999999999994,2,1,2,212,Regular Customers
13044.0,4848.05,11,2548,2010-01-08 14:46:00,2011-02-21 15:20:00,29.7,2.0,4818.35,0.6126174441270201,291,11,4818.35,2,4,4,244,At Risk
13045.0,808.92,3,405,2010-08-10 13:02:00,2011-09-01 15:04:00,0.0,0.0,808.92,0.0,99,3,808.92,2,2,2,222,Regular Customers
13046.0,949.25,3,505,2010-09-09 13:09:00,2011-11-09 08:36:00,0.0,0.0,949.25,0.0,31,3,949.25,3,2,3,323,Potential Loyalists
13047.0,8428.53,24,3328,2009-12-16 11:43:00,2011-11-08 12:06:00,328.44,18.0,8100.090000000001,3.8967649163021303,32,24,8100.090000000001,3,4,4,344,Champions
13048.0,4049.13,9,2661,2010-01-27 12:55:00,2011-11-25 13:23:00,49.05,4.0,4000.08,1.2113713316193848,14,9,4000.08,4,4,4,444,Champions
13049.0,1408.24,4,620,2010-11-03 15:39:00,2011-10-06 15:31:00,24.1,1.0,1384.14,1.7113560188604215,64,4,1384.14,3,3,3,333,Champions
13050.0,11986.52,35,7015,2009-12-15 15:06:00,2011-11-25 09:18:00,522.09,22.0,11464.43,4.355642838788906,15,35,11464.43,4,4,4,444,Champions
13051.0,155.8,2,72,2010-03-30 11:11:00,2010-05-10 09:14:00,0.0,0.0,155.8,0.0,579,2,155.8,1,2,1,121,Lost Customers
13052.0,3119.33,7,1424,2010-02-23 12:31:00,2011-05-11 14:12:00,0.0,0.0,3119.33,0.0,212,7,3119.33,2,3,4,234,At Risk
13053.0,127.65,1,47,2010-03-28 11:28:00,2010-03-28 11:28:00,0.0,0.0,127.65,0.0,622,1,127.65,1,1,1,111,Lost Customers
13055.0,2321.11,4,1821,2010-10-06 08:17:00,2011-09-22 14:26:00,28.6,2.0,2292.51,1.2321690915122505,78,4,2292.51,3,3,4,334,Champions
13056.0,209.48,1,158,2010-06-06 14:10:00,2010-06-06 14:10:00,0.0,0.0,209.48,0.0,551,1,209.48,1,1,1,111,Lost Customers
13057.0,709.59,3,456,2010-03-18 12:14:00,2010-06-27 15:44:00,181.34999999999997,1.0,528.24,25.5570117955439,530,3,528.24,1,2,2,122,Lost Customers
13058.0,271.40000000000003,3,52,2011-07-11 12:01:00,2011-11-15 12:43:00,0.0,0.0,271.40000000000003,0.0,25,3,271.40000000000003,4,2,1,421,Potential Loyalists
13059.0,2291.77,10,860,2010-03-31 12:23:00,2011-04-04 10:40:00,30.55,2.0,2261.22,1.3330308015202224,250,10,2261.22,2,4,4,244,At Risk
13060.0,307.53,1,123,2011-03-31 11:37:00,2011-03-31 11:37:00,0.0,0.0,307.53,0.0,254,1,307.53,2,1,1,211,Regular Customers
13061.0,248.61,1,107,2011-09-28 16:04:00,2011-09-28 16:04:00,0.0,0.0,248.61,0.0,72,1,248.61,3,1,1,311,Potential Loyalists
13062.0,346.98,1,343,2011-06-01 15:12:00,2011-06-01 15:12:00,0.0,0.0,346.98,0.0,191,1,346.98,2,1,2,212,Regular Customers
13063.0,188.4,1,116,2010-08-16 12:27:00,2010-08-16 12:27:00,0.0,0.0,188.4,0.0,481,1,188.4,1,1,1,111,Lost Customers
13064.0,1666.8400000000001,6,668,2010-04-27 10:08:00,2011-11-27 12:31:00,0.0,0.0,1666.8400000000001,0.0,13,6,1666.8400000000001,4,3,3,433,Champions
13065.0,1055.05,5,381,2010-06-10 11:44:00,2010-12-01 16:52:00,4.95,1.0,1050.1,0.4691720771527417,373,5,1050.1,2,3,3,233,At Risk
13066.0,470.8,2,322,2011-11-07 17:06:00,2011-11-15 12:57:00,39.9,1.0,430.90000000000003,8.474936278674596,24,2,430.90000000000003,4,2,2,422,Potential Loyalists
13067.0,508.51,3,131,2010-09-19 13:43:00,2011-09-18 13:38:00,0.0,0.0,508.51,0.0,82,3,508.51,3,2,2,322,Potential Loyalists
13068.0,344.0,2,200,2011-01-24 08:20:00,2011-11-29 15:00:00,0.0,0.0,344.0,0.0,10,2,344.0,4,2,2,422,Potential Loyalists
13069.0,9284.45,38,15171,2010-06-14 14:27:00,2011-12-09 08:39:00,935.66,4.0,8348.79,10.077710580594433,1,38,8348.79,4,4,4,444,Champions
13070.0,751.7,4,372,2009-12-07 14:44:00,2011-05-31 13:45:00,7.8,1.0,743.9000000000001,1.0376479978714912,192,4,743.9000000000001,2,3,2,232,Regular Customers
13071.0,129.22,1,30,2010-04-06 13:37:00,2010-04-06 13:37:00,0.0,0.0,129.22,0.0,612,1,129.22,1,1,1,111,Lost Customers
13072.0,177.15,1,69,2011-03-18 08:12:00,2011-03-18 08:12:00,0.0,0.0,177.15,0.0,267,1,177.15,2,1,1,211,Regular Customers
13073.0,418.08,2,261,2010-09-28 09:27:00,2010-10-24 14:06:00,0.0,0.0,418.08,0.0,411,2,418.08,1,2,2,122,Lost Customers
13074.0,1378.74,4,826,2009-12-16 11:46:00,2010-07-16 16:53:00,15.9,1.0,1362.84,1.1532268593063233,511,4,1362.84,1,3,3,133,At Risk
13075.0,919.61,1,485,2011-08-02 10:19:00,2011-08-02 10:19:00,0.0,0.0,919.61,0.0,130,1,919.61,2,1,3,213,Regular Customers
13076.0,135.4,1,44,2010-09-08 10:27:00,2010-09-08 10:27:00,0.0,0.0,135.4,0.0,458,1,135.4,1,1,1,111,Lost Customers
13077.0,2740.65,11,2468,2009-12-11 11:17:00,2011-12-08 19:24:00,24.5,3.0,2716.15,0.8939485158630252,1,11,2716.15,4,4,4,444,Champions
13078.0,29018.06,57,12032,2009-12-01 09:06:00,2011-12-06 15:36:00,648.62,38.0,28369.440000000002,2.235228681724416,3,57,28369.440000000002,4,4,4,444,Champions
13079.0,419.18,6,158,2010-10-18 14:15:00,2011-12-05 16:53:00,0.0,0.0,419.18,0.0,4,6,419.18,4,3,2,432,Loyal Customers
13080.0,280.73,4,193,2010-04-09 13:07:00,2011-06-13 14:59:00,19.9,1.0,260.83000000000004,7.088661703416093,179,4,260.83000000000004,2,3,1,231,Regular Customers
13081.0,56838.37,28,40077,2009-12-08 13:58:00,2011-11-28 10:54:00,877.0,16.0,55961.37,1.5429717636167257,12,28,55961.37,4,4,4,444,Champions
13082.0,7335.75,21,8466,2009-12-22 15:37:00,2011-08-05 16:16:00,66.83,4.0,7268.92,0.9110179599904576,126,21,7268.92,2,4,4,244,At Risk
13083.0,395.43,3,307,2010-10-10 13:38:00,2011-12-05 15:01:00,0.0,0.0,395.43,0.0,4,3,395.43,4,2,2,422,Potential Loyalists
13084.0,122.39999999999999,1,144,2010-08-05 08:49:00,2010-08-05 08:49:00,5.949999999999999,1.0,116.44999999999999,4.861111111111112,492,1,116.44999999999999,1,1,1,111,Lost Customers
13085.0,2433.28,8,944,2009-12-01 07:45:00,2011-07-05 12:11:00,973.82,2.0,1459.46,40.02087716991058,158,8,1459.46,2,4,3,243,At Risk
13086.0,439.33000000000004,1,155,2010-11-22 10:28:00,2010-11-22 10:28:00,0.0,0.0,439.33000000000004,0.0,383,1,439.33000000000004,1,1,2,112,Lost Customers
13087.0,313.64,1,86,2009-12-13 15:16:00,2009-12-13 15:16:00,0.0,0.0,313.64,0.0,726,1,313.64,1,1,1,111,Lost Customers
13088.0,236.11,1,76,2010-10-18 15:35:00,2010-10-18 15:35:00,0.0,0.0,236.11,0.0,417,1,236.11,1,1,1,111,Lost Customers
13089.0,113416.91,203,58932,2009-12-02 15:44:00,2011-12-07 09:02:00,3523.6699999999996,44.0,109893.24,3.1068294842453383,3,203,109893.24,4,4,4,444,Champions
13090.0,13091.74,24,3247,2010-08-02 13:58:00,2011-12-01 12:39:00,331.81,6.0,12759.93,2.5344988519478697,9,24,12759.93,4,4,4,444,Champions
13092.0,2140.28,12,664,2010-02-10 08:44:00,2011-09-30 11:18:00,132.95000000000002,3.0,2007.3300000000002,6.211804063019792,71,12,2007.3300000000002,3,4,3,343,Champions
13093.0,54144.25,55,25971,2009-12-04 10:32:00,2011-03-09 12:14:00,869.92,33.0,53274.33,1.6066710684883436,276,55,53274.33,2,4,4,244,At Risk
13094.0,2209.44,13,1896,2010-11-15 14:15:00,2011-11-18 14:07:00,218.46,4.0,1990.98,9.887573321746688,21,13,1990.98,4,4,3,443,Champions
13095.0,74.39999999999999,1,144,2011-09-30 12:03:00,2011-09-30 12:03:00,0.0,0.0,74.39999999999999,0.0,71,1,74.39999999999999,3,1,1,311,Potential Loyalists
13096.0,419.70000000000005,1,6,2010-11-10 14:08:00,2010-11-10 14:08:00,0.0,0.0,419.70000000000005,0.0,394,1,419.70000000000005,1,1,2,112,Lost Customers
13097.0,13324.1,28,5345,2009-12-01 13:31:00,2011-11-07 10:43:00,527.49,12.0,12796.61,3.9589165497106746,33,28,12796.61,3,4,4,344,Champions
13098.0,28882.44,28,15968,2011-01-26 13:46:00,2011-12-08 14:14:00,223.56,13.0,28658.879999999997,0.7740343267397076,1,28,28658.879999999997,4,4,4,444,Champions
13099.0,207.35999999999999,1,288,2011-09-01 17:40:00,2011-09-01 17:40:00,0.0,0.0,207.35999999999999,0.0,99,1,207.35999999999999,2,1,1,211,Regular Customers
13101.0,695.4,4,478,2010-01-27 15:49:00,2011-04-19 14:37:00,0.0,0.0,695.4,0.0,234,4,695.4,2,3,2,232,Regular Customers
13102.0,11380.1,37,6366,2010-05-06 13:12:00,2011-12-08 12:52:00,256.8,5.0,11123.300000000001,2.256570680398239,1,37,11123.300000000001,4,4,4,444,Champions
13103.0,709.64,3,426,2010-05-11 14:41:00,2011-10-31 09:38:00,0.0,0.0,709.64,0.0,40,3,709.64,3,2,2,322,Potential Loyalists
13104.0,1709.1,9,834,2010-02-24 15:06:00,2011-12-06 13:10:00,0.0,0.0,1709.1,0.0,3,9,1709.1,4,4,3,443,Champions
13105.0,72.0,1,100,2010-09-29 13:41:00,2010-09-29 13:41:00,0.0,0.0,72.0,0.0,436,1,72.0,1,1,1,111,Lost Customers
13106.0,603.46,2,231,2010-10-22 13:10:00,2011-07-29 15:12:00,17.0,1.0,586.46,2.817088125144997,133,2,586.46,2,2,2,222,Regular Customers
13107.0,5253.07,9,4316,2010-02-04 10:50:00,2011-10-26 14:52:00,143.45000000000002,6.0,5109.62,2.7307840938727264,44,9,5109.62,3,4,4,344,Champions
13108.0,748.46,2,745,2010-09-30 17:09:00,2010-12-02 10:35:00,0.0,0.0,748.46,0.0,373,2,748.46,2,2,2,222,Regular Customers
13109.0,1134.03,3,757,2010-06-06 12:59:00,2011-10-11 10:16:00,26.450000000000003,4.0,1107.58,2.332389795684418,60,3,1107.58,3,2,3,323,Potential Loyalists
13110.0,2957.4700000000003,12,763,2009-12-01 14:14:00,2011-11-08 14:30:00,61.3,2.0,2896.17,2.0727175592651825,31,12,2896.17,3,4,4,344,Champions
13111.0,321.88000000000005,1,180,2009-12-21 09:00:00,2009-12-21 09:00:00,0.0,0.0,321.88000000000005,0.0,719,1,321.88000000000005,1,1,1,111,Lost Customers
13113.0,18230.07,37,4435,2010-03-28 16:13:00,2011-12-09 12:49:00,1993.63,23.0,16236.439999999999,10.935942648602008,1,37,16236.439999999999,4,4,4,444,Champions
13114.0,234.38,1,74,2009-12-09 09:56:00,2009-12-09 09:56:00,0.0,0.0,234.38,0.0,731,1,234.38,1,1,1,111,Lost Customers
13115.0,5494.7,10,3934,2010-04-19 13:29:00,2011-11-28 12:38:00,115.25,13.0,5379.45,2.097475749358473,12,10,5379.45,4,4,4,444,Champions
13116.0,501.14,1,291,2011-07-24 14:33:00,2011-07-24 14:33:00,15.95,1.0,485.19,3.182743345173006,138,1,485.19,2,1,2,212,Regular Customers
13117.0,2255.66,18,1852,2010-03-26 13:50:00,2011-11-18 12:02:00,1.7,1.0,2253.96,0.07536596827536066,22,18,2253.96,4,4,4,444,Champions
13118.0,2415.41,9,834,2010-09-26 15:46:00,2011-11-20 12:46:00,81.31,3.0,2334.1,3.3663022012825983,20,9,2334.1,4,4,4,444,Champions
13119.0,134.9,1,110,2010-02-09 08:38:00,2010-02-09 08:38:00,0.0,0.0,134.9,0.0,669,1,134.9,1,1,1,111,Lost Customers
13120.0,30.599999999999998,1,12,2011-04-15 10:19:00,2011-04-15 10:19:00,0.0,0.0,30.599999999999998,0.0,239,1,30.599999999999998,2,1,1,211,Regular Customers
13121.0,283.73,1,252,2011-03-15 16:47:00,2011-03-15 16:47:00,29.0,1.0,254.73000000000002,10.220984739012442,269,1,254.73000000000002,2,1,1,211,Regular Customers
13122.0,922.39,2,585,2011-04-13 14:12:00,2011-09-06 15:53:00,0.0,0.0,922.39,0.0,94,2,922.39,3,2,3,323,Potential Loyalists
13123.0,506.75,2,268,2010-06-28 12:43:00,2010-08-24 10:18:00,0.0,0.0,506.75,0.0,473,2,506.75,1,2,2,122,Lost Customers
13124.0,4641.66,4,2738,2010-11-19 15:50:00,2011-09-11 12:45:00,0.0,0.0,4641.66,0.0,90,4,4641.66,3,3,4,334,Champions
13125.0,148.62,1,53,2010-07-04 11:58:00,2010-07-04 11:58:00,0.0,0.0,148.62,0.0,524,1,148.62,1,1,1,111,Lost Customers
13126.0,3774.81,13,3289,2010-03-02 12:24:00,2011-12-05 10:00:00,95.78,6.0,3679.0299999999997,2.537346250539762,5,13,3679.0299999999997,4,4,4,444,Champions
13127.0,259.17,1,127,2011-09-23 10:26:00,2011-09-23 10:26:00,0.0,0.0,259.17,0.0,78,1,259.17,3,1,1,311,Potential Loyalists
13128.0,263.5,1,31,2010-03-18 15:08:00,2010-03-18 15:08:00,0.0,0.0,263.5,0.0,631,1,263.5,1,1,1,111,Lost Customers
13129.0,233.25,2,296,2010-06-28 11:54:00,2010-09-13 13:47:00,0.0,0.0,233.25,0.0,452,2,233.25,1,2,1,121,Lost Customers
13130.0,64.0,1,32,2011-09-06 15:30:00,2011-09-06 15:30:00,0.0,0.0,64.0,0.0,94,1,64.0,3,1,1,311,Potential Loyalists
13131.0,3313.77,7,1523,2010-02-09 09:47:00,2011-11-16 13:21:00,34.0,1.0,3279.77,1.026021721483386,23,7,3279.77,4,3,4,434,Champions
13132.0,77.3,1,20,2011-03-23 12:44:00,2011-03-23 12:44:00,0.0,0.0,77.3,0.0,262,1,77.3,2,1,1,211,Regular Customers
13133.0,200.45000000000002,3,55,2010-09-06 15:30:00,2011-03-11 10:31:00,0.0,0.0,200.45000000000002,0.0,274,3,200.45000000000002,2,2,1,221,Regular Customers
13134.0,2475.23,6,1364,2010-10-19 13:21:00,2011-09-15 10:35:00,52.95,3.0,2422.28,2.1391951455016303,86,6,2422.28,3,3,4,334,Champions
13135.0,3371.45,2,4423,2010-08-05 17:28:00,2011-05-27 10:52:00,0.0,0.0,3371.45,0.0,197,2,3371.45,2,2,4,224,Regular Customers
13136.0,6274.56,13,3109,2009-12-08 18:30:00,2011-10-14 13:41:00,176.66,11.0,6097.900000000001,2.8154962260301915,56,13,6097.900000000001,3,4,4,344,Champions
13137.0,7586.94,16,4238,2010-07-25 15:40:00,2011-11-29 12:09:00,45.33,1.0,7541.61,0.5974740804593156,11,16,7541.61,4,4,4,444,Champions
13138.0,1274.01,7,593,2010-11-08 11:45:00,2011-11-17 16:51:00,12.75,1.0,1261.26,1.0007770739633126,22,7,1261.26,4,3,3,433,Champions
13139.0,8202.98,8,4614,2010-09-28 09:12:00,2011-11-23 13:54:00,9.15,1.0,8193.83,0.11154482883049818,16,8,8193.83,4,4,4,444,Champions
13140.0,1054.92,5,572,2010-08-05 19:05:00,2011-08-23 15:33:00,0.0,0.0,1054.92,0.0,108,5,1054.92,2,3,3,233,At Risk
13141.0,7656.08,17,5159,2009-12-09 13:34:00,2011-09-16 09:54:00,131.95000000000002,4.0,7524.13,1.7234668394269654,85,17,7524.13,3,4,4,344,Champions
13142.0,307.09,1,258,2011-11-20 16:07:00,2011-11-20 16:07:00,0.0,0.0,307.09,0.0,19,1,307.09,4,1,1,411,Potential Loyalists
13143.0,405.1,1,198,2010-05-04 12:22:00,2010-05-04 12:22:00,5.9,1.0,399.20000000000005,1.4564305109849418,585,1,399.20000000000005,1,1,2,112,Lost Customers
13144.0,135.35,2,29,2010-10-04 14:14:00,2011-01-11 11:15:00,0.0,0.0,135.35,0.0,333,2,135.35,2,2,1,221,Regular Customers
13145.0,1128.52,7,265,2010-04-19 11:11:00,2011-10-31 12:45:00,3.75,1.0,1124.77,0.332293623506894,40,7,1124.77,3,3,3,333,Champions
13146.0,228.91,1,154,2011-11-13 15:29:00,2011-11-13 15:29:00,0.0,0.0,228.91,0.0,26,1,228.91,3,1,1,311,Potential Loyalists
13147.0,712.8000000000001,4,144,2011-09-01 12:28:00,2011-11-29 13:59:00,0.0,0.0,712.8000000000001,0.0,10,4,712.8000000000001,4,3,2,432,Loyal Customers
13148.0,8497.82,26,4487,2009-12-07 15:26:00,2011-11-10 15:23:00,498.21,10.0,7999.61,5.862797752835433,29,26,7999.61,3,4,4,344,Champions
13149.0,1676.06,4,1280,2011-02-23 13:57:00,2011-11-25 13:09:00,0.0,0.0,1676.06,0.0,14,4,1676.06,4,3,3,433,Champions
13150.0,449.96999999999997,3,171,2010-03-19 09:03:00,2010-08-12 12:59:00,14.95,1.0,435.02,3.32244371847012,484,3,435.02,1,2,2,122,Lost Customers
13151.0,2465.21,3,813,2010-03-22 10:26:00,2011-02-17 12:29:00,69.05,2.0,2396.16,2.800978415631934,296,3,2396.16,2,2,4,224,Regular Customers
13152.0,2146.38,7,977,2010-01-14 10:01:00,2010-10-18 13:44:00,31.400000000000002,2.0,2114.98,1.462928279242259,417,7,2114.98,1,3,3,133,At Risk
13153.0,486.22,1,418,2011-12-04 12:14:00,2011-12-04 12:14:00,0.0,0.0,486.22,0.0,6,1,486.22,4,1,2,412,Potential Loyalists
13154.0,1624.84,3,976,2009-12-04 08:46:00,2010-11-05 16:00:00,627.41,2.0,997.43,38.61364811304498,399,3,997.43,1,2,3,123,Lost Customers
13155.0,1370.48,6,741,2010-08-05 09:30:00,2011-11-06 15:41:00,0.0,0.0,1370.48,0.0,33,6,1370.48,3,3,3,333,Champions
13156.0,1586.54,3,914,2010-02-01 13:45:00,2010-11-19 13:09:00,0.0,0.0,1586.54,0.0,385,3,1586.54,1,2,3,123,Lost Customers
13157.0,5687.36,9,4762,2010-03-08 11:59:00,2011-10-21 13:50:00,19.65,1.0,5667.71,0.34550301018398694,49,9,5667.71,3,4,4,344,Champions
13158.0,1508.18,5,992,2010-11-16 17:12:00,2011-09-06 11:58:00,0.0,0.0,1508.18,0.0,95,5,1508.18,3,3,3,333,Champions
13159.0,1429.35,4,1058,2011-08-16 11:44:00,2011-12-01 11:20:00,58.10000000000001,1.0,1371.25,4.064784692342674,9,4,1371.25,4,3,3,433,Champions
13160.0,91.8,1,56,2011-11-17 13:07:00,2011-11-17 13:07:00,0.0,0.0,91.8,0.0,22,1,91.8,4,1,1,411,Potential Loyalists
13161.0,472.13,2,105,2010-07-27 12:44:00,2011-01-30 14:03:00,0.0,0.0,472.13,0.0,313,2,472.13,2,2,2,222,Regular Customers
13162.0,9275.49,16,5755,2009-12-04 13:59:00,2011-08-09 15:59:00,158.55,3.0,9116.94,1.7093436573162175,122,16,9116.94,2,4,4,244,At Risk
13164.0,372.2,2,120,2010-02-10 11:52:00,2010-05-19 13:52:00,74.74,1.0,297.46,20.080601826974746,569,2,297.46,1,2,1,121,Lost Customers
13165.0,1451.16,3,1736,2010-10-22 17:04:00,2011-10-24 15:05:00,0.0,0.0,1451.16,0.0,46,3,1451.16,3,2,3,323,Potential Loyalists
13166.0,875.93,2,522,2010-10-21 14:29:00,2011-03-01 15:16:00,2.5,1.0,873.43,0.28541093466372885,283,2,873.43,2,2,3,223,Regular Customers
13167.0,1125.15,5,1007,2010-11-14 12:58:00,2011-11-21 12:24:00,0.0,0.0,1125.15,0.0,19,5,1125.15,4,3,3,433,Champions
13168.0,1840.73,5,898,2010-06-15 15:00:00,2011-11-03 12:56:00,9.05,1.0,1831.68,0.49165276819522696,36,5,1831.68,3,3,3,333,Champions
13169.0,840.08,3,296,2010-05-26 15:58:00,2011-10-07 12:11:00,0.0,0.0,840.08,0.0,64,3,840.08,3,2,2,322,Potential Loyalists
13170.0,108.81,1,141,2011-11-13 12:19:00,2011-11-13 12:19:00,0.0,0.0,108.81,0.0,27,1,108.81,3,1,1,311,Potential Loyalists
13171.0,468.41,3,229,2011-02-13 14:16:00,2011-11-18 10:27:00,41.6,2.0,426.81,8.881108430648363,22,3,426.81,4,2,2,422,Potential Loyalists
13172.0,69.6,1,48,2010-11-04 15:10:00,2010-11-04 15:10:00,0.0,0.0,69.6,0.0,400,1,69.6,1,1,1,111,Lost Customers
13173.0,2399.82,11,1481,2009-12-10 12:52:00,2011-12-05 15:51:00,18.85,2.0,2380.9700000000003,0.7854755773349669,4,11,2380.9700000000003,4,4,4,444,Champions
13174.0,7995.36,12,3794,2009-12-04 15:40:00,2011-11-23 14:35:00,0.0,0.0,7995.36,0.0,16,12,7995.36,4,4,4,444,Champions
13175.0,831.45,2,423,2009-12-04 12:11:00,2010-05-06 13:13:00,38.35,2.0,793.1,4.612424078417223,582,2,793.1,1,2,2,122,Lost Customers
13176.0,481.49,1,448,2011-10-24 15:43:00,2011-10-24 15:43:00,0.0,0.0,481.49,0.0,46,1,481.49,3,1,2,312,Potential Loyalists
13177.0,512.2,2,180,2010-10-05 10:35:00,2011-10-06 09:56:00,0.0,0.0,512.2,0.0,65,2,512.2,3,2,2,322,Potential Loyalists
13178.0,14059.19,21,8778,2009-12-16 14:00:00,2011-11-13 16:14:00,61.300000000000004,4.0,13997.890000000001,0.43601373905609075,26,21,13997.890000000001,3,4,4,344,Champions
13179.0,572.3100000000001,1,368,2010-03-31 11:40:00,2010-03-31 11:40:00,0.0,0.0,572.3100000000001,0.0,619,1,572.3100000000001,1,1,2,112,Lost Customers
13180.0,86.10000000000001,1,42,2010-04-11 13:37:00,2010-04-11 13:37:00,0.0,0.0,86.10000000000001,0.0,607,1,86.10000000000001,1,1,1,111,Lost Customers
13181.0,359.69,1,171,2010-11-23 15:05:00,2010-11-23 15:05:00,0.0,0.0,359.69,0.0,381,1,359.69,1,1,2,112,Lost Customers
13182.0,121.18,1,201,2011-10-25 13:46:00,2011-10-25 13:46:00,0.0,0.0,121.18,0.0,45,1,121.18,3,1,1,311,Potential Loyalists
13183.0,7036.18,15,4027,2010-03-14 12:32:00,2011-12-02 10:30:00,25.3,3.0,7010.88,0.35957010764363617,8,15,7010.88,4,4,4,444,Champions
13184.0,1668.95,10,1662,2011-02-22 17:25:00,2011-11-25 12:02:00,52.5,2.0,1616.45,3.1456904041463196,15,10,1616.45,4,4,3,443,Champions
13185.0,71.4,1,12,2011-03-17 11:56:00,2011-03-17 11:56:00,0.0,0.0,71.4,0.0,268,1,71.4,2,1,1,211,Regular Customers
13186.0,1575.89,3,820,2011-08-03 09:09:00,2011-10-31 11:40:00,36.2,2.0,1539.69,2.2971146463268375,40,3,1539.69,3,2,3,323,Potential Loyalists
13187.0,341.36,4,296,2010-03-25 17:18:00,2011-01-06 18:57:00,18.7,1.0,322.66,5.47808764940239,337,4,322.66,2,3,1,231,Regular Customers
13188.0,114.60000000000001,1,25,2011-11-28 15:28:00,2011-11-28 15:28:00,0.0,0.0,114.60000000000001,0.0,11,1,114.60000000000001,4,1,1,411,Potential Loyalists
13189.0,260.68,2,842,2011-08-16 13:12:00,2011-11-21 10:39:00,0.0,0.0,260.68,0.0,19,2,260.68,4,2,1,421,Potential Loyalists
13190.0,570.66,3,308,2009-12-07 12:13:00,2010-06-13 15:47:00,51.9,1.0,518.76,9.094732415098306,544,3,518.76,1,2,2,122,Lost Customers
13191.0,164.69,1,115,2010-02-19 17:02:00,2010-02-19 17:02:00,0.0,0.0,164.69,0.0,658,1,164.69,1,1,1,111,Lost Customers
13192.0,2558.58,6,1629,2010-01-22 08:37:00,2011-09-05 14:13:00,14.05,2.0,2544.5299999999997,0.549132722056766,95,6,2544.5299999999997,3,3,4,334,Champions
13193.0,112.08,1,46,2011-10-09 14:30:00,2011-10-09 14:30:00,0.0,0.0,112.08,0.0,61,1,112.08,3,1,1,311,Potential Loyalists
13194.0,472.78,2,326,2010-10-14 11:54:00,2011-07-27 09:01:00,0.0,0.0,472.78,0.0,136,2,472.78,2,2,2,222,Regular Customers
13195.0,136.73,1,70,2010-10-21 13:07:00,2010-10-21 13:07:00,0.0,0.0,136.73,0.0,414,1,136.73,1,1,1,111,Lost Customers
13196.0,3068.84,7,2006,2010-04-01 12:54:00,2011-11-28 13:54:00,9.2,1.0,3059.6400000000003,0.299787541872499,11,7,3059.6400000000003,4,3,4,434,Champions
13197.0,373.01000000000005,1,204,2010-04-09 09:14:00,2010-04-09 09:14:00,0.0,0.0,373.01000000000005,0.0,610,1,373.01000000000005,1,1,2,112,Lost Customers
13198.0,4974.2300000000005,8,3449,2010-10-01 13:27:00,2011-11-29 15:17:00,61.95,4.0,4912.280000000001,1.245418888953667,10,8,4912.280000000001,4,4,4,444,Champions
13199.0,15964.210000000001,67,11567,2009-12-05 10:11:00,2011-12-06 12:30:00,27.91,2.0,15936.300000000001,0.17482856965675095,4,67,15936.300000000001,4,4,4,444,Champions
13200.0,870.09,4,516,2011-08-05 14:50:00,2011-11-20 15:35:00,0.0,0.0,870.09,0.0,19,4,870.09,4,3,3,433,Champions
13201.0,1233.06,4,1036,2010-03-07 11:01:00,2010-07-25 14:30:00,0.0,0.0,1233.06,0.0,502,4,1233.06,1,3,3,133,At Risk
13202.0,1580.3,7,572,2009-12-09 10:48:00,2010-11-10 16:24:00,8.95,1.0,1571.35,0.5663481617414414,394,7,1571.35,1,3,3,133,At Risk
13203.0,2648.25,10,2413,2009-12-17 14:15:00,2011-11-30 10:45:00,17.700000000000003,1.0,2630.55,0.668365902010762,10,10,2630.55,4,4,4,444,Champions
13204.0,966.6600000000001,1,428,2009-12-08 14:56:00,2009-12-08 14:56:00,0.0,0.0,966.6600000000001,0.0,731,1,966.6600000000001,1,1,3,113,Lost Customers
13205.0,2803.2,1,256,2010-09-22 16:26:00,2010-09-22 16:26:00,0.0,0.0,2803.2,0.0,443,1,2803.2,1,1,4,114,Lost Customers
13206.0,8308.19,13,7086,2009-12-07 13:48:00,2010-11-04 16:50:00,97.19,2.0,8211.0,1.1698095493723661,400,13,8211.0,1,4,4,144,At Risk
13207.0,535.86,4,178,2010-04-06 16:37:00,2011-11-24 14:52:00,0.0,0.0,535.86,0.0,15,4,535.86,4,3,2,432,Loyal Customers
13208.0,1976.3,9,1343,2009-12-03 13:25:00,2011-10-12 09:54:00,18.0,1.0,1958.3,0.9107928958154127,59,9,1958.3,3,4,3,343,Champions
13209.0,8509.51,13,5781,2010-01-24 14:30:00,2011-11-09 13:54:00,71.45,3.0,8438.06,0.8396488164418398,30,13,8438.06,3,4,4,344,Champions
13210.0,353.48,1,316,2011-09-07 08:18:00,2011-09-07 08:18:00,0.0,0.0,353.48,0.0,94,1,353.48,3,1,2,312,Potential Loyalists
13211.0,2618.77,10,1845,2009-12-06 15:24:00,2011-11-29 14:43:00,22.450000000000003,2.0,2596.32,0.8572726890868614,10,10,2596.32,4,4,4,444,Champions
13212.0,786.83,3,309,2011-10-09 14:48:00,2011-11-20 12:40:00,7.5,1.0,779.33,0.9531919220161914,20,3,779.33,4,2,2,422,Potential Loyalists
13213.0,3851.52,11,2962,2010-05-20 14:50:00,2011-10-14 11:42:00,16.9,3.0,3834.62,0.4387878032568959,57,11,3834.62,3,4,4,344,Champions
13214.0,3264.23,7,2966,2010-03-03 14:10:00,2010-10-18 10:00:00,0.0,0.0,3264.23,0.0,418,7,3264.23,1,3,4,134,At Risk
13215.0,81.6,1,96,2010-11-02 18:26:00,2010-11-02 18:26:00,0.0,0.0,81.6,0.0,402,1,81.6,1,1,1,111,Lost Customers
13216.0,333.74,1,297,2011-03-17 12:18:00,2011-03-17 12:18:00,0.0,0.0,333.74,0.0,268,1,333.74,2,1,1,211,Regular Customers
13217.0,666.48,4,512,2010-02-22 12:49:00,2011-08-09 15:32:00,400.36,2.0,266.12,60.07081982955228,122,4,266.12,2,3,1,231,Regular Customers
13218.0,62.63999999999999,1,88,2011-08-04 16:59:00,2011-08-04 16:59:00,0.0,0.0,62.63999999999999,0.0,127,1,62.63999999999999,2,1,1,211,Regular Customers
13219.0,76.23,1,11,2010-03-31 14:18:00,2010-03-31 14:18:00,0.0,0.0,76.23,0.0,618,1,76.23,1,1,1,111,Lost Customers
13220.0,1336.0900000000001,5,396,2010-05-13 10:35:00,2011-09-22 13:38:00,0.0,0.0,1336.0900000000001,0.0,78,5,1336.0900000000001,3,3,3,333,Champions
13221.0,847.41,2,244,2010-12-15 13:24:00,2011-04-13 16:58:00,0.0,0.0,847.41,0.0,240,2,847.41,2,2,2,223,Regular Customers
13222.0,88.5,1,30,2010-05-11 13:54:00,2010-05-11 13:54:00,0.0,0.0,88.5,0.0,577,1,88.5,1,1,1,111,Lost Customers
13223.0,969.1200000000001,6,568,2010-02-12 13:27:00,2011-05-23 13:03:00,0.0,0.0,969.1200000000001,0.0,200,6,969.1200000000001,2,3,3,233,At Risk
13224.0,2155.95,2,1518,2011-07-11 14:10:00,2011-10-10 14:55:00,5.1,1.0,2150.85,0.23655465108188967,60,2,2150.85,3,2,3,323,Potential Loyalists
13225.0,16260.07,16,7401,2009-12-17 09:09:00,2011-12-06 13:29:00,380.8,1.0,15879.27,2.341933337310356,3,16,15879.27,4,4,4,444,Champions
13226.0,312.46,2,179,2010-11-11 13:46:00,2011-03-11 14:35:00,0.0,0.0,312.46,0.0,273,2,312.46,2,2,1,221,Regular Customers
13227.0,257.7,1,99,2011-05-22 11:47:00,2011-05-22 11:47:00,0.0,0.0,257.7,0.0,202,1,257.7,2,1,1,211,Regular Customers
13228.0,358.0,1,200,2011-09-19 14:28:00,2011-09-19 14:28:00,0.0,0.0,358.0,0.0,81,1,358.0,3,1,2,312,Potential Loyalists
13229.0,160.95,1,63,2011-04-28 12:07:00,2011-04-28 12:07:00,0.0,0.0,160.95,0.0,226,1,160.95,2,1,1,211,Regular Customers
13230.0,6120.01,30,3520,2010-03-18 20:02:00,2011-12-05 16:03:00,43.559999999999995,1.0,6076.45,0.7117635428700279,4,30,6076.45,4,4,4,444,Champions
13232.0,1328.35,7,773,2011-04-10 13:48:00,2011-11-27 10:39:00,0.0,0.0,1328.35,0.0,13,7,1328.35,4,3,3,433,Champions
13233.0,1176.46,4,1604,2010-01-14 14:10:00,2011-09-26 13:25:00,0.0,0.0,1176.46,0.0,74,4,1176.46,3,3,3,333,Champions
13234.0,346.5,2,159,2009-12-07 12:32:00,2010-02-05 11:41:00,0.0,0.0,346.5,0.0,673,2,346.5,1,2,2,122,Lost Customers
13235.0,1031.07,1,441,2011-05-11 17:13:00,2011-05-11 17:13:00,929.9,1.0,101.16999999999996,90.18786309367938,212,1,101.16999999999996,2,1,1,211,Regular Customers
13236.0,744.85,2,416,2011-08-25 08:58:00,2011-11-15 12:50:00,17.58,1.0,727.27,2.360206753037524,25,2,727.27,4,2,2,422,Potential Loyalists
13237.0,643.0,1,128,2010-11-17 10:07:00,2010-11-17 10:07:00,0.0,0.0,643.0,0.0,388,1,643.0,1,1,2,112,Lost Customers
13238.0,1006.63,6,442,2010-04-28 15:02:00,2011-11-22 15:37:00,19.9,1.0,986.73,1.9768931980966193,17,6,986.73,4,3,3,433,Champions
13239.0,1594.69,5,1151,2010-07-25 13:34:00,2011-03-23 10:25:00,14.850000000000001,1.0,1579.8400000000001,0.9312154713455281,262,5,1579.8400000000001,2,3,3,233,At Risk
13240.0,1475.79,8,709,2010-02-25 13:17:00,2011-09-04 14:08:00,77.35000000000001,1.0,1398.44,5.24126061295984,96,8,1398.44,2,4,3,243,At Risk
13241.0,112.53,1,46,2010-10-24 11:17:00,2010-10-24 11:17:00,0.0,0.0,112.53,0.0,412,1,112.53,1,1,1,111,Lost Customers
13242.0,699.4,7,350,2010-02-09 13:12:00,2011-08-19 12:53:00,0.0,0.0,699.4,0.0,112,7,699.4,2,3,2,232,Regular Customers
13243.0,1220.38,5,554,2010-03-18 13:10:00,2011-05-20 13:14:00,0.0,0.0,1220.38,0.0,203,5,1220.38,2,3,3,233,At Risk
13244.0,121.74000000000001,1,38,2011-09-08 11:46:00,2011-09-08 11:46:00,0.0,0.0,121.74000000000001,0.0,93,1,121.74000000000001,3,1,1,311,Potential Loyalists
13245.0,989.22,2,371,2010-10-03 14:03:00,2011-10-20 11:40:00,0.0,0.0,989.22,0.0,51,2,989.22,3,2,3,323,Potential Loyalists
13246.0,3351.75,11,2796,2010-07-02 13:36:00,2011-11-21 16:50:00,109.75,3.0,3242.0,3.274408890877899,18,11,3242.0,4,4,4,444,Champions
13247.0,501.12,4,328,2011-09-18 11:31:00,2011-11-22 10:59:00,0.0,0.0,501.12,0.0,18,4,501.12,4,3,2,432,Loyal Customers
13248.0,465.68,2,305,2011-06-03 13:05:00,2011-08-07 12:40:00,0.0,0.0,465.68,0.0,125,2,465.68,2,2,2,222,Regular Customers
13249.0,1608.93,9,1246,2010-01-24 12:11:00,2011-09-08 13:26:00,0.0,0.0,1608.93,0.0,92,9,1608.93,3,4,3,343,Champions
13250.0,253.09,2,107,2010-07-25 14:01:00,2010-09-05 11:33:00,7.5,1.0,245.59,2.9633727132640564,461,2,245.59,1,2,1,121,Lost Customers
13251.0,252.68,1,215,2010-11-02 13:20:00,2010-11-02 13:20:00,0.0,0.0,252.68,0.0,402,1,252.68,1,1,1,111,Lost Customers
13252.0,399.3,2,134,2010-03-24 10:30:00,2010-11-10 16:00:00,57.99999999999999,1.0,341.3,14.525419484097169,394,2,341.3,1,2,2,122,Lost Customers
13253.0,2951.11,4,3015,2010-01-05 12:13:00,2011-07-06 10:09:00,0.0,0.0,2951.11,0.0,157,4,2951.11,2,3,4,234,At Risk
13254.0,51.410000000000004,1,43,2010-11-28 15:42:00,2010-11-28 15:42:00,0.0,0.0,51.410000000000004,0.0,376,1,51.410000000000004,2,1,1,211,Regular Customers
13255.0,678.76,3,407,2010-07-15 13:20:00,2011-11-30 13:14:00,8.850000000000001,1.0,669.91,1.3038481937651014,9,3,669.91,4,2,2,422,Potential Loyalists
13257.0,149.75,1,33,2010-09-29 14:58:00,2010-09-29 14:58:00,31.8,2.0,117.95,21.235392320534224,436,1,117.95,1,1,1,111,Lost Customers
13258.0,1009.43,5,446,2010-11-04 12:45:00,2011-11-28 09:31:00,0.0,0.0,1009.43,0.0,12,5,1009.43,4,3,3,433,Champions
13259.0,1402.54,9,503,2010-01-10 10:26:00,2011-10-09 10:48:00,0.0,0.0,1402.54,0.0,62,9,1402.54,3,4,3,343,Champions
13260.0,557.62,1,142,2011-10-09 13:21:00,2011-10-09 13:21:00,0.0,0.0,557.62,0.0,61,1,557.62,3,1,2,312,Potential Loyalists
13261.0,944.1,2,210,2011-02-27 10:41:00,2011-03-16 12:22:00,0.0,0.0,944.1,0.0,269,2,944.1,2,2,3,223,Regular Customers
13262.0,573.45,3,247,2010-04-18 12:14:00,2011-03-21 15:06:00,0.0,0.0,573.45,0.0,263,3,573.45,2,2,2,222,Regular Customers
13263.0,8676.2,39,5372,2010-10-22 17:07:00,2011-12-08 13:59:00,0.0,0.0,8676.2,0.0,1,39,8676.2,4,4,4,444,Champions
13264.0,722.5600000000001,1,375,2010-09-23 12:42:00,2010-09-23 12:42:00,0.0,0.0,722.5600000000001,0.0,443,1,722.5600000000001,1,1,2,112,Lost Customers
13265.0,2092.66,5,1740,2011-03-11 09:54:00,2011-10-17 15:02:00,0.0,0.0,2092.66,0.0,53,5,2092.66,3,3,3,333,Champions
13266.0,6135.04,19,6837,2009-12-17 10:52:00,2011-11-28 14:39:00,169.74,11.0,5965.3,2.766730127268934,11,19,5965.3,4,4,4,444,Champions
13267.0,9429.81,36,3959,2009-12-07 16:56:00,2011-12-07 11:12:00,232.15,14.0,9197.66,2.461873569032674,3,36,9197.66,4,4,4,444,Champions
13268.0,3174.75,11,3624,2011-03-17 13:20:00,2011-11-22 11:51:00,47.050000000000004,4.0,3127.7,1.4820064572013545,18,11,3127.7,4,4,4,444,Champions
13269.0,8537.32,28,6366,2009-12-02 11:47:00,2011-12-08 14:53:00,30.31,2.0,8507.01,0.35502944718014556,1,28,8507.01,4,4,4,444,Champions
13270.0,590.0,1,200,2010-12-08 14:53:00,2010-12-08 14:53:00,0.0,0.0,590.0,0.0,366,1,590.0,2,1,2,212,Regular Customers
13271.0,211.49,1,240,2011-11-02 14:31:00,2011-11-02 14:31:00,39.12,1.0,172.37,18.49732847888789,37,1,172.37,3,1,1,311,Potential Loyalists
13272.0,276.56,2,96,2011-09-11 12:06:00,2011-11-08 14:00:00,0.0,0.0,276.56,0.0,31,2,276.56,3,2,1,321,Potential Loyalists
13273.0,138.98,1,153,2011-08-18 14:02:00,2011-08-18 14:02:00,0.0,0.0,138.98,0.0,113,1,138.98,2,1,1,211,Regular Customers
13274.0,360.85,1,199,2010-10-26 13:48:00,2010-10-26 13:48:00,0.0,0.0,360.85,0.0,409,1,360.85,1,1,2,112,Lost Customers
13275.0,238.86,2,138,2010-03-17 14:05:00,2010-11-21 12:09:00,0.0,0.0,238.86,0.0,384,2,238.86,1,2,1,121,Lost Customers
13276.0,1891.91,5,840,2010-03-07 14:05:00,2011-10-07 12:44:00,20.7,2.0,1871.21,1.0941323847328888,64,5,1871.21,3,3,3,333,Champions
13277.0,523.3,7,382,2010-06-18 08:45:00,2011-11-24 09:21:00,0.0,0.0,523.3,0.0,16,7,523.3,4,3,2,432,Loyal Customers
13278.0,1435.85,4,1358,2010-04-08 11:59:00,2011-10-30 11:49:00,7.6499999999999995,1.0,1428.1999999999998,0.5327854580910263,41,4,1428.1999999999998,3,3,3,333,Champions
13279.0,137.75,1,73,2011-09-22 17:24:00,2011-09-22 17:24:00,11.45,1.0,126.3,8.312159709618875,78,1,126.3,3,1,1,311,Potential Loyalists
13280.0,2293.33,7,1489,2010-03-05 09:07:00,2011-08-09 13:14:00,25.5,1.0,2267.83,1.1119202208142744,122,7,2267.83,2,3,4,234,At Risk
13281.0,350.85,1,201,2010-09-26 16:03:00,2010-09-26 16:03:00,44.4,2.0,306.45000000000005,12.654980761008977,439,1,306.45000000000005,1,1,1,111,Lost Customers
13282.0,1313.19,4,410,2010-10-29 14:11:00,2011-11-21 15:33:00,84.3,3.0,1228.89,6.419482329289744,18,4,1228.89,4,3,3,433,Champions
13283.0,373.36,4,204,2010-03-09 14:36:00,2011-10-11 09:50:00,0.0,0.0,373.36,0.0,60,4,373.36,3,3,2,332,Loyal Customers
13284.0,201.19,1,91,2011-01-13 09:23:00,2011-01-13 09:23:00,5.04,1.0,196.15,2.505094686614643,331,1,196.15,2,1,1,211,Regular Customers
13285.0,3364.59,6,2457,2010-03-25 14:26:00,2011-11-16 13:19:00,0.0,0.0,3364.59,0.0,23,6,3364.59,4,3,4,434,Champions
13286.0,734.91,1,274,2010-04-18 15:35:00,2010-04-18 15:35:00,0.0,0.0,734.91,0.0,600,1,734.91,1,1,2,112,Lost Customers
13287.0,781.59,3,429,2010-01-04 10:43:00,2010-04-15 15:26:00,261.92,4.0,519.6700000000001,33.511175936232554,603,3,519.6700000000001,1,2,2,122,Lost Customers
13288.0,927.61,5,379,2010-02-11 14:59:00,2010-09-22 16:32:00,35.45,1.0,892.16,3.8216491844632987,443,5,892.16,1,3,3,133,At Risk
13289.0,307.95,1,119,2009-12-16 11:53:00,2009-12-16 11:53:00,0.0,0.0,307.95,0.0,724,1,307.95,1,1,1,111,Lost Customers
13291.0,3270.79,11,1600,2010-02-11 18:36:00,2011-07-07 10:36:00,0.0,0.0,3270.79,0.0,156,11,3270.79,2,4,4,244,At Risk
13292.0,994.51,5,530,2010-07-01 14:36:00,2011-11-01 10:04:00,6.72,1.0,987.79,0.6757096459563,39,5,987.79,3,3,3,333,Champions
13293.0,1192.94,6,555,2010-02-09 12:05:00,2010-11-12 13:28:00,12.600000000000001,1.0,1180.3400000000001,1.0562140593827016,392,6,1180.3400000000001,1,3,3,133,At Risk
13294.0,1689.53,3,996,2010-03-03 12:54:00,2011-06-03 08:54:00,0.0,0.0,1689.53,0.0,190,3,1689.53,2,2,3,223,Regular Customers
13295.0,1101.97,4,733,2010-05-12 09:13:00,2010-12-15 11:21:00,40.7,5.0,1061.27,3.6933854823634036,360,4,1061.27,2,3,3,233,At Risk
13296.0,792.51,6,653,2010-05-11 14:29:00,2011-07-25 13:46:00,0.0,0.0,792.51,0.0,137,6,792.51,2,3,2,232,Regular Customers
13297.0,4368.62,7,2694,2010-06-15 12:35:00,2011-12-02 09:32:00,15.95,1.0,4352.67,0.36510385430639425,8,7,4352.67,4,3,4,434,Champions
13298.0,360.0,1,96,2011-12-08 13:11:00,2011-12-08 13:11:00,0.0,0.0,360.0,0.0,1,1,360.0,4,1,2,412,Potential Loyalists
13299.0,1218.7,3,416,2010-06-29 11:30:00,2011-03-16 12:55:00,45.400000000000006,2.0,1173.3,3.7252810371707556,268,3,1173.3,2,2,3,223,Regular Customers
13300.0,1285.51,3,455,2010-05-14 15:56:00,2011-06-23 13:09:00,18.3,2.0,1267.21,1.423559521123912,169,3,1267.21,2,2,3,223,Regular Customers
13301.0,618.09,4,345,2011-02-20 13:13:00,2011-08-28 11:25:00,0.0,0.0,618.09,0.0,104,4,618.09,2,3,2,232,Regular Customers
13302.0,159.2,2,12,2010-07-01 12:32:00,2011-07-07 17:56:00,0.0,0.0,159.2,0.0,155,2,159.2,2,2,1,221,Regular Customers
13303.0,61.72,1,26,2010-11-04 14:55:00,2010-11-04 14:55:00,0.0,0.0,61.72,0.0,400,1,61.72,1,1,1,111,Lost Customers
13304.0,1217.99,4,716,2010-02-08 12:42:00,2010-12-23 14:35:00,97.2,3.0,1120.79,7.980361086708429,351,4,1120.79,2,3,3,233,At Risk
13305.0,3616.41,16,2228,2010-03-10 14:49:00,2011-12-05 15:15:00,0.0,0.0,3616.41,0.0,4,16,3616.41,4,4,4,444,Champions
13306.0,53.65,1,74,2010-10-05 14:55:00,2010-10-05 14:55:00,0.0,0.0,53.65,0.0,430,1,53.65,1,1,1,111,Lost Customers
13307.0,273.34,3,140,2010-04-26 13:28:00,2011-08-11 17:14:00,0.0,0.0,273.34,0.0,120,3,273.34,2,2,1,221,Regular Customers
13308.0,1670.3700000000001,4,1073,2010-04-22 09:22:00,2011-11-17 09:31:00,17.9,1.0,1652.47,1.0716188628866656,23,4,1652.47,4,3,3,433,Champions
13309.0,1706.3700000000001,6,1914,2010-11-12 12:10:00,2011-12-02 16:34:00,0.0,0.0,1706.3700000000001,0.0,7,6,1706.3700000000001,4,3,3,433,Champions
13310.0,1541.2,5,816,2010-11-02 17:03:00,2011-11-11 17:23:00,48.400000000000006,3.0,1492.8,3.140410070075266,28,5,1492.8,3,3,3,333,Champions
13311.0,598.57,2,305,2011-07-12 14:26:00,2011-12-05 12:55:00,0.0,0.0,598.57,0.0,4,2,598.57,4,2,2,422,Potential Loyalists
13312.0,124.75,1,41,2010-09-14 14:36:00,2010-09-14 14:36:00,0.0,0.0,124.75,0.0,451,1,124.75,1,1,1,111,Lost Customers
13313.0,3445.32,12,2308,2009-12-02 16:18:00,2011-11-17 16:48:00,22.05,3.0,3423.27,0.6399986068057538,22,12,3423.27,4,4,4,444,Champions
13314.0,775.94,3,560,2011-09-27 10:20:00,2011-12-08 12:29:00,182.43,1.0,593.51,23.51083846689177,2,3,593.51,4,2,2,422,Potential Loyalists
13315.0,310.26,1,232,2010-01-19 15:34:00,2010-01-19 15:34:00,0.0,0.0,310.26,0.0,689,1,310.26,1,1,1,111,Lost Customers
13316.0,12940.82,10,19931,2010-03-10 10:01:00,2011-11-02 13:40:00,284.64,2.0,12656.18,2.1995514967366825,37,10,12656.18,3,4,4,344,Champions
13317.0,6486.091,19,3149,2009-12-13 11:11:00,2011-10-04 13:35:00,417.56,12.0,6068.531,6.437775849891714,66,19,6068.531,3,4,4,344,Champions
13318.0,640.76,3,304,2011-11-02 13:26:00,2011-12-08 18:51:00,0.0,0.0,640.76,0.0,1,3,640.76,4,2,2,422,Potential Loyalists
13319.0,21323.22,58,8974,2009-12-06 14:46:00,2011-12-04 13:34:00,348.26,20.0,20974.960000000003,1.6332430092640793,5,58,20974.960000000003,4,4,4,444,Champions
13320.0,2211.6,6,1509,2010-08-18 10:29:00,2011-09-22 18:07:00,67.15,3.0,2144.45,3.03626333875927,78,6,2144.45,3,3,3,333,Champions
13321.0,567.36,2,372,2011-09-14 15:18:00,2011-09-28 15:24:00,0.0,0.0,567.36,0.0,72,2,567.36,3,2,2,322,Potential Loyalists
13322.0,199.48000000000002,1,117,2011-11-22 14:21:00,2011-11-22 14:21:00,0.0,0.0,199.48000000000002,0.0,17,1,199.48000000000002,4,1,1,411,Potential Loyalists
13323.0,787.85,5,175,2011-09-16 13:23:00,2011-12-06 17:12:00,0.0,0.0,787.85,0.0,3,5,787.85,4,3,2,432,Loyal Customers
13324.0,10513.47,18,8448,2010-05-25 10:23:00,2011-11-03 16:28:00,92.1,5.0,10421.369999999999,0.8760190498474815,36,18,10421.369999999999,3,4,4,344,Champions
13325.0,675.3,1,240,2011-09-19 10:36:00,2011-09-19 10:36:00,0.0,0.0,675.3,0.0,82,1,675.3,3,1,2,312,Potential Loyalists
13326.0,281.76,1,140,2010-10-03 16:00:00,2010-10-03 16:00:00,0.0,0.0,281.76,0.0,432,1,281.76,1,1,1,111,Lost Customers
13327.0,9134.48,20,4203,2009-12-18 15:35:00,2011-11-01 10:21:00,138.45,2.0,8996.029999999999,1.5156856219511126,39,20,8996.029999999999,3,4,4,344,Champions
13328.0,1308.48,1,680,2011-01-27 15:22:00,2011-01-27 15:22:00,0.0,0.0,1308.48,0.0,316,1,1308.48,2,1,3,213,Regular Customers
13329.0,4808.77,8,3311,2009-12-04 15:41:00,2011-11-08 10:29:00,135.95,6.0,4672.820000000001,2.827126271375008,32,8,4672.820000000001,3,4,4,344,Champions
13330.0,2796.1,6,1951,2010-02-23 10:12:00,2011-09-08 12:27:00,0.0,0.0,2796.1,0.0,93,6,2796.1,3,3,4,334,Champions
13331.0,262.4,1,54,2010-11-03 08:04:00,2010-11-03 08:04:00,0.0,0.0,262.4,0.0,402,1,262.4,1,1,1,111,Lost Customers
13332.0,350.9,1,179,2011-11-25 13:30:00,2011-11-25 13:30:00,0.0,0.0,350.9,0.0,14,1,350.9,4,1,2,412,Potential Loyalists
13333.0,1015.74,3,685,2010-02-19 09:26:00,2010-10-24 13:24:00,0.0,0.0,1015.74,0.0,411,3,1015.74,1,2,3,123,Lost Customers
13334.0,6201.8,5,3198,2010-02-25 12:21:00,2011-09-18 15:21:00,6.75,1.0,6195.05,0.10883936921538909,82,5,6195.05,3,3,4,334,Champions
13336.0,795.12,1,559,2011-09-23 14:05:00,2011-09-23 14:05:00,0.0,0.0,795.12,0.0,77,1,795.12,3,1,2,312,Potential Loyalists
13337.0,1575.26,1,980,2010-06-11 13:27:00,2010-06-11 13:27:00,26.71,1.0,1548.55,1.6955931084392417,546,1,1548.55,1,1,3,113,Lost Customers
13338.0,2445.62,4,1151,2010-01-05 12:25:00,2011-07-05 09:06:00,222.0,6.0,2223.62,9.07745275226732,158,4,2223.62,2,3,4,234,At Risk
13339.0,860.12,1,326,2011-05-23 08:31:00,2011-05-23 08:31:00,0.0,0.0,860.12,0.0,201,1,860.12,2,1,3,213,Regular Customers
13340.0,22100.56,12,9636,2010-02-22 14:54:00,2011-10-25 13:15:00,0.0,0.0,22100.56,0.0,45,12,22100.56,3,4,4,344,Champions
13341.0,775.85,1,301,2011-03-24 09:50:00,2011-03-24 09:50:00,0.0,0.0,775.85,0.0,261,1,775.85,2,1,2,212,Regular Customers
13343.0,353.43,1,135,2011-06-15 12:24:00,2011-06-15 12:24:00,49.5,1.0,303.93,14.005602240896359,178,1,303.93,2,1,1,211,Regular Customers
13344.0,2511.69,3,952,2011-03-07 10:28:00,2011-10-03 09:45:00,0.0,0.0,2511.69,0.0,68,3,2511.69,3,2,4,324,Potential Loyalists
13345.0,389.5,1,141,2011-02-25 09:01:00,2011-02-25 09:01:00,11.899999999999999,1.0,377.6,3.0551989730423617,288,1,377.6,2,1,2,212,Regular Customers
13346.0,299.4,6,180,2010-04-22 12:34:00,2010-09-03 11:41:00,0.0,0.0,299.4,0.0,463,6,299.4,1,3,1,131,Regular Customers
13347.0,341.36,1,205,2011-09-30 13:28:00,2011-09-30 13:28:00,0.0,0.0,341.36,0.0,70,1,341.36,3,1,2,312,Potential Loyalists
13348.0,233.76,1,136,2011-10-06 17:28:00,2011-10-06 17:28:00,0.0,0.0,233.76,0.0,64,1,233.76,3,1,1,311,Potential Loyalists
13349.0,247.32,1,225,2011-11-29 08:07:00,2011-11-29 08:07:00,0.0,0.0,247.32,0.0,11,1,247.32,4,1,1,411,Potential Loyalists
13350.0,979.12,2,287,2011-09-21 13:33:00,2011-11-23 16:33:00,68.4,1.0,910.72,6.985864858240053,16,2,910.72,4,2,3,423,Potential Loyalists
13351.0,373.94,1,117,2011-10-04 12:55:00,2011-10-04 12:55:00,0.0,0.0,373.94,0.0,66,1,373.94,3,1,2,312,Potential Loyalists
13352.0,397.97999999999996,1,321,2011-10-10 13:55:00,2011-10-10 13:55:00,8.7,1.0,389.28,2.1860394994723356,60,1,389.28,3,1,2,312,Potential Loyalists
13354.0,743.53,1,604,2011-09-29 13:17:00,2011-09-29 13:17:00,0.0,0.0,743.53,0.0,71,1,743.53,3,1,2,312,Potential Loyalists
13355.0,674.7,1,314,2011-08-09 14:48:00,2011-08-09 14:48:00,0.0,0.0,674.7,0.0,122,1,674.7,2,1,2,212,Regular Customers
13356.0,768.24,1,325,2011-09-20 14:33:00,2011-09-20 14:33:00,0.0,0.0,768.24,0.0,80,1,768.24,3,1,2,312,Potential Loyalists
13357.0,3805.5099999999998,5,2112,2010-03-22 14:30:00,2011-03-27 13:56:00,0.0,0.0,3805.5099999999998,0.0,257,5,3805.5099999999998,2,3,4,234,At Risk
13358.0,439.03,1,285,2011-03-16 11:52:00,2011-03-16 11:52:00,0.0,0.0,439.03,0.0,269,1,439.03,2,1,2,212,Regular Customers
13359.0,1043.31,2,381,2010-11-01 15:05:00,2011-10-07 09:30:00,41.35,2.0,1001.9599999999999,3.9633474231053096,64,2,1001.9599999999999,3,2,3,323,Potential Loyalists
13360.0,1553.65,4,942,2010-01-08 11:16:00,2010-10-04 12:37:00,89.55,3.0,1464.1000000000001,5.763846426157757,432,4,1464.1000000000001,1,3,3,133,At Risk
13361.0,1450.5,2,324,2010-04-01 07:49:00,2010-08-24 14:56:00,0.0,0.0,1450.5,0.0,472,2,1450.5,1,2,3,123,Lost Customers
13362.0,5394.07,7,2481,2010-10-10 15:27:00,2011-11-30 14:41:00,36.5,3.0,5357.57,0.6766690087447883,9,7,5357.57,4,3,4,434,Champions
13363.0,1723.86,3,1146,2010-10-26 11:07:00,2011-11-22 12:40:00,0.0,0.0,1723.86,0.0,18,3,1723.86,4,2,3,423,Potential Loyalists
13365.0,2225.37,2,1247,2011-05-06 12:00:00,2011-11-06 12:36:00,61.05,2.0,2164.3199999999997,2.7433640248587876,34,2,2164.3199999999997,3,2,3,323,Potential Loyalists
13366.0,56.160000000000004,1,144,2011-10-20 13:37:00,2011-10-20 13:37:00,0.0,0.0,56.160000000000004,0.0,50,1,56.160000000000004,3,1,1,311,Potential Loyalists
13367.0,510.20000000000005,1,253,2010-10-04 10:00:00,2010-10-04 10:00:00,0.0,0.0,510.20000000000005,0.0,432,1,510.20000000000005,1,1,2,112,Lost Customers
13368.0,1121.5,4,606,2010-10-12 10:43:00,2011-03-28 09:59:00,35.400000000000006,1.0,1086.1,3.1564868479714674,257,4,1086.1,2,3,3,233,At Risk
13369.0,308.28000000000003,1,149,2010-12-09 11:30:00,2010-12-09 11:30:00,44.53,1.0,263.75,14.444660698066691,366,1,263.75,2,1,1,211,Regular Customers
13370.0,754.87,1,343,2010-12-03 10:26:00,2010-12-03 10:26:00,33.55,1.0,721.32,4.444473882920238,372,1,721.32,2,1,2,212,Regular Customers
13371.0,2297.66,2,1019,2010-03-17 15:29:00,2010-07-22 17:33:00,26.2,2.0,2271.46,1.1402905564792005,505,2,2271.46,1,2,4,124,Lost Customers
13372.0,378.64,1,159,2011-09-11 12:46:00,2011-09-11 12:46:00,0.0,0.0,378.64,0.0,90,1,378.64,3,1,2,312,Potential Loyalists
13373.0,7587.1900000000005,6,4263,2009-12-06 12:34:00,2011-10-10 10:51:00,0.0,0.0,7587.1900000000005,0.0,61,6,7587.1900000000005,3,3,4,334,Champions
13374.0,422.8,2,135,2010-09-16 10:29:00,2010-10-21 10:04:00,0.0,0.0,422.8,0.0,415,2,422.8,1,2,2,122,Lost Customers
13375.0,1792.23,2,1124,2010-09-21 08:12:00,2011-09-12 10:19:00,5.75,1.0,1786.48,0.32082935783911665,89,2,1786.48,3,2,3,323,Potential Loyalists
13376.0,1019.76,3,493,2011-04-19 13:03:00,2011-09-01 16:16:00,0.0,0.0,1019.76,0.0,99,3,1019.76,2,2,3,223,Regular Customers
13377.0,1552.88,2,748,2010-03-04 10:06:00,2010-11-08 12:20:00,57.45,2.0,1495.43,3.699577559115965,397,2,1495.43,1,2,3,123,Lost Customers
13379.0,572.56,3,601,2011-07-26 12:26:00,2011-11-13 13:45:00,0.0,0.0,572.56,0.0,26,3,572.56,3,2,2,322,Potential Loyalists
13380.0,62.4,1,48,2010-10-03 10:18:00,2010-10-03 10:18:00,0.0,0.0,62.4,0.0,433,1,62.4,1,1,1,111,Lost Customers
13381.0,8224.37,12,5125,2009-12-01 15:19:00,2011-11-08 11:58:00,39.35,3.0,8185.02,0.4784561005888597,32,12,8185.02,3,4,4,344,Champions
13382.0,1387.58,5,863,2009-12-08 09:56:00,2011-03-04 10:03:00,0.0,0.0,1387.58,0.0,281,5,1387.58,2,3,3,233,At Risk
13383.0,305.28000000000003,1,288,2010-06-14 11:45:00,2010-06-14 11:45:00,0.0,0.0,305.28000000000003,0.0,544,1,305.28000000000003,1,1,1,111,Lost Customers
13384.0,6680.83,11,4142,2010-07-27 12:22:00,2011-11-09 11:04:00,45.74,4.0,6635.09,0.6846454706975031,31,11,6635.09,3,4,4,344,Champions
13385.0,534.57,1,281,2011-01-14 09:52:00,2011-01-14 09:52:00,0.0,0.0,534.57,0.0,330,1,534.57,2,1,2,212,Regular Customers
13386.0,835.46,2,514,2010-09-28 13:09:00,2010-10-21 12:52:00,0.0,0.0,835.46,0.0,414,2,835.46,1,2,2,122,Lost Customers
13387.0,186.94,1,123,2010-10-18 14:07:00,2010-10-18 14:07:00,0.0,0.0,186.94,0.0,417,1,186.94,1,1,1,111,Lost Customers
13388.0,1185.65,3,701,2010-04-15 10:18:00,2011-07-31 12:52:00,49.95,1.0,1135.7,4.212879011512672,131,3,1135.7,2,2,3,223,Regular Customers
13389.0,797.96,3,429,2011-04-21 12:12:00,2011-11-28 14:01:00,0.0,0.0,797.96,0.0,11,3,797.96,4,2,2,422,Potential Loyalists
13390.0,544.08,1,224,2011-09-26 08:38:00,2011-09-26 08:38:00,0.0,0.0,544.08,0.0,75,1,544.08,3,1,2,312,Potential Loyalists
13391.0,59.8,1,4,2011-05-20 10:50:00,2011-05-20 10:50:00,0.0,0.0,59.8,0.0,204,1,59.8,2,1,1,211,Regular Customers
13392.0,91.14,1,82,2010-01-31 13:34:00,2010-01-31 13:34:00,0.0,0.0,91.14,0.0,677,1,91.14,1,1,1,111,Lost Customers
13393.0,1131.45,4,662,2009-12-07 18:12:00,2010-05-05 09:34:00,25.6,2.0,1105.8500000000001,2.262583410667727,584,4,1105.8500000000001,1,3,3,133,At Risk
13394.0,6621.7,19,5354,2009-12-01 11:58:00,2011-12-08 11:36:00,297.82,5.0,6323.88,4.497636558587674,2,19,6323.88,4,4,4,444,Champions
13395.0,1180.23,3,1660,2010-10-14 13:00:00,2011-06-07 15:04:00,0.0,0.0,1180.23,0.0,185,3,1180.23,2,2,3,223,Regular Customers
13396.0,1360.99,2,600,2011-01-24 13:37:00,2011-11-10 16:59:00,35.7,2.0,1325.29,2.623090544383133,29,2,1325.29,3,2,3,323,Potential Loyalists
13397.0,3191.87,10,1336,2010-01-20 09:50:00,2011-09-28 10:56:00,97.75999999999999,3.0,3094.1099999999997,3.0627813789408718,73,10,3094.1099999999997,3,4,4,344,Champions
13398.0,670.34,2,341,2010-09-17 09:34:00,2011-05-31 13:17:00,0.0,0.0,670.34,0.0,192,2,670.34,2,2,2,222,Regular Customers
13399.0,275.4,3,120,2010-07-08 17:47:00,2010-09-01 13:59:00,0.0,0.0,275.4,0.0,464,3,275.4,1,2,1,121,Lost Customers
13400.0,310.83,1,284,2010-05-06 09:00:00,2010-05-06 09:00:00,9.9,1.0,300.93,3.1850207508927713,583,1,300.93,1,1,1,111,Lost Customers
13402.0,1226.8500000000001,4,917,2010-05-24 10:56:00,2011-08-04 15:51:00,0.0,0.0,1226.8500000000001,0.0,127,4,1226.8500000000001,2,3,3,233,At Risk
13403.0,229.5,3,114,2009-12-16 13:23:00,2011-11-22 08:28:00,0.0,0.0,229.5,0.0,18,3,229.5,4,2,1,421,Potential Loyalists
13404.0,252.49,2,111,2011-05-11 11:57:00,2011-12-08 15:37:00,0.0,0.0,252.49,0.0,1,2,252.49,4,2,1,421,Potential Loyalists
13405.0,1213.811,6,855,2009-12-15 14:13:00,2011-09-26 17:01:00,17.25,3.0,1196.561,1.4211438189306245,74,6,1196.561,3,3,3,333,Champions
13406.0,568.92,2,292,2010-03-18 07:29:00,2010-10-08 14:44:00,11.7,1.0,557.2199999999999,2.056528158616326,427,2,557.2199999999999,1,2,2,122,Lost Customers
13407.0,2244.7,3,1690,2010-02-16 11:13:00,2010-05-10 12:41:00,132.81,3.0,2111.89,5.916603555040764,579,3,2111.89,1,2,3,123,Lost Customers
13408.0,50174.782,106,28675,2009-12-04 09:31:00,2011-12-08 09:05:00,859.76,29.0,49315.022,1.7135301155867504,2,106,49315.022,4,4,4,444,Champions
13410.0,2201.96,9,1244,2009-12-08 13:43:00,2011-11-15 15:33:00,29.45,3.0,2172.51,1.337444821885956,24,9,2172.51,4,4,3,443,Champions
13411.0,213.55,1,72,2011-08-24 13:57:00,2011-08-24 13:57:00,0.0,0.0,213.55,0.0,107,1,213.55,2,1,1,211,Regular Customers
13412.0,487.34999999999997,1,176,2010-03-29 16:28:00,2010-03-29 16:28:00,0.0,0.0,487.34999999999997,0.0,620,1,487.34999999999997,1,1,2,112,Lost Customers
13413.0,429.44,6,455,2010-01-21 17:43:00,2010-03-10 12:17:00,83.64000000000001,2.0,345.79999999999995,19.47652757078987,640,6,345.79999999999995,1,3,2,132,Regular Customers
13414.0,2494.14,6,2702,2010-04-15 17:00:00,2011-07-29 11:45:00,11.9,1.0,2482.24,0.4771183654486115,134,6,2482.24,2,3,4,234,At Risk
13415.0,784.17,4,496,2009-12-11 14:20:00,2010-08-24 11:38:00,118.75,1.0,665.42,15.143400028055144,473,4,665.42,1,3,2,132,Regular Customers
13416.0,940.8000000000001,3,208,2009-12-03 13:02:00,2011-10-27 08:56:00,0.0,0.0,940.8000000000001,0.0,44,3,940.8000000000001,3,2,3,323,Potential Loyalists
13417.0,1669.49,6,532,2010-02-08 12:39:00,2011-12-05 08:49:00,75.6,1.0,1593.89,4.528329010655948,5,6,1593.89,4,3,3,433,Champions
13418.0,11559.66,31,7354,2009-12-11 12:51:00,2011-11-28 10:23:00,317.43999999999994,6.0,11242.22,2.7461015289377015,12,31,11242.22,4,4,4,444,Champions
13419.0,221.06,1,275,2011-10-07 12:49:00,2011-10-07 12:49:00,0.0,0.0,221.06,0.0,64,1,221.06,3,1,1,311,Potential Loyalists
13420.0,159.85,2,101,2011-06-22 11:35:00,2011-07-13 08:48:00,19.5,2.0,140.35,12.198936502971536,150,2,140.35,2,2,1,221,Regular Customers
13421.0,4058.75,8,2351,2010-02-14 14:45:00,2011-10-30 14:21:00,14.299999999999999,3.0,4044.45,0.35232522328303045,40,8,4044.45,3,4,4,344,Champions
13422.0,2626.3,1,1326,2011-10-06 13:42:00,2011-10-06 13:42:00,24.75,1.0,2601.55,0.9423904352130372,64,1,2601.55,3,1,4,314,Potential Loyalists
13423.0,217.03,1,141,2010-10-07 09:02:00,2010-10-07 09:02:00,0.0,0.0,217.03,0.0,429,1,217.03,1,1,1,111,Lost Customers
13424.0,572.77,1,529,2010-09-16 10:49:00,2010-09-16 10:49:00,14.850000000000001,1.0,557.92,2.59266372191281,450,1,557.92,1,1,2,112,Lost Customers
13425.0,3390.4300000000003,5,2358,2010-05-09 14:35:00,2011-08-23 17:13:00,27.700000000000003,3.0,3362.7300000000005,0.8170055125751011,108,5,3362.7300000000005,2,3,4,234,At Risk
13426.0,8167.38,22,4868,2009-12-09 15:16:00,2011-12-09 08:59:00,90.62,2.0,8076.76,1.1095357385110036,1,22,8076.76,4,4,4,444,Champions
13427.0,1006.53,6,880,2009-12-17 13:44:00,2011-11-20 13:02:00,0.0,0.0,1006.53,0.0,19,6,1006.53,4,3,3,433,Champions
13428.0,478.54,3,356,2010-07-13 13:20:00,2011-11-29 14:20:00,0.0,0.0,478.54,0.0,10,3,478.54,4,2,2,422,Potential Loyalists
13429.0,1006.8,4,1390,2011-09-25 15:59:00,2011-11-29 09:10:00,0.0,0.0,1006.8,0.0,11,4,1006.8,4,3,3,433,Champions
13430.0,679.45,2,751,2011-09-14 14:26:00,2011-11-21 08:19:00,30.76,2.0,648.69,4.527191110456987,19,2,648.69,4,2,2,422,Potential Loyalists
13431.0,3316.24,8,1570,2010-02-18 11:53:00,2011-10-03 13:49:00,27.0,1.0,3289.24,0.8141750898608062,67,8,3289.24,3,4,4,344,Champions
13432.0,439.1,2,217,2010-04-06 14:42:00,2010-05-17 13:18:00,0.0,0.0,439.1,0.0,571,2,439.1,1,2,2,122,Lost Customers
13433.0,658.3199999999999,4,190,2010-01-12 08:59:00,2010-07-26 16:55:00,1.45,1.0,656.8699999999999,0.2202576254708956,501,4,656.8699999999999,1,3,2,132,Regular Customers
13434.0,1666.8600000000001,5,864,2010-02-22 09:54:00,2011-09-26 14:30:00,0.0,0.0,1666.8600000000001,0.0,74,5,1666.8600000000001,3,3,3,333,Champions
13435.0,4447.33,9,2754,2010-07-27 16:56:00,2011-12-04 14:45:00,15.4,2.0,4431.93,0.3462751808388404,5,9,4431.93,4,4,4,444,Champions
13436.0,196.89,1,76,2011-12-08 10:33:00,2011-12-08 10:33:00,0.0,0.0,196.89,0.0,2,1,196.89,4,1,1,411,Potential Loyalists
13437.0,3408.06,7,1283,2011-06-02 14:30:00,2011-11-25 14:00:00,0.0,0.0,3408.06,0.0,14,7,3408.06,4,3,4,434,Champions
13438.0,46.5,1,10,2010-06-10 18:46:00,2010-06-10 18:46:00,0.0,0.0,46.5,0.0,547,1,46.5,1,1,1,111,Lost Customers
13439.0,986.61,3,952,2010-07-01 14:36:00,2011-03-29 14:20:00,0.0,0.0,986.61,0.0,255,3,986.61,2,2,3,223,Regular Customers
13440.0,1295.25,7,573,2010-09-14 10:34:00,2010-10-12 13:11:00,81.30000000000001,3.0,1213.95,6.276780544296469,423,7,1213.95,1,3,3,133,At Risk
13441.0,720.9,2,520,2010-10-04 10:38:00,2011-09-09 09:38:00,0.0,0.0,720.9,0.0,92,2,720.9,3,2,2,322,Potential Loyalists
13442.0,419.87,3,115,2009-12-01 14:59:00,2010-02-10 14:03:00,0.0,0.0,419.87,0.0,667,3,419.87,1,2,2,122,Lost Customers
13443.0,1273.16,6,805,2010-01-31 13:30:00,2010-09-17 12:31:00,32.45,1.0,1240.71,2.548776273209966,449,6,1240.71,1,3,3,133,At Risk
13444.0,619.08,2,331,2010-07-21 14:34:00,2010-11-30 13:02:00,0.0,0.0,619.08,0.0,374,2,619.08,2,2,2,222,Regular Customers
13445.0,241.89999999999998,1,198,2010-03-23 15:34:00,2010-03-23 15:34:00,0.0,0.0,241.89999999999998,0.0,626,1,241.89999999999998,1,1,1,111,Lost Customers
13446.0,3881.89,11,2403,2010-02-14 11:52:00,2010-10-05 18:51:00,273.03000000000003,7.0,3608.8599999999997,7.033429592286233,430,11,3608.8599999999997,1,4,4,144,At Risk
13447.0,1129.14,3,584,2011-11-04 10:10:00,2011-11-16 13:38:00,24.910000000000004,1.0,1104.23,2.2061037603840092,23,3,1104.23,4,2,3,423,Potential Loyalists
13448.0,8745.93,13,4195,2009-12-06 12:14:00,2011-11-23 12:33:00,793.12,6.0,7952.81,9.06844669463396,17,13,7952.81,4,4,4,444,Champions
13449.0,291.88,1,222,2011-11-16 08:28:00,2011-11-16 08:28:00,0.0,0.0,291.88,0.0,24,1,291.88,4,1,1,411,Potential Loyalists
13450.0,4120.04,13,4318,2010-04-15 19:15:00,2011-11-13 11:54:00,2.5,1.0,4117.54,0.06067902253376181,27,13,4117.54,3,4,4,344,Champions
13451.0,7090.06,11,5229,2010-03-21 16:13:00,2011-11-13 15:58:00,70.94999999999999,2.0,7019.110000000001,1.0006967500980244,26,11,7019.110000000001,3,4,4,344,Champions
13452.0,729.8,3,6,2010-08-24 09:53:00,2011-03-25 14:19:00,0.0,0.0,729.8,0.0,259,3,729.8,2,2,2,222,Regular Customers
13453.0,781.6899999999999,3,341,2010-11-02 13:23:00,2011-06-27 09:34:00,22.7,2.0,758.9899999999999,2.903964487200809,166,3,758.9899999999999,2,2,2,222,Regular Customers
13454.0,219.87,1,198,2010-03-08 14:40:00,2010-03-08 14:40:00,0.0,0.0,219.87,0.0,641,1,219.87,1,1,1,111,Lost Customers
13455.0,2212.9900000000002,6,795,2009-12-09 08:58:00,2011-11-15 11:21:00,132.11,5.0,2080.88,5.969751331908413,25,6,2080.88,4,3,3,433,Champions
13456.0,1766.72,6,765,2011-05-16 15:34:00,2011-11-22 09:18:00,28.9,1.0,1737.82,1.6357996739721066,18,6,1737.82,4,3,3,433,Champions
13457.0,148.22,2,96,2009-12-02 12:46:00,2010-01-20 08:48:00,4.949999999999999,2.0,143.27,3.3396302793145325,689,2,143.27,1,2,1,121,Lost Customers
13458.0,11959.27,16,6760,2010-11-16 14:01:00,2011-12-02 15:29:00,108.65,8.0,11850.62,0.908500267992946,7,16,11850.62,4,4,4,444,Champions
13459.0,1160.4099999999999,2,986,2010-01-26 13:35:00,2010-03-25 10:24:00,0.0,0.0,1160.4099999999999,0.0,625,2,1160.4099999999999,1,2,3,123,Lost Customers
13460.0,183.44,2,286,2011-10-21 09:50:00,2011-11-10 17:17:00,0.0,0.0,183.44,0.0,29,2,183.44,3,2,1,321,Potential Loyalists
13461.0,4160.0,6,3132,2010-04-21 16:01:00,2011-11-01 09:01:00,21.5,2.0,4138.5,0.516826923076923,39,6,4138.5,3,3,4,334,Champions
13462.0,1153.85,5,697,2009-12-14 09:48:00,2011-04-01 11:20:00,8.25,1.0,1145.6,0.7149976166746111,253,5,1145.6,2,3,3,233,At Risk
13464.0,3097.64,6,1440,2010-03-31 15:22:00,2011-10-12 15:01:00,13.75,1.0,3083.89,0.4438863134515309,58,6,3083.89,3,3,4,334,Champions
13465.0,931.12,2,584,2010-05-02 15:30:00,2010-09-19 15:13:00,0.0,0.0,931.12,0.0,446,2,931.12,1,2,3,123,Lost Customers
13466.0,1013.35,5,660,2010-03-21 13:50:00,2011-06-08 16:39:00,61.099999999999994,2.0,952.25,6.029506093649775,184,5,952.25,2,3,3,233,At Risk
13467.0,1071.91,2,580,2011-11-03 16:56:00,2011-11-29 10:01:00,0.0,0.0,1071.91,0.0,11,2,1071.91,4,2,3,423,Potential Loyalists
13468.0,12793.28,72,5617,2009-12-03 13:32:00,2011-12-08 10:39:00,298.9,15.0,12494.380000000001,2.336382850996773,2,72,12494.380000000001,4,4,4,444,Champions
13469.0,82.4,1,52,2010-02-24 15:03:00,2010-02-24 15:03:00,0.0,0.0,82.4,0.0,653,1,82.4,1,1,1,111,Lost Customers
13470.0,165.0,2,100,2011-08-16 17:06:00,2011-09-01 14:57:00,0.0,0.0,165.0,0.0,99,2,165.0,2,2,1,221,Regular Customers
13471.0,2501.84,4,1583,2011-10-23 13:10:00,2011-12-08 15:44:00,0.0,0.0,2501.84,0.0,1,4,2501.84,4,3,4,434,Champions
13472.0,592.24,2,310,2010-06-02 09:48:00,2010-09-02 09:41:00,0.0,0.0,592.24,0.0,464,2,592.24,1,2,2,122,Lost Customers
13473.0,2657.7599999999998,8,1000,2009-12-15 19:02:00,2011-10-10 11:20:00,246.78,2.0,2410.9799999999996,9.285262777677444,61,8,2410.9799999999996,3,4,4,344,Champions
13474.0,646.59,3,318,2010-08-01 14:40:00,2011-04-17 13:53:00,0.0,0.0,646.59,0.0,236,3,646.59,2,2,2,222,Regular Customers
13475.0,1431.78,4,1012,2011-02-14 12:36:00,2011-06-01 13:52:00,0.0,0.0,1431.78,0.0,191,4,1431.78,2,3,3,233,At Risk
13476.0,2061.4700000000003,5,713,2010-03-05 09:39:00,2011-06-14 12:00:00,145.7,2.0,1915.7700000000002,7.067772026757603,179,5,1915.7700000000002,2,3,3,233,At Risk
13477.0,2819.17,11,2091,2010-01-25 11:52:00,2011-11-02 12:04:00,13.05,2.0,2806.12,0.4629022017118514,38,11,2806.12,3,4,4,344,Champions
13478.0,2215.78,5,1189,2010-01-31 15:51:00,2010-08-27 13:23:00,147.75,2.0,2068.03,6.668080766141042,469,5,2068.03,1,3,3,133,At Risk
13479.0,851.37,4,716,2010-08-19 16:18:00,2011-05-23 10:45:00,42.870000000000005,3.0,808.5,5.035413509989781,201,4,808.5,2,3,2,232,Regular Customers
13480.0,627.82,2,362,2010-01-29 12:35:00,2010-10-19 11:53:00,0.0,0.0,627.82,0.0,417,2,627.82,1,2,2,122,Lost Customers
13481.0,3830.84,11,2055,2009-12-04 12:37:00,2011-10-25 09:07:00,27.75,3.0,3803.09,0.7243842081632227,46,11,3803.09,3,4,4,344,Champions
13482.0,336.09,2,187,2010-03-22 10:31:00,2011-04-21 17:03:00,0.0,0.0,336.09,0.0,232,2,336.09,2,2,1,221,Regular Customers
13483.0,140.34,1,160,2011-10-05 11:53:00,2011-10-05 11:53:00,0.0,0.0,140.34,0.0,66,1,140.34,3,1,1,311,Potential Loyalists
13484.0,790.72,3,224,2010-03-10 11:46:00,2011-04-12 16:30:00,23.4,1.0,767.32,2.9593282072035607,241,3,767.32,2,2,2,222,Regular Customers
13485.0,3019.2200000000003,11,1798,2009-12-03 13:46:00,2011-04-20 13:58:00,61.300000000000004,4.0,2957.92,2.0303257132636907,233,11,2957.92,2,4,4,244,At Risk
13486.0,1122.41,3,669,2011-07-07 17:19:00,2011-09-22 13:13:00,0.0,0.0,1122.41,0.0,78,3,1122.41,3,2,3,323,Potential Loyalists
13487.0,846.87,5,362,2009-12-05 10:25:00,2011-10-13 12:07:00,0.0,0.0,846.87,0.0,58,5,846.87,3,3,2,332,Loyal Customers
13488.0,14205.96,23,7375,2010-01-25 10:13:00,2011-11-22 14:41:00,74.15,6.0,14131.81,0.5219640207349592,17,23,14131.81,4,4,4,444,Champions
13489.0,449.52,4,560,2011-02-18 10:42:00,2011-08-26 13:16:00,0.0,0.0,449.52,0.0,105,4,449.52,2,3,2,232,Regular Customers
13490.0,154.25,1,25,2010-02-23 14:48:00,2010-02-23 14:48:00,0.0,0.0,154.25,0.0,654,1,154.25,1,1,1,111,Lost Customers
13491.0,4467.66,27,2349,2009-12-07 08:24:00,2011-10-19 08:32:00,0.0,0.0,4467.66,0.0,52,27,4467.66,3,4,4,344,Champions
13492.0,1269.84,3,408,2011-05-09 10:06:00,2011-07-26 14:25:00,0.0,0.0,1269.84,0.0,136,3,1269.84,2,2,3,223,Regular Customers
13493.0,618.63,2,380,2011-02-25 16:42:00,2011-03-09 15:35:00,0.0,0.0,618.63,0.0,275,2,618.63,2,2,2,222,Regular Customers
13494.0,316.26000000000005,1,162,2011-02-01 11:58:00,2011-02-01 11:58:00,0.0,0.0,316.26000000000005,0.0,312,1,316.26000000000005,2,1,1,211,Regular Customers
13495.0,4863.31,10,2465,2009-12-07 12:12:00,2011-12-02 11:21:00,72.9,3.0,4790.410000000001,1.4989790903726063,8,10,4790.410000000001,4,4,4,444,Champions
13496.0,653.33,2,341,2010-12-15 10:17:00,2011-11-29 10:58:00,35.400000000000006,1.0,617.9300000000001,5.418394991811184,11,2,617.9300000000001,4,2,2,422,Potential Loyalists
13497.0,1166.83,6,525,2010-02-08 10:27:00,2011-03-02 09:04:00,27.0,1.0,1139.83,2.3139617596393647,283,6,1139.83,2,3,3,233,At Risk
13498.0,327.38,1,362,2009-12-09 15:26:00,2009-12-09 15:26:00,0.0,0.0,327.38,0.0,730,1,327.38,1,1,1,111,Lost Customers
13499.0,1159.11,5,1365,2011-03-15 08:52:00,2011-11-22 11:21:00,12.15,2.0,1146.9599999999998,1.0482180293501049,18,5,1146.9599999999998,4,3,3,433,Champions
13500.0,1466.3,4,838,2010-11-03 13:16:00,2011-11-16 15:35:00,30.0,1.0,1436.3,2.045966036963786,23,4,1436.3,4,3,3,433,Champions
13501.0,2885.11,3,1253,2010-05-18 13:24:00,2011-02-24 18:59:00,44.849999999999994,2.0,2840.26,1.554533449331221,288,3,2840.26,2,2,4,224,Regular Customers
13502.0,780.5,5,490,2010-06-09 10:52:00,2011-11-23 10:39:00,5.9,1.0,774.6,0.7559256886611146,17,5,774.6,4,3,2,432,Loyal Customers
13503.0,1859.24,6,1105,2010-02-16 13:49:00,2011-09-29 13:23:00,111.85,6.0,1747.39,6.0158989694713965,71,6,1747.39,3,3,3,333,Champions
13504.0,295.93,1,178,2011-10-06 13:20:00,2011-10-06 13:20:00,0.0,0.0,295.93,0.0,64,1,295.93,3,1,1,311,Potential Loyalists
13505.0,4393.63,4,2486,2011-04-21 12:07:00,2011-09-28 11:56:00,110.75,4.0,4282.88,2.5206947330567204,73,4,4282.88,3,3,4,334,Champions
13506.0,1338.08,5,942,2010-09-05 12:33:00,2011-01-27 13:53:00,29.549999999999997,3.0,1308.53,2.2083881382279085,316,5,1308.53,2,3,3,233,At Risk
13507.0,2479.16,4,1597,2011-07-17 11:50:00,2011-12-06 13:13:00,0.0,0.0,2479.16,0.0,3,4,2479.16,4,3,4,434,Champions
13508.0,287.05,2,180,2010-03-07 11:58:00,2011-04-10 11:58:00,0.0,0.0,287.05,0.0,244,2,287.05,2,2,1,221,Regular Customers
13509.0,1114.72,8,1214,2010-07-20 12:10:00,2011-12-01 10:10:00,0.0,0.0,1114.72,0.0,9,8,1114.72,4,4,3,443,Champions
13510.0,4558.29,11,3044,2009-12-21 11:53:00,2011-12-08 13:46:00,69.9,6.0,4488.39,1.5334697880126102,1,11,4488.39,4,4,4,444,Champions
13511.0,282.76,1,60,2010-02-01 12:10:00,2010-02-01 12:10:00,38.15,1.0,244.60999999999999,13.492007356061677,677,1,244.60999999999999,1,1,1,111,Lost Customers
13512.0,713.39,4,419,2010-05-05 13:22:00,2011-03-24 10:03:00,0.0,0.0,713.39,0.0,261,4,713.39,2,3,2,232,Regular Customers
13513.0,824.59,3,364,2010-02-22 16:36:00,2011-08-05 11:50:00,27.6,1.0,796.99,3.34711796165367,127,3,796.99,2,2,2,222,Regular Customers
13514.0,815.9000000000001,4,288,2010-01-26 15:11:00,2011-09-27 09:39:00,0.0,0.0,815.9000000000001,0.0,74,4,815.9000000000001,3,3,2,332,Loyal Customers
13515.0,1265.82,6,819,2010-03-05 11:58:00,2011-09-28 11:26:00,0.0,0.0,1265.82,0.0,73,6,1265.82,3,3,3,333,Champions
13516.0,1685.26,4,1114,2010-10-18 08:52:00,2011-11-18 13:15:00,0.0,0.0,1685.26,0.0,21,4,1685.26,4,3,3,433,Champions
13517.0,2128.42,3,1369,2011-06-13 08:44:00,2011-10-11 11:43:00,19.35,2.0,2109.07,0.9091250786968738,60,3,2109.07,3,2,3,323,Potential Loyalists
13518.0,627.16,1,382,2011-09-15 10:29:00,2011-09-15 10:29:00,0.0,0.0,627.16,0.0,86,1,627.16,3,1,2,312,Potential Loyalists
13519.0,343.21,2,133,2010-09-23 11:45:00,2011-09-22 18:24:00,11.95,1.0,331.26,3.4818332799160863,78,2,331.26,3,2,1,321,Potential Loyalists
13520.0,6606.0,11,3179,2009-12-17 11:11:00,2011-10-12 10:20:00,228.75,4.0,6377.25,3.4627611262488642,59,11,6377.25,3,4,4,344,Champions
13521.0,1071.73,3,718,2011-11-29 15:09:00,2011-12-08 13:50:00,0.0,0.0,1071.73,0.0,1,3,1071.73,4,2,3,423,Potential Loyalists
13522.0,125.80000000000001,1,44,2011-11-09 15:11:00,2011-11-09 15:11:00,0.0,0.0,125.80000000000001,0.0,30,1,125.80000000000001,3,1,1,311,Potential Loyalists
13523.0,4534.57,6,1989,2010-11-02 14:55:00,2011-11-06 15:11:00,209.5,1.0,4325.07,4.620063203346734,33,6,4325.07,3,3,4,334,Champions
13524.0,680.1800000000001,5,324,2011-05-04 12:26:00,2011-10-30 12:34:00,0.0,0.0,680.1800000000001,0.0,41,5,680.1800000000001,3,3,2,332,Loyal Customers
13525.0,628.78,2,394,2011-04-05 15:36:00,2011-11-25 12:01:00,0.0,0.0,628.78,0.0,15,2,628.78,4,2,2,422,Potential Loyalists
13526.0,1182.0,2,1911,2009-12-01 12:56:00,2009-12-01 13:13:00,239.39999999999998,2.0,942.6,20.253807106598984,738,2,942.6,1,2,3,123,Lost Customers
13527.0,4541.29,12,2736,2010-01-21 12:37:00,2011-11-06 12:04:00,33.7,2.0,4507.59,0.7420798935985151,34,12,4507.59,3,4,4,344,Champions
13529.0,307.76,2,74,2011-05-19 11:50:00,2011-09-22 09:15:00,0.0,0.0,307.76,0.0,79,2,307.76,3,2,1,321,Potential Loyalists
13530.0,402.97999999999996,1,272,2010-03-15 14:10:00,2010-03-15 14:10:00,0.0,0.0,402.97999999999996,0.0,634,1,402.97999999999996,1,1,2,112,Lost Customers
13531.0,1433.07,6,497,2009-12-03 15:20:00,2011-05-18 16:56:00,0.0,0.0,1433.07,0.0,205,6,1433.07,2,3,3,233,At Risk
13532.0,210.31,1,129,2011-11-06 12:25:00,2011-11-06 12:25:00,0.0,0.0,210.31,0.0,34,1,210.31,3,1,1,311,Potential Loyalists
13533.0,269.09,3,202,2011-03-17 12:47:00,2011-06-10 11:54:00,0.0,0.0,269.09,0.0,183,3,269.09,2,2,1,221,Regular Customers
13534.0,7720.9,35,3869,2010-07-07 15:00:00,2011-12-07 14:52:00,396.4,25.0,7324.5,5.134116489010348,2,35,7324.5,4,4,4,444,Champions
13535.0,89.5,1,10,2010-11-02 11:49:00,2010-11-02 11:49:00,0.0,0.0,89.5,0.0,403,1,89.5,1,1,1,111,Lost Customers
13536.0,3444.39,7,2126,2011-09-25 13:30:00,2011-12-08 16:38:00,0.0,0.0,3444.39,0.0,1,7,3444.39,4,3,4,434,Champions
13537.0,717.85,2,337,2010-09-14 10:41:00,2010-10-10 12:45:00,0.0,0.0,717.85,0.0,426,2,717.85,1,2,2,122,Lost Customers
13538.0,3103.13,12,959,2010-02-02 12:47:00,2011-10-27 16:34:00,0.0,0.0,3103.13,0.0,43,12,3103.13,3,4,4,344,Champions
13539.0,1569.3600000000001,7,710,2010-04-28 12:04:00,2011-09-15 10:18:00,38.1,2.0,1531.2600000000002,2.4277412448386606,86,7,1531.2600000000002,3,3,3,333,Champions
13540.0,632.39,3,189,2010-02-22 09:22:00,2010-08-29 14:20:00,0.0,0.0,632.39,0.0,467,3,632.39,1,2,2,122,Lost Customers
13541.0,785.25,2,279,2010-05-18 16:15:00,2010-10-08 16:37:00,67.35000000000001,1.0,717.9,8.576886341929322,427,2,717.9,1,2,2,122,Lost Customers
13542.0,3959.4900000000002,17,804,2009-12-10 19:53:00,2010-11-28 11:24:00,35.4,1.0,3924.09,0.8940545373267769,377,17,3924.09,2,4,4,244,At Risk
13543.0,1439.6100000000001,2,329,2010-01-21 14:30:00,2010-03-15 13:34:00,0.0,0.0,1439.6100000000001,0.0,634,2,1439.6100000000001,1,2,3,123,Lost Customers
13544.0,790.2,6,331,2010-03-05 11:31:00,2011-10-31 11:57:00,8.5,1.0,781.7,1.0756770437863832,40,6,781.7,3,3,2,332,Loyal Customers
13545.0,364.93,2,252,2010-06-13 11:49:00,2010-11-14 11:27:00,27.29,1.0,337.64,7.4781464938481355,391,2,337.64,1,2,2,122,Lost Customers
13546.0,1086.24,5,587,2010-10-11 17:23:00,2011-11-27 14:50:00,0.0,0.0,1086.24,0.0,12,5,1086.24,4,3,3,433,Champions
13547.0,167.08,1,79,2010-10-27 14:14:00,2010-10-27 14:14:00,0.0,0.0,167.08,0.0,408,1,167.08,1,1,1,111,Lost Customers
13548.0,901.44,3,558,2010-08-25 13:44:00,2011-09-04 14:50:00,0.0,0.0,901.44,0.0,96,3,901.44,2,2,3,223,Regular Customers
13549.0,1005.8,8,554,2010-11-17 12:17:00,2011-11-14 09:20:00,2.08,1.0,1003.7199999999999,0.20680055677072978,26,8,1003.7199999999999,3,4,3,343,Champions
13550.0,342.55,1,430,2010-11-21 15:24:00,2010-11-21 15:24:00,0.0,0.0,342.55,0.0,383,1,342.55,1,1,2,112,Lost Customers
13551.0,244.2,2,36,2010-02-11 15:01:00,2011-01-24 14:46:00,0.0,0.0,244.2,0.0,319,2,244.2,2,2,1,221,Regular Customers
13552.0,6948.92,22,2630,2010-02-19 13:28:00,2011-10-04 15:19:00,360.29,10.0,6588.63,5.1848344778756985,66,22,6588.63,3,4,4,344,Champions
13553.0,499.6,1,201,2010-02-03 12:21:00,2010-02-03 12:21:00,0.0,0.0,499.6,0.0,675,1,499.6,1,1,2,112,Lost Customers
13554.0,1629.35,7,578,2010-09-19 12:39:00,2010-11-24 15:05:00,81.89,3.0,1547.4599999999998,5.02593058581643,380,7,1547.4599999999998,1,3,3,133,At Risk
13555.0,8891.84,13,4762,2010-01-19 13:20:00,2011-09-27 12:36:00,92.85,3.0,8798.99,1.0442158203476446,74,13,8798.99,3,4,4,344,Champions
13556.0,200.82,2,134,2010-09-30 09:01:00,2010-10-06 16:44:00,0.0,0.0,200.82,0.0,429,2,200.82,1,2,1,121,Lost Customers
13557.0,3032.26,13,2398,2009-12-08 17:41:00,2011-11-11 15:24:00,52.18000000000001,3.0,2980.0800000000004,1.720828688832752,28,13,2980.0800000000004,3,4,4,344,Champions
13558.0,594.52,4,338,2011-10-02 13:01:00,2011-12-04 11:24:00,0.0,0.0,594.52,0.0,6,4,594.52,4,3,2,432,Loyal Customers
13559.0,990.0,2,360,2010-06-14 11:52:00,2010-07-15 09:52:00,0.0,0.0,990.0,0.0,513,2,990.0,1,2,3,123,Lost Customers
13560.0,171.42000000000002,1,63,2011-12-02 13:11:00,2011-12-02 13:11:00,0.0,0.0,171.42000000000002,0.0,7,1,171.42000000000002,4,1,1,411,Potential Loyalists
13561.0,1803.4,11,1125,2010-02-28 13:42:00,2011-05-08 12:39:00,0.0,0.0,1803.4,0.0,216,11,1803.4,2,4,3,243,At Risk
13562.0,4838.18,8,1603,2010-01-14 16:33:00,2011-09-19 10:51:00,0.0,0.0,4838.18,0.0,82,8,4838.18,3,4,4,344,Champions
13563.0,777.53,2,209,2011-07-22 17:21:00,2011-09-16 14:45:00,0.0,0.0,777.53,0.0,84,2,777.53,3,2,2,322,Potential Loyalists
13564.0,16498.97,37,8878,2009-12-02 11:55:00,2011-07-18 14:33:00,1462.83,17.0,15036.140000000001,8.866189828819616,144,37,15036.140000000001,2,4,4,244,At Risk
13565.0,414.8,3,260,2010-10-24 15:51:00,2011-11-20 14:33:00,0.0,0.0,414.8,0.0,19,3,414.8,4,2,2,422,Potential Loyalists
13566.0,1688.6,5,1257,2010-03-10 12:22:00,2011-10-30 11:59:00,0.0,0.0,1688.6,0.0,41,5,1688.6,3,3,3,333,Champions
13567.0,1079.29,4,643,2010-06-16 12:48:00,2010-10-07 12:51:00,5.1,1.0,1074.19,0.4725328688304348,428,4,1074.19,1,3,3,133,At Risk
13568.0,187.05,1,66,2011-06-19 14:42:00,2011-06-19 14:42:00,0.0,0.0,187.05,0.0,173,1,187.05,2,1,1,211,Regular Customers
13569.0,726.54,4,345,2010-10-07 13:05:00,2011-11-22 13:07:00,0.0,0.0,726.54,0.0,17,4,726.54,4,3,2,432,Loyal Customers
13570.0,239.49,1,161,2011-04-10 13:36:00,2011-04-10 13:36:00,0.0,0.0,239.49,0.0,243,1,239.49,2,1,1,211,Regular Customers
13571.0,4537.26,26,3191,2009-12-08 13:02:00,2011-11-27 10:47:00,0.0,0.0,4537.26,0.0,13,26,4537.26,4,4,4,444,Champions
13572.0,1384.25,1,534,2011-05-18 11:59:00,2011-05-18 11:59:00,0.0,0.0,1384.25,0.0,206,1,1384.25,2,1,3,213,Regular Customers
13573.0,904.52,6,647,2010-03-12 16:06:00,2011-10-20 14:33:00,0.0,0.0,904.52,0.0,50,6,904.52,3,3,3,333,Champions
13574.0,404.45,1,304,2010-10-24 13:28:00,2010-10-24 13:28:00,0.0,0.0,404.45,0.0,411,1,404.45,1,1,2,112,Lost Customers
13575.0,732.0699999999999,5,449,2011-06-16 14:24:00,2011-11-16 13:14:00,0.0,0.0,732.0699999999999,0.0,23,5,732.0699999999999,4,3,2,432,Loyal Customers
13576.0,11202.59,28,4506,2009-12-08 15:12:00,2011-11-29 15:34:00,35.589999999999996,4.0,11167.0,0.3176943903150967,10,28,11167.0,4,4,4,444,Champions
13577.0,3489.28,11,1661,2009-12-14 16:10:00,2011-11-14 15:19:00,142.66,3.0,3346.6200000000003,4.088522560528246,25,11,3346.6200000000003,4,4,4,444,Champions
13578.0,147.66,1,127,2010-10-26 13:44:00,2010-10-26 13:44:00,0.0,0.0,147.66,0.0,409,1,147.66,1,1,1,111,Lost Customers
13579.0,1374.34,5,718,2010-02-18 13:53:00,2011-11-25 08:41:00,3.2,1.0,1371.1399999999999,0.2328390354642956,15,5,1371.1399999999999,4,3,3,433,Champions
13580.0,107.75,1,45,2010-10-29 15:01:00,2010-10-29 15:01:00,0.0,0.0,107.75,0.0,406,1,107.75,1,1,1,111,Lost Customers
13581.0,280.53000000000003,2,119,2010-10-21 16:30:00,2011-02-03 14:41:00,0.0,0.0,280.53000000000003,0.0,309,2,280.53000000000003,2,2,1,221,Regular Customers
13582.0,241.68,2,106,2010-04-01 11:38:00,2010-11-15 11:34:00,0.0,0.0,241.68,0.0,390,2,241.68,1,2,1,121,Lost Customers
13583.0,1445.031,2,1097,2010-01-29 13:53:00,2011-07-07 10:40:00,0.0,0.0,1445.031,0.0,156,2,1445.031,2,2,3,223,Regular Customers
13584.0,385.7,3,360,2010-02-02 08:40:00,2011-02-06 12:49:00,45.3,2.0,340.4,11.744879439979258,307,3,340.4,2,2,2,222,Regular Customers
13585.0,684.54,3,1386,2009-12-01 14:56:00,2010-06-27 12:33:00,10.08,1.0,674.4599999999999,1.4725216933999474,531,3,674.4599999999999,1,2,2,122,Lost Customers
13586.0,127.28,1,38,2010-06-16 13:47:00,2010-06-16 13:47:00,0.0,0.0,127.28,0.0,541,1,127.28,1,1,1,111,Lost Customers
13587.0,1673.5,4,664,2010-02-14 13:17:00,2011-10-07 12:31:00,365.4,2.0,1308.1,21.834478637585896,64,4,1308.1,3,3,3,333,Champions
13588.0,2478.95,9,2606,2011-03-29 15:53:00,2011-11-24 10:42:00,33.830000000000005,4.0,2445.12,1.364690695657436,16,9,2445.12,4,4,4,444,Champions
13589.0,1120.74,6,293,2009-12-06 10:26:00,2011-11-25 12:10:00,0.0,0.0,1120.74,0.0,15,6,1120.74,4,3,3,433,Champions
13590.0,6336.04,18,5271,2009-12-01 13:37:00,2011-11-28 12:54:00,51.3,3.0,6284.74,0.8096539794572003,11,18,6284.74,4,4,4,444,Champions
13591.0,2093.94,7,850,2009-12-14 15:44:00,2011-10-06 12:26:00,12.75,1.0,2081.19,0.6088999684804722,65,7,2081.19,3,3,3,333,Champions
13592.0,247.95999999999998,4,84,2011-03-20 14:01:00,2011-11-04 09:49:00,0.0,0.0,247.95999999999998,0.0,36,4,247.95999999999998,3,3,1,331,Loyal Customers
13593.0,5493.29,14,2170,2010-03-02 16:36:00,2011-08-23 13:35:00,48.48,2.0,5444.81,0.882531233559488,108,14,5444.81,2,4,4,244,At Risk
13594.0,533.32,2,396,2010-08-11 10:23:00,2011-10-18 10:19:00,24.9,1.0,508.4200000000001,4.668866721668041,53,2,508.4200000000001,3,2,2,322,Potential Loyalists
13595.0,784.48,3,341,2010-03-03 14:42:00,2010-07-11 12:36:00,0.0,0.0,784.48,0.0,517,3,784.48,1,2,2,122,Lost Customers
13596.0,664.11,2,384,2011-11-27 11:57:00,2011-12-04 12:01:00,0.0,0.0,664.11,0.0,6,2,664.11,4,2,2,422,Potential Loyalists
13597.0,396.71,2,231,2010-11-02 09:30:00,2010-11-04 14:54:00,24.5,1.0,372.21,6.175795921453959,400,2,372.21,1,2,2,122,Lost Customers
13598.0,761.96,5,393,2010-02-26 11:22:00,2011-10-23 14:28:00,12.75,1.0,749.21,1.6733161845766182,47,5,749.21,3,3,2,332,Loyal Customers
13599.0,9811.04,33,6248,2009-12-01 12:30:00,2011-12-08 16:10:00,377.29,19.0,9433.75,3.8455658115755313,1,33,9433.75,4,4,4,444,Champions
13600.0,518.42,2,599,2010-03-15 17:16:00,2011-01-31 15:27:00,0.0,0.0,518.42,0.0,312,2,518.42,2,2,2,222,Regular Customers
13601.0,1159.99,4,957,2010-06-11 15:03:00,2011-10-25 17:31:00,0.0,0.0,1159.99,0.0,45,4,1159.99,3,3,3,333,Champions
13602.0,1025.17,4,538,2010-05-28 11:49:00,2011-10-06 11:47:00,0.0,0.0,1025.17,0.0,65,4,1025.17,3,3,3,333,Champions
13603.0,164.34,1,164,2011-11-13 15:57:00,2011-11-13 15:57:00,0.0,0.0,164.34,0.0,26,1,164.34,3,1,1,311,Potential Loyalists
13604.0,717.62,1,242,2010-02-19 12:02:00,2010-02-19 12:02:00,4.23,1.0,713.39,0.5894484546138625,659,1,713.39,1,1,2,112,Lost Customers
13605.0,522.67,2,425,2010-05-17 15:46:00,2010-11-17 17:16:00,0.0,0.0,522.67,0.0,387,2,522.67,1,2,2,122,Lost Customers
13606.0,276.75,3,276,2011-02-01 11:42:00,2011-11-10 17:46:00,0.0,0.0,276.75,0.0,29,3,276.75,3,2,1,321,Potential Loyalists
13607.0,1075.81,2,466,2010-11-02 11:48:00,2011-10-30 16:17:00,17.700000000000003,1.0,1058.11,1.6452719346352986,40,2,1058.11,3,2,3,323,Potential Loyalists
13608.0,232.05,1,110,2010-06-17 12:28:00,2010-06-17 12:28:00,0.0,0.0,232.05,0.0,541,1,232.05,1,1,1,111,Lost Customers
13609.0,167.35,1,19,2010-04-25 13:26:00,2010-04-25 13:26:00,0.0,0.0,167.35,0.0,593,1,167.35,1,1,1,111,Lost Customers
13610.0,2103.71,14,869,2010-01-05 14:12:00,2011-11-27 15:38:00,31.75,3.0,2071.96,1.5092384406595967,12,14,2071.96,4,4,3,443,Champions
13611.0,3297.9300000000003,10,1988,2009-12-03 07:57:00,2011-09-11 14:51:00,38.5,4.0,3259.4300000000003,1.1673989441862016,89,10,3259.4300000000003,3,4,4,344,Champions
13612.0,818.29,1,444,2010-03-17 12:14:00,2010-03-17 12:14:00,40.5,1.0,777.79,4.949345586528004,633,1,777.79,1,1,2,112,Lost Customers
13613.0,1039.8500000000001,5,445,2010-02-17 12:40:00,2010-09-13 12:01:00,0.0,0.0,1039.8500000000001,0.0,453,5,1039.8500000000001,1,3,3,133,At Risk
13614.0,2332.74,6,821,2010-06-06 13:42:00,2011-11-15 14:47:00,0.0,0.0,2332.74,0.0,24,6,2332.74,4,3,4,434,Champions
13615.0,6272.53,8,2910,2010-01-28 15:43:00,2011-01-25 08:21:00,60.300000000000004,4.0,6212.23,0.9613345811020435,319,8,6212.23,2,4,4,244,At Risk
13616.0,283.85,2,172,2010-01-17 14:56:00,2010-05-20 12:59:00,0.0,0.0,283.85,0.0,568,2,283.85,1,2,1,121,Lost Customers
13617.0,1278.75,8,593,2010-08-01 15:23:00,2011-10-30 13:50:00,14.95,1.0,1263.8,1.16911045943304,40,8,1263.8,3,4,3,343,Champions
13618.0,177.34,1,246,2011-06-19 11:09:00,2011-06-19 11:09:00,0.0,0.0,177.34,0.0,174,1,177.34,2,1,1,211,Regular Customers
13619.0,224.94,2,79,2010-02-03 14:16:00,2010-06-13 11:39:00,0.0,0.0,224.94,0.0,545,2,224.94,1,2,1,121,Lost Customers
13620.0,112.34,1,74,2010-06-29 15:02:00,2010-06-29 15:02:00,0.0,0.0,112.34,0.0,528,1,112.34,1,1,1,111,Lost Customers
13621.0,213.85,1,343,2011-08-15 08:26:00,2011-08-15 08:26:00,0.0,0.0,213.85,0.0,117,1,213.85,2,1,1,211,Regular Customers
13622.0,658.95,1,379,2010-01-12 13:22:00,2010-01-12 13:22:00,7.5,1.0,651.45,1.1381743683132255,696,1,651.45,1,1,2,112,Lost Customers
13623.0,2533.06,10,1010,2009-12-02 13:57:00,2011-11-09 12:00:00,120.13,5.0,2412.93,4.742485373421869,31,10,2412.93,3,4,4,344,Champions
13624.0,462.08,1,820,2010-11-16 13:43:00,2010-11-16 13:43:00,34.9,1.0,427.18,7.552804709141274,388,1,427.18,1,1,2,112,Lost Customers
13625.0,301.26,1,144,2010-04-22 10:50:00,2010-04-22 10:50:00,0.0,0.0,301.26,0.0,597,1,301.26,1,1,1,111,Lost Customers
13626.0,707.04,2,398,2010-11-25 16:12:00,2011-04-01 10:05:00,17.55,1.0,689.49,2.482179226069247,253,2,689.49,2,2,2,222,Regular Customers
13627.0,2245.9,7,1632,2010-03-09 14:03:00,2011-10-11 14:20:00,28.35,3.0,2217.55,1.2623001914599938,59,7,2217.55,3,3,4,334,Champions
13628.0,310.14,1,106,2010-02-01 14:44:00,2010-02-01 14:44:00,0.0,0.0,310.14,0.0,676,1,310.14,1,1,1,111,Lost Customers
13629.0,13370.86,19,7722,2010-02-11 17:34:00,2011-11-16 13:21:00,0.0,0.0,13370.86,0.0,23,19,13370.86,4,4,4,444,Champions
13630.0,2031.78,7,1391,2011-02-27 12:49:00,2011-12-04 15:16:00,36.1,4.0,1995.68,1.7767671696738823,5,7,1995.68,4,3,3,433,Champions
13631.0,3070.42,11,467,2011-03-17 17:13:00,2011-09-01 09:57:00,48.65,1.0,3021.77,1.584473785345327,100,11,3021.77,2,4,4,244,At Risk
13632.0,3645.81,8,1633,2010-04-07 10:59:00,2011-11-15 10:51:00,13.45,2.0,3632.36,0.36891664678082514,25,8,3632.36,4,4,4,444,Champions
13634.0,5033.77,16,2090,2010-01-10 14:26:00,2011-11-06 13:40:00,553.9200000000001,1.0,4479.85,11.004078454120867,33,16,4479.85,3,4,4,344,Champions
13635.0,2999.16,4,1884,2009-12-01 09:46:00,2011-10-03 10:55:00,50.94,2.0,2948.22,1.698475573160485,68,4,2948.22,3,3,4,334,Champions
13636.0,949.12,5,592,2011-02-27 14:29:00,2011-11-03 10:30:00,7.5,1.0,941.62,0.7902056641942009,37,5,941.62,3,3,3,333,Champions
13637.0,804.3,3,405,2011-04-27 13:06:00,2011-10-18 13:32:00,0.0,0.0,804.3,0.0,52,3,804.3,3,2,2,322,Potential Loyalists
13638.0,122.64,1,93,2011-11-24 10:38:00,2011-11-24 10:38:00,0.0,0.0,122.64,0.0,16,1,122.64,4,1,1,411,Potential Loyalists
13639.0,1346.27,2,997,2010-09-29 10:05:00,2011-09-26 13:36:00,0.0,0.0,1346.27,0.0,74,2,1346.27,3,2,3,323,Potential Loyalists
13640.0,405.0,1,108,2010-04-07 15:33:00,2010-04-07 15:33:00,0.0,0.0,405.0,0.0,611,1,405.0,1,1,2,112,Lost Customers
13641.0,1016.47,5,1098,2009-12-05 13:17:00,2010-03-09 07:37:00,94.65,2.0,921.82,9.311637333123457,641,5,921.82,1,3,3,133,At Risk
13642.0,472.2,4,231,2010-10-03 12:23:00,2011-05-08 12:34:00,12.75,1.0,459.45,2.7001270648030493,216,4,459.45,2,3,2,232,Regular Customers
13643.0,2156.77,10,902,2009-12-08 12:48:00,2011-11-08 15:37:00,44.6,5.0,2112.17,2.0679071018235606,31,10,2112.17,3,4,3,343,Champions
13644.0,2624.26,4,2067,2011-08-26 11:53:00,2011-11-23 14:07:00,26.74,1.0,2597.5200000000004,1.0189539146273614,16,4,2597.5200000000004,4,3,4,434,Champions
13645.0,252.1,1,158,2011-08-11 16:11:00,2011-08-11 16:11:00,0.0,0.0,252.1,0.0,120,1,252.1,2,1,1,211,Regular Customers
13646.0,326.25,2,79,2010-11-05 12:00:00,2010-11-05 12:13:00,2.95,1.0,323.3,0.9042145593869733,400,2,323.3,1,2,1,121,Lost Customers
13647.0,3041.68,8,1795,2010-04-15 12:55:00,2011-11-30 12:00:00,7.9,1.0,3033.7799999999997,0.25972488887719947,10,8,3033.7799999999997,4,4,4,444,Champions
13648.0,1764.02,8,960,2009-12-01 18:13:00,2010-11-04 14:46:00,85.01,3.0,1679.01,4.81910635933833,400,8,1679.01,1,4,3,143,At Risk
13649.0,1453.68,6,782,2010-06-30 16:35:00,2011-03-28 11:51:00,0.0,0.0,1453.68,0.0,257,6,1453.68,2,3,3,233,At Risk
13650.0,3288.0,10,1746,2010-01-26 08:44:00,2011-11-23 12:22:00,189.5,6.0,3098.5,5.76338199513382,17,10,3098.5,4,4,4,444,Champions
13651.0,226.85,3,62,2010-11-23 09:44:00,2011-11-04 14:59:00,17.9,1.0,208.95,7.890676658584968,35,3,208.95,3,2,1,321,Potential Loyalists
13652.0,2262.05,5,1458,2010-02-25 17:37:00,2011-10-25 08:51:00,0.0,0.0,2262.05,0.0,46,5,2262.05,3,3,4,334,Champions
13653.0,152.2,1,72,2010-08-09 08:19:00,2010-08-09 08:19:00,0.0,0.0,152.2,0.0,488,1,152.2,1,1,1,111,Lost Customers
13654.0,6308.0,11,4762,2009-12-02 11:43:00,2011-10-27 16:24:00,0.0,0.0,6308.0,0.0,43,11,6308.0,3,4,4,344,Champions
13655.0,2280.51,6,1225,2010-04-27 09:59:00,2011-08-17 14:25:00,21.21,2.0,2259.3,0.9300551192496416,114,6,2259.3,2,3,4,234,At Risk
13656.0,1078.85,4,862,2010-04-23 12:50:00,2011-06-28 10:31:00,25.5,3.0,1053.35,2.3636279371553046,165,4,1053.35,2,3,3,233,At Risk
13657.0,382.14,2,209,2011-05-22 12:35:00,2011-11-29 12:32:00,0.0,0.0,382.14,0.0,11,2,382.14,4,2,2,422,Potential Loyalists
13658.0,6025.5,9,2171,2010-02-05 13:17:00,2011-11-30 10:13:00,253.43,4.0,5772.07,4.205958011783255,10,9,5772.07,4,4,4,444,Champions
13659.0,4884.68,12,2527,2010-02-17 09:05:00,2011-05-18 12:37:00,178.25,5.0,4706.43,3.6491643260152147,206,12,4706.43,2,4,4,244,At Risk
13660.0,306.64,1,136,2010-11-04 16:10:00,2010-11-04 16:10:00,10.9,1.0,295.74,3.554656926689278,400,1,295.74,1,1,1,111,Lost Customers
13661.0,325.24,1,118,2010-04-15 14:58:00,2010-04-15 14:58:00,0.0,0.0,325.24,0.0,603,1,325.24,1,1,1,111,Lost Customers
13662.0,2233.61,11,1169,2010-02-19 13:21:00,2011-09-15 12:04:00,66.98,6.0,2166.63,2.9987329927785065,86,11,2166.63,3,4,3,343,Champions
13663.0,2047.51,5,893,2010-03-03 10:11:00,2011-06-13 15:44:00,33.9,1.0,2013.61,1.6556695693793926,179,5,2013.61,2,3,3,233,At Risk
13665.0,1711.6599999999999,3,1652,2010-07-23 13:29:00,2010-11-18 13:06:00,0.0,0.0,1711.6599999999999,0.0,386,3,1711.6599999999999,1,2,3,123,Lost Customers
13666.0,127.89999999999999,5,54,2009-12-04 10:48:00,2011-10-10 15:39:00,0.0,0.0,127.89999999999999,0.0,60,5,127.89999999999999,3,3,1,331,Loyal Customers
13667.0,299.05,1,149,2011-07-13 15:42:00,2011-07-13 15:42:00,0.0,0.0,299.05,0.0,149,1,299.05,2,1,1,211,Regular Customers
13668.0,12948.48,35,6096,2009-12-11 14:28:00,2011-12-07 12:11:00,340.8,12.0,12607.68,2.63196915776987,3,35,12607.68,4,4,4,444,Champions
13669.0,413.55,3,393,2010-10-28 15:05:00,2011-10-20 09:32:00,0.0,0.0,413.55,0.0,51,3,413.55,3,2,2,322,Potential Loyalists
13670.0,349.7,1,282,2011-09-25 15:25:00,2011-09-25 15:25:00,0.0,0.0,349.7,0.0,75,1,349.7,3,1,2,312,Potential Loyalists
13671.0,172.6,1,95,2010-11-10 10:50:00,2010-11-10 10:50:00,0.0,0.0,172.6,0.0,395,1,172.6,1,1,1,111,Lost Customers
13672.0,419.92,3,138,2009-12-09 11:40:00,2011-02-11 13:53:00,257.85,4.0,162.07,61.40455324823776,301,3,162.07,2,2,1,221,Regular Customers
13673.0,387.44,2,114,2011-11-07 15:40:00,2011-11-21 12:11:00,0.0,0.0,387.44,0.0,19,2,387.44,4,2,2,422,Potential Loyalists
13674.0,240.68,1,102,2010-10-03 10:41:00,2010-10-03 10:41:00,24.8,1.0,215.88,10.304138274887817,433,1,215.88,1,1,1,111,Lost Customers
13675.0,486.82000000000005,2,330,2011-02-28 12:14:00,2011-07-11 12:57:00,0.0,0.0,486.82000000000005,0.0,151,2,486.82000000000005,2,2,2,222,Regular Customers
13676.0,243.9,2,104,2010-03-30 16:53:00,2010-06-18 17:30:00,90.75,1.0,153.15,37.20787207872079,539,2,153.15,1,2,1,121,Lost Customers
13677.0,551.24,2,217,2010-07-07 17:25:00,2010-10-31 11:32:00,0.0,0.0,551.24,0.0,405,2,551.24,1,2,2,122,Lost Customers
13678.0,232.6,1,924,2011-07-11 10:14:00,2011-07-11 10:14:00,0.0,0.0,232.6,0.0,152,1,232.6,2,1,1,211,Regular Customers
13679.0,281.26,3,102,2009-12-04 16:52:00,2010-08-03 12:13:00,0.0,0.0,281.26,0.0,494,3,281.26,1,2,1,121,Lost Customers
13680.0,11419.67,12,5244,2009-12-04 14:14:00,2011-12-08 13:47:00,1520.11,1.0,9899.56,13.311330362436042,1,12,9899.56,4,4,4,444,Champions
13681.0,827.83,4,360,2011-07-07 15:21:00,2011-11-22 11:13:00,0.0,0.0,827.83,0.0,18,4,827.83,4,3,2,432,Loyal Customers
13682.0,59.5,1,10,2011-06-05 14:06:00,2011-06-05 14:06:00,0.0,0.0,59.5,0.0,187,1,59.5,2,1,1,211,Regular Customers
13683.0,258.6,1,180,2010-09-08 10:00:00,2010-09-08 10:00:00,0.0,0.0,258.6,0.0,458,1,258.6,1,1,1,111,Lost Customers
13684.0,594.88,4,234,2010-03-28 14:48:00,2011-02-27 10:13:00,50.46,2.0,544.42,8.482383001613771,286,4,544.42,2,3,2,232,Regular Customers
13685.0,3119.44,7,5056,2011-10-10 12:59:00,2011-12-07 11:41:00,0.0,0.0,3119.44,0.0,3,7,3119.44,4,3,4,434,Champions
13686.0,409.04,3,378,2010-11-03 13:44:00,2011-06-10 09:10:00,0.0,0.0,409.04,0.0,183,3,409.04,2,2,2,222,Regular Customers
13687.0,11880.84,1,87167,2010-09-27 16:30:00,2010-09-27 16:30:00,0.0,0.0,11880.84,0.0,438,1,11880.84,1,1,4,114,Lost Customers
13688.0,375.5,1,130,2010-03-14 14:11:00,2010-03-14 14:11:00,0.0,0.0,375.5,0.0,635,1,375.5,1,1,2,112,Lost Customers
13689.0,1259.5,2,722,2010-09-21 10:27:00,2011-10-07 13:21:00,0.0,0.0,1259.5,0.0,63,2,1259.5,3,2,3,323,Potential Loyalists
13690.0,172.25,1,67,2011-10-11 15:03:00,2011-10-11 15:03:00,0.0,0.0,172.25,0.0,59,1,172.25,3,1,1,311,Potential Loyalists
13691.0,212.78,1,145,2010-11-08 17:34:00,2010-11-08 17:34:00,0.0,0.0,212.78,0.0,396,1,212.78,1,1,1,111,Lost Customers
13692.0,3114.4,5,2101,2010-10-15 13:28:00,2011-11-15 11:17:00,97.95,3.0,3016.4500000000003,3.1450680708964804,25,5,3016.4500000000003,4,3,4,434,Champions
13693.0,2011.82,9,880,2009-12-07 11:29:00,2010-11-30 18:21:00,63.5,4.0,1948.32,3.1563459951685537,374,9,1948.32,2,4,3,243,At Risk
13694.0,195640.69,143,188201,2009-12-04 15:26:00,2011-12-06 09:32:00,5619.85,21.0,190020.84,2.8725363828966257,4,143,190020.84,4,4,4,444,Champions
13695.0,2770.73,16,1791,2010-05-11 11:07:00,2011-11-08 14:26:00,0.0,0.0,2770.73,0.0,31,16,2770.73,3,4,4,344,Champions
13696.0,2020.4,3,552,2010-02-11 14:17:00,2010-10-14 09:44:00,11.7,1.0,2008.7,0.5790932488616115,422,3,2008.7,1,2,3,123,Lost Customers
13697.0,151.29999999999998,1,177,2011-11-01 09:14:00,2011-11-01 09:14:00,0.0,0.0,151.29999999999998,0.0,39,1,151.29999999999998,3,1,1,311,Potential Loyalists
13698.0,451.73,2,227,2010-01-27 09:02:00,2010-04-22 11:52:00,0.0,0.0,451.73,0.0,597,2,451.73,1,2,2,122,Lost Customers
13699.0,764.15,2,219,2010-06-07 13:03:00,2011-07-07 16:51:00,52.75,1.0,711.4,6.903094942092522,155,2,711.4,2,2,2,222,Regular Customers
13700.0,2596.9700000000003,13,2786,2010-02-07 10:53:00,2011-11-13 13:00:00,27.25,1.0,2569.7200000000003,1.0492997608751737,26,13,2569.7200000000003,3,4,4,344,Champions
13701.0,161.0,1,80,2010-09-19 12:39:00,2010-09-19 12:39:00,1.45,1.0,159.55,0.9006211180124223,447,1,159.55,1,1,1,111,Lost Customers
13702.0,135.18,1,74,2010-09-20 11:40:00,2010-09-20 11:40:00,0.0,0.0,135.18,0.0,446,1,135.18,1,1,1,111,Lost Customers
13703.0,425.56,2,128,2010-10-20 13:11:00,2011-01-25 13:10:00,326.06,1.0,99.5,76.61904314315255,318,2,99.5,2,2,1,221,Regular Customers
13704.0,2308.06,9,1531,2011-09-12 14:40:00,2011-12-04 15:13:00,12.75,1.0,2295.31,0.5524119823574777,5,9,2295.31,4,4,4,444,Champions
13705.0,1717.19,7,906,2010-03-25 17:19:00,2011-12-02 12:32:00,0.0,0.0,1717.19,0.0,8,7,1717.19,4,3,3,433,Champions
13706.0,631.17,2,301,2010-03-23 09:18:00,2011-02-10 09:21:00,0.0,0.0,631.17,0.0,303,2,631.17,2,2,2,222,Regular Customers
13707.0,3365.86,5,2210,2010-06-21 11:57:00,2011-03-17 18:03:00,0.0,0.0,3365.86,0.0,267,5,3365.86,2,3,4,234,At Risk
13708.0,285.33,1,301,2011-03-13 13:46:00,2011-03-13 13:46:00,0.0,0.0,285.33,0.0,271,1,285.33,2,1,1,211,Regular Customers
13709.0,7571.35,18,4122,2010-01-11 10:40:00,2011-12-06 10:28:00,78.94,4.0,7492.410000000001,1.0426145931703066,4,18,7492.410000000001,4,4,4,444,Champions
13710.0,509.52,3,336,2010-04-06 12:54:00,2011-11-08 08:16:00,0.0,0.0,509.52,0.0,32,3,509.52,3,2,2,322,Potential Loyalists
13711.0,1792.26,9,819,2009-12-15 19:04:00,2011-05-05 10:31:00,159.65,6.0,1632.61,8.907747759811635,219,9,1632.61,2,4,3,243,At Risk
13712.0,766.42,2,1128,2010-04-08 11:16:00,2011-04-07 12:33:00,0.0,0.0,766.42,0.0,247,2,766.42,2,2,2,222,Regular Customers
13713.0,740.76,3,284,2010-05-05 16:48:00,2010-10-27 16:18:00,0.0,0.0,740.76,0.0,408,3,740.76,1,2,2,122,Lost Customers
13714.0,161.35,1,50,2010-08-31 13:57:00,2010-08-31 13:57:00,0.0,0.0,161.35,0.0,465,1,161.35,1,1,1,111,Lost Customers
13715.0,8153.04,17,4800,2010-03-11 15:33:00,2011-03-03 19:21:00,44.95,4.0,8108.09,0.5513280935700058,281,17,8108.09,2,4,4,244,At Risk
13716.0,138.28,1,138,2011-03-15 13:49:00,2011-03-15 13:49:00,0.0,0.0,138.28,0.0,269,1,138.28,2,1,1,211,Regular Customers
13717.0,1763.3,8,2144,2010-08-11 09:40:00,2011-11-07 14:13:00,15.25,3.0,1748.05,0.8648556683491182,32,8,1748.05,3,4,3,343,Champions
13718.0,306.55,2,173,2011-02-17 11:58:00,2011-04-07 13:24:00,0.0,0.0,306.55,0.0,246,2,306.55,2,2,1,221,Regular Customers
13719.0,2783.08,11,1588,2010-05-17 14:36:00,2011-11-24 15:26:00,0.0,0.0,2783.08,0.0,15,11,2783.08,4,4,4,444,Champions
13720.0,799.9,4,501,2011-03-30 09:17:00,2011-08-15 12:46:00,0.0,0.0,799.9,0.0,117,4,799.9,2,3,2,232,Regular Customers
13721.0,741.54,2,512,2010-11-09 17:59:00,2011-11-03 14:05:00,0.0,0.0,741.54,0.0,36,2,741.54,3,2,2,322,Potential Loyalists
13722.0,5635.41,10,3059,2010-03-03 14:13:00,2011-07-31 12:44:00,6.25,1.0,5629.16,0.11090586133040899,132,10,5629.16,2,4,4,244,At Risk
13723.0,1194.08,6,593,2010-04-07 14:32:00,2011-05-06 17:04:00,0.0,0.0,1194.08,0.0,217,6,1194.08,2,3,3,233,At Risk
13724.0,213.01,1,130,2010-03-12 15:28:00,2010-03-12 15:28:00,0.0,0.0,213.01,0.0,637,1,213.01,1,1,1,111,Lost Customers
13725.0,1980.56,8,806,2011-02-04 12:18:00,2011-10-21 10:03:00,170.75,3.0,1809.81,8.62129902653795,50,8,1809.81,3,4,3,343,Champions
13726.0,1079.6599999999999,2,1054,2011-08-31 11:06:00,2011-11-01 10:49:00,0.0,0.0,1079.6599999999999,0.0,39,2,1079.6599999999999,3,2,3,323,Potential Loyalists
13727.0,1074.15,8,368,2009-12-09 13:25:00,2011-11-11 09:46:00,12.75,1.0,1061.4,1.1869850579527998,29,8,1061.4,3,4,3,343,Champions
13728.0,2855.17,16,1269,2009-12-09 17:13:00,2011-11-03 10:49:00,0.0,0.0,2855.17,0.0,37,16,2855.17,3,4,4,344,Champions
13729.0,724.73,3,419,2010-01-24 14:57:00,2010-09-30 10:44:00,48.3,2.0,676.4300000000001,6.664550936210727,436,3,676.4300000000001,1,2,2,122,Lost Customers
13730.0,752.6,2,488,2011-07-01 12:47:00,2011-07-27 08:35:00,0.0,0.0,752.6,0.0,136,2,752.6,2,2,2,222,Regular Customers
13731.0,610.59,2,278,2011-04-07 10:10:00,2011-05-04 14:33:00,0.0,0.0,610.59,0.0,219,2,610.59,2,2,2,222,Regular Customers
13732.0,491.86,1,498,2011-11-11 15:49:00,2011-11-11 15:49:00,0.0,0.0,491.86,0.0,28,1,491.86,3,1,2,312,Potential Loyalists
13733.0,487.03000000000003,2,335,2009-12-04 15:28:00,2010-10-25 12:18:00,2.5,1.0,484.53000000000003,0.5133154015153071,411,2,484.53000000000003,1,2,2,122,Lost Customers
13734.0,6695.6900000000005,4,302,2010-04-16 08:42:00,2010-07-19 12:04:00,3250.3500000000004,2.0,3445.34,48.54391407009584,509,4,3445.34,1,3,4,134,At Risk
13735.0,9762.77,13,4135,2009-12-13 13:31:00,2011-11-15 11:14:00,340.41,9.0,9422.36,3.486817778151078,25,13,9422.36,4,4,4,444,Champions
13736.0,2752.47,7,1549,2009-12-06 12:07:00,2011-12-04 15:19:00,51.2,5.0,2701.27,1.860147431216326,5,7,2701.27,4,3,4,434,Champions
13737.0,339.59999999999997,1,125,2011-05-23 16:32:00,2011-05-23 16:32:00,0.0,0.0,339.59999999999997,0.0,200,1,339.59999999999997,2,1,2,212,Regular Customers
13738.0,434.78000000000003,1,237,2010-11-08 15:23:00,2010-11-08 15:23:00,0.0,0.0,434.78000000000003,0.0,396,1,434.78000000000003,1,1,2,112,Lost Customers
13739.0,292.2,2,76,2010-06-30 10:25:00,2011-11-21 13:35:00,0.0,0.0,292.2,0.0,18,2,292.2,4,2,1,421,Potential Loyalists
13740.0,1582.77,5,987,2009-12-02 12:22:00,2011-04-13 10:32:00,0.0,0.0,1582.77,0.0,241,5,1582.77,2,3,3,233,At Risk
13741.0,668.4300000000001,3,218,2011-05-06 13:43:00,2011-09-29 09:19:00,2.1,1.0,666.33,0.3141690229343387,72,3,666.33,3,2,2,322,Potential Loyalists
13742.0,3107.87,12,1115,2011-01-23 14:59:00,2011-11-23 11:07:00,28.599999999999998,2.0,3079.27,0.920244411767545,17,12,3079.27,4,4,4,444,Champions
13743.0,1341.6,7,1776,2011-03-25 14:46:00,2011-12-07 10:09:00,1.45,1.0,1340.1499999999999,0.10807990459153251,3,7,1340.1499999999999,4,3,3,433,Champions
13744.0,1080.52,2,1153,2011-02-20 14:08:00,2011-09-05 15:19:00,0.0,0.0,1080.52,0.0,95,2,1080.52,3,2,3,323,Potential Loyalists
13745.0,777.36,2,1146,2010-06-11 17:19:00,2011-06-30 16:43:00,16.09,2.0,761.27,2.0698260780076154,162,2,761.27,2,2,2,222,Regular Customers
13746.0,176.69,1,83,2010-10-22 11:55:00,2010-10-22 11:55:00,0.0,0.0,176.69,0.0,414,1,176.69,1,1,1,111,Lost Customers
13747.0,169.79999999999998,2,60,2010-10-11 09:15:00,2010-12-01 10:37:00,0.0,0.0,169.79999999999998,0.0,374,2,169.79999999999998,2,2,1,221,Regular Customers
13748.0,2064.35,9,1028,2009-12-01 16:44:00,2011-09-05 09:45:00,0.0,0.0,2064.35,0.0,96,9,2064.35,2,4,3,243,At Risk
13750.0,3602.1800000000003,11,1370,2010-04-01 14:49:00,2011-10-17 12:16:00,38.58,2.0,3563.6000000000004,1.0710181057026578,54,11,3563.6000000000004,3,4,4,344,Champions
13751.0,296.25,1,152,2011-02-24 15:56:00,2011-02-24 15:56:00,0.0,0.0,296.25,0.0,288,1,296.25,2,1,1,211,Regular Customers
13752.0,1579.8300000000002,7,1005,2010-06-30 10:23:00,2011-08-07 14:16:00,0.0,0.0,1579.8300000000002,0.0,124,7,1579.8300000000002,2,3,3,233,At Risk
13753.0,2094.57,4,1450,2009-12-03 10:20:00,2011-02-25 12:48:00,0.0,0.0,2094.57,0.0,288,4,2094.57,2,3,3,233,At Risk
13754.0,447.05,3,315,2010-09-28 15:29:00,2011-07-11 11:51:00,0.0,0.0,447.05,0.0,152,3,447.05,2,2,2,222,Regular Customers
13755.0,2108.06,9,1242,2011-10-07 15:45:00,2011-12-06 12:26:00,6.67,1.0,2101.39,0.3164046564139541,4,9,2101.39,4,4,3,443,Champions
13756.0,8655.95,23,5138,2009-12-15 15:18:00,2011-12-07 16:44:00,60.300000000000004,2.0,8595.650000000001,0.6966306413507471,2,23,8595.650000000001,4,4,4,444,Champions
13757.0,195.55,1,54,2010-02-03 12:37:00,2010-02-03 12:37:00,0.0,0.0,195.55,0.0,675,1,195.55,1,1,1,111,Lost Customers
13758.0,8698.13,15,4667,2009-12-01 10:06:00,2011-11-28 11:11:00,153.84,4.0,8544.289999999999,1.7686560214666833,12,15,8544.289999999999,4,4,4,444,Champions
13759.0,659.4100000000001,2,287,2011-09-29 15:40:00,2011-11-06 14:47:00,0.0,0.0,659.4100000000001,0.0,33,2,659.4100000000001,3,2,2,322,Potential Loyalists
13760.0,1363.6399999999999,5,623,2010-04-25 13:10:00,2011-10-16 16:13:00,5.0,1.0,1358.6399999999999,0.3666656888914963,54,5,1358.6399999999999,3,3,3,333,Champions
13761.0,1952.17,6,1079,2010-02-21 11:08:00,2011-10-20 14:01:00,0.0,0.0,1952.17,0.0,50,6,1952.17,3,3,3,333,Champions
13762.0,2472.48,5,2608,2010-01-10 12:13:00,2011-05-05 09:15:00,306.71999999999997,1.0,2165.76,12.40535818287711,219,5,2165.76,2,3,3,233,At Risk
13763.0,5217.4400000000005,3,3224,2010-09-30 17:39:00,2011-10-07 15:13:00,35.45,3.0,5181.990000000001,0.67945199178141,63,3,5181.990000000001,3,2,4,324,Potential Loyalists
13764.0,2919.62,6,2084,2010-03-07 12:56:00,2011-09-30 12:03:00,0.0,0.0,2919.62,0.0,71,6,2919.62,3,3,4,334,Champions
13765.0,352.821,1,297,2010-02-24 13:46:00,2010-02-24 13:46:00,0.0,0.0,352.821,0.0,653,1,352.821,1,1,2,112,Lost Customers
13766.0,190.35,1,137,2010-08-01 14:25:00,2010-08-01 14:25:00,0.0,0.0,190.35,0.0,495,1,190.35,1,1,1,111,Lost Customers
13767.0,33903.57,73,14595,2009-12-01 10:52:00,2011-12-07 15:00:00,422.75,23.0,33480.82,1.2469188348011728,2,73,33480.82,4,4,4,444,Champions
13768.0,875.97,2,373,2009-12-09 10:25:00,2009-12-13 10:41:00,117.9,6.0,758.07,13.459365046748175,727,2,758.07,1,2,2,122,Lost Customers
13769.0,5478.12,20,2452,2009-12-16 11:59:00,2011-12-07 15:08:00,33.79,9.0,5444.33,0.6168174483216871,2,20,5444.33,4,4,4,444,Champions
13770.0,785.37,4,468,2009-12-09 14:44:00,2010-10-13 15:10:00,0.0,0.0,785.37,0.0,422,4,785.37,1,3,2,132,Regular Customers
13771.0,5728.82,9,3140,2010-02-25 12:37:00,2011-10-06 14:18:00,2.75,1.0,5726.07,0.04800290461211908,64,9,5726.07,3,4,4,344,Champions
13772.0,3100.02,8,1446,2010-02-23 13:55:00,2011-11-06 11:43:00,19.5,1.0,3080.52,0.6290281998180657,34,8,3080.52,3,4,4,344,Champions
13773.0,301.54,2,174,2010-02-18 10:27:00,2010-11-08 11:49:00,0.0,0.0,301.54,0.0,397,2,301.54,1,2,1,121,Lost Customers
13774.0,345.0,1,192,2011-09-19 12:06:00,2011-09-19 12:06:00,0.0,0.0,345.0,0.0,82,1,345.0,3,1,2,312,Potential Loyalists
13775.0,1049.66,1,455,2010-04-28 12:15:00,2010-04-28 12:15:00,0.0,0.0,1049.66,0.0,591,1,1049.66,1,1,3,113,Lost Customers
13777.0,49638.26,61,23190,2009-12-02 09:47:00,2011-12-09 12:25:00,419.85,12.0,49218.41,0.8458193337155653,1,61,49218.41,4,4,4,444,Champions
13778.0,1124.49,4,511,2010-05-23 13:34:00,2011-08-28 15:25:00,7.95,1.0,1116.54,0.7069871675159406,103,4,1116.54,2,3,3,233,At Risk
13779.0,161.13,1,53,2010-07-12 11:24:00,2010-07-12 11:24:00,0.0,0.0,161.13,0.0,516,1,161.13,1,1,1,111,Lost Customers
13780.0,732.07,3,479,2010-10-28 19:51:00,2011-12-02 13:49:00,0.0,0.0,732.07,0.0,7,3,732.07,4,2,2,422,Potential Loyalists
13781.0,778.83,3,300,2009-12-18 15:46:00,2011-04-03 12:08:00,7.95,1.0,770.88,1.0207619120989175,251,3,770.88,2,2,2,222,Regular Customers
13782.0,1786.08,13,643,2009-12-06 12:52:00,2011-11-27 11:54:00,7.95,1.0,1778.1299999999999,0.445108841709218,13,13,1778.1299999999999,4,4,3,443,Champions
13783.0,1542.09,4,3437,2010-02-04 13:47:00,2010-08-09 09:23:00,0.0,0.0,1542.09,0.0,488,4,1542.09,1,3,3,133,At Risk
13784.0,2910.23,14,2827,2010-09-15 12:27:00,2011-11-30 09:33:00,13.05,1.0,2897.18,0.44841816626177317,10,14,2897.18,4,4,4,444,Champions
13785.0,542.49,4,151,2010-09-05 16:01:00,2010-10-07 09:25:00,0.0,0.0,542.49,0.0,429,4,542.49,1,3,2,132,Regular Customers
13786.0,3127.99,6,1515,2009-12-03 15:32:00,2010-12-07 13:53:00,622.53,2.0,2505.46,19.901917845005897,367,6,2505.46,2,3,4,234,At Risk
13787.0,1222.5,6,998,2010-01-14 10:13:00,2011-09-25 12:06:00,48.8,3.0,1173.7,3.9918200408997953,76,6,1173.7,3,3,3,333,Champions
13788.0,3.75,1,1,2010-07-22 15:50:00,2010-07-22 15:50:00,0.0,0.0,3.75,0.0,505,1,3.75,1,1,1,111,Lost Customers
13789.0,239.45999999999998,1,258,2010-11-16 15:31:00,2010-11-16 15:31:00,0.0,0.0,239.45999999999998,0.0,388,1,239.45999999999998,1,1,1,111,Lost Customers
13790.0,348.8,1,748,2011-12-05 15:48:00,2011-12-05 15:48:00,0.0,0.0,348.8,0.0,4,1,348.8,4,1,2,412,Potential Loyalists
13791.0,1516.0,2,1200,2011-06-24 16:38:00,2011-08-04 11:44:00,468.32,1.0,1047.68,30.89182058047493,128,2,1047.68,2,2,3,223,Regular Customers
13792.0,383.95,3,156,2010-10-13 11:05:00,2011-10-04 14:31:00,0.0,0.0,383.95,0.0,66,3,383.95,3,2,2,322,Potential Loyalists
13793.0,96.0,1,52,2010-03-03 08:25:00,2010-03-03 08:25:00,0.0,0.0,96.0,0.0,647,1,96.0,1,1,1,111,Lost Customers
13794.0,126.03,1,63,2010-06-11 12:30:00,2010-06-11 12:30:00,0.0,0.0,126.03,0.0,547,1,126.03,1,1,1,111,Lost Customers
13795.0,836.3,4,1250,2010-03-12 12:44:00,2010-11-16 17:25:00,0.0,0.0,836.3,0.0,388,4,836.3,1,3,2,132,Regular Customers
13796.0,289.7,1,218,2010-07-28 14:45:00,2010-07-28 14:45:00,0.0,0.0,289.7,0.0,499,1,289.7,1,1,1,111,Lost Customers
13797.0,1179.45,3,573,2010-03-02 12:17:00,2010-09-29 10:34:00,11.0,1.0,1168.45,0.9326380940268769,437,3,1168.45,1,2,3,123,Lost Customers
13798.0,75428.87,110,48187,2009-12-08 16:21:00,2011-12-08 15:51:00,2261.95,15.0,73166.92,2.99878547829233,1,110,73166.92,4,4,4,444,Champions
13799.0,2803.57,9,1539,2010-03-05 16:39:00,2011-08-15 12:07:00,763.75,4.0,2039.8200000000002,27.24205209786094,117,9,2039.8200000000002,2,4,3,243,At Risk
13800.0,1679.56,3,891,2009-12-03 10:03:00,2011-02-03 12:27:00,0.0,0.0,1679.56,0.0,310,3,1679.56,2,2,3,223,Regular Customers
13801.0,324.8,1,168,2011-10-04 10:15:00,2011-10-04 10:15:00,0.0,0.0,324.8,0.0,67,1,324.8,3,1,1,311,Potential Loyalists
13802.0,26259.11,19,14129,2010-02-16 10:11:00,2011-07-24 10:54:00,767.55,5.0,25491.56,2.92298558481228,139,19,25491.56,2,4,4,244,At Risk
13803.0,1338.91,3,831,2010-03-31 10:00:00,2011-03-29 12:57:00,19.799999999999997,1.0,1319.1100000000001,1.4788148568611779,255,3,1319.1100000000001,2,2,3,223,Regular Customers
13804.0,3161.12,9,1797,2010-09-29 10:26:00,2011-11-09 12:32:00,0.0,0.0,3161.12,0.0,31,9,3161.12,3,4,4,344,Champions
13805.0,924.6,2,1900,2011-08-02 15:29:00,2011-10-18 14:50:00,0.0,0.0,924.6,0.0,52,2,924.6,3,2,3,323,Potential Loyalists
13806.0,256.38,1,56,2011-10-07 11:43:00,2011-10-07 11:43:00,0.0,0.0,256.38,0.0,64,1,256.38,3,1,1,311,Potential Loyalists
13807.0,422.2,3,116,2009-12-04 12:41:00,2010-12-07 15:48:00,24.9,1.0,397.3,5.897678825201326,367,3,397.3,2,2,2,222,Regular Customers
13808.0,1747.66,5,782,2011-09-04 12:07:00,2011-12-04 12:18:00,0.0,0.0,1747.66,0.0,6,5,1747.66,4,3,3,433,Champions
13809.0,679.7,3,281,2010-09-05 11:42:00,2011-02-07 13:15:00,0.0,0.0,679.7,0.0,305,3,679.7,2,2,2,222,Regular Customers
13810.0,1499.01,3,312,2011-10-14 12:57:00,2011-11-11 08:33:00,599.5,1.0,899.51,39.99306208764451,29,3,899.51,3,2,3,323,Potential Loyalists
13811.0,814.5,3,68,2011-04-14 18:40:00,2011-06-09 09:54:00,222.75,1.0,591.75,27.348066298342545,184,3,591.75,2,2,2,222,Regular Customers
13812.0,539.0,3,333,2011-08-26 12:54:00,2011-10-28 14:27:00,0.0,0.0,539.0,0.0,42,3,539.0,3,2,2,322,Potential Loyalists
13813.0,2765.47,8,1292,2009-12-06 10:16:00,2011-10-31 10:38:00,79.05,4.0,2686.4199999999996,2.8584652879980617,40,8,2686.4199999999996,3,4,4,344,Champions
13814.0,2257.32,3,1214,2010-06-30 14:12:00,2011-09-08 13:48:00,18.25,2.0,2239.07,0.8084808534013785,92,3,2239.07,3,2,4,324,Potential Loyalists
13815.0,7475.74,8,5381,2010-02-12 10:26:00,2011-11-17 14:19:00,189.95,2.0,7285.79,2.540885584570892,22,8,7285.79,4,4,4,444,Champions
13816.0,571.6700000000001,2,269,2011-10-06 14:37:00,2011-11-16 08:38:00,16.63,2.0,555.0400000000001,2.9090209386534185,24,2,555.0400000000001,4,2,2,422,Potential Loyalists
13817.0,382.98,2,211,2010-12-23 11:46:00,2011-11-10 17:49:00,0.0,0.0,382.98,0.0,29,2,382.98,3,2,2,322,Potential Loyalists
13818.0,61.28,1,60,2010-10-06 12:35:00,2010-10-06 12:35:00,0.0,0.0,61.28,0.0,430,1,61.28,1,1,1,111,Lost Customers
13819.0,2642.35,6,2309,2009-12-01 16:18:00,2011-02-11 10:38:00,11.25,1.0,2631.1,0.42575737506386363,302,6,2631.1,2,3,4,234,At Risk
13820.0,652.75,3,285,2010-01-28 12:26:00,2010-10-17 13:46:00,20.25,2.0,632.5,3.1022596706242815,418,3,632.5,1,2,2,122,Lost Customers
13821.0,1379.08,6,477,2010-01-04 13:36:00,2011-07-18 09:49:00,23.700000000000003,1.0,1355.3799999999999,1.7185369956782788,145,6,1355.3799999999999,2,3,3,233,At Risk
13822.0,632.0,2,611,2011-10-30 15:55:00,2011-12-04 12:13:00,0.0,0.0,632.0,0.0,6,2,632.0,4,2,2,422,Potential Loyalists
13823.0,3403.4500000000003,7,1564,2009-12-15 14:34:00,2011-11-21 10:22:00,44.9,1.0,3358.55,1.3192495849799468,19,7,3358.55,4,3,4,434,Champions
13824.0,3314.76,12,1442,2010-03-12 15:17:00,2011-11-07 12:41:00,41.4,2.0,3273.36,1.2489592006661114,33,12,3273.36,3,4,4,344,Champions
13825.0,255.59,2,182,2009-12-09 14:30:00,2010-03-28 11:02:00,0.0,0.0,255.59,0.0,622,2,255.59,1,2,1,121,Lost Customers
13826.0,189.5,1,82,2011-06-16 13:48:00,2011-06-16 13:48:00,14.85,1.0,174.65,7.836411609498681,176,1,174.65,2,1,1,211,Regular Customers
13827.0,409.8,3,138,2011-07-19 15:38:00,2011-10-13 12:38:00,0.0,0.0,409.8,0.0,58,3,409.8,3,2,2,322,Potential Loyalists
13828.0,209.49,1,311,2011-11-17 16:02:00,2011-11-17 16:02:00,0.0,0.0,209.49,0.0,22,1,209.49,4,1,1,411,Potential Loyalists
13830.0,156.85000000000002,1,47,2010-05-07 12:24:00,2010-05-07 12:24:00,20.9,1.0,135.95000000000002,13.324832642652213,582,1,135.95000000000002,1,1,1,111,Lost Customers
13831.0,6585.54,18,2393,2009-12-10 14:50:00,2011-11-23 15:41:00,14.4,2.0,6571.14,0.2186608843010596,16,18,6571.14,4,4,4,444,Champions
13832.0,609.89,2,420,2010-10-13 14:41:00,2011-11-20 15:36:00,11.25,1.0,598.64,1.8445949269540411,19,2,598.64,4,2,2,422,Potential Loyalists
13833.0,700.41,2,243,2010-10-31 14:11:00,2011-07-03 13:27:00,0.0,0.0,700.41,0.0,159,2,700.41,2,2,2,222,Regular Customers
13834.0,324.19,2,221,2010-02-08 12:52:00,2010-05-12 10:27:00,76.3,1.0,247.89,23.535580986458555,577,2,247.89,1,2,1,121,Lost Customers
13835.0,1095.27,7,520,2010-03-04 08:26:00,2011-11-14 15:37:00,50.45,1.0,1044.82,4.6061701680864084,25,7,1044.82,4,3,3,433,Champions
13836.0,620.37,2,273,2010-10-21 13:27:00,2010-11-05 13:31:00,17.85,1.0,602.52,2.877315150635911,399,2,602.52,1,2,2,122,Lost Customers
13837.0,266.59000000000003,2,182,2011-01-26 12:15:00,2011-05-12 12:10:00,0.0,0.0,266.59000000000003,0.0,212,2,266.59000000000003,2,2,1,221,Regular Customers
13838.0,1690.07,10,694,2010-05-09 11:40:00,2011-12-04 11:00:00,0.0,0.0,1690.07,0.0,6,10,1690.07,4,4,3,443,Champions
13839.0,139.95000000000002,1,25,2010-08-10 13:52:00,2010-08-10 13:52:00,0.0,0.0,139.95000000000002,0.0,486,1,139.95000000000002,1,1,1,111,Lost Customers
13840.0,651.4,1,358,2010-10-19 13:34:00,2010-10-19 13:34:00,0.0,0.0,651.4,0.0,416,1,651.4,1,1,2,112,Lost Customers
13841.0,85.0,1,100,2011-04-01 12:10:00,2011-04-01 12:10:00,0.0,0.0,85.0,0.0,253,1,85.0,2,1,1,211,Regular Customers
13842.0,5319.34,18,2716,2010-02-16 15:54:00,2011-10-12 10:51:00,24.950000000000003,1.0,5294.39,0.46904315196998125,59,18,5294.39,3,4,4,344,Champions
13843.0,319.75,1,145,2010-11-23 17:48:00,2010-11-23 17:48:00,0.0,0.0,319.75,0.0,381,1,319.75,1,1,1,111,Lost Customers
13844.0,361.62,1,196,2011-11-28 13:21:00,2011-11-28 13:21:00,0.0,0.0,361.62,0.0,11,1,361.62,4,1,2,412,Potential Loyalists
13845.0,312.98,1,182,2011-10-06 08:25:00,2011-10-06 08:25:00,0.0,0.0,312.98,0.0,65,1,312.98,3,1,1,311,Potential Loyalists
13846.0,1307.79,4,705,2010-11-05 09:47:00,2011-11-15 12:07:00,17.45,1.0,1290.34,1.3343120837443319,25,4,1290.34,4,3,3,433,Champions
13847.0,310.72,1,96,2009-12-20 10:41:00,2009-12-20 10:41:00,0.0,0.0,310.72,0.0,720,1,310.72,1,1,1,111,Lost Customers
13848.0,3015.0,8,9200,2009-12-09 16:17:00,2011-09-08 12:58:00,0.0,0.0,3015.0,0.0,92,8,3015.0,3,4,4,344,Champions
13849.0,3469.3,5,1883,2010-03-25 12:03:00,2011-10-19 10:59:00,25.5,1.0,3443.8,0.7350185916467298,52,5,3443.8,3,3,4,334,Champions
13850.0,1595.48,1,944,2011-08-02 14:04:00,2011-08-02 14:04:00,8.67,1.0,1586.81,0.5434101336274977,129,1,1586.81,2,1,3,213,Regular Customers
13851.0,4606.46,8,2525,2010-01-29 11:54:00,2011-09-05 12:36:00,89.69999999999999,1.0,4516.76,1.9472653621218896,96,8,4516.76,2,4,4,244,At Risk
13852.0,187.35000000000002,1,85,2010-04-08 09:06:00,2010-04-08 09:06:00,16.9,1.0,170.45000000000002,9.020549773151853,611,1,170.45000000000002,1,1,1,111,Lost Customers
13853.0,1090.14,1,312,2011-10-13 14:18:00,2011-10-13 14:18:00,33.2,1.0,1056.94,3.0454803970132276,57,1,1056.94,3,1,3,313,Potential Loyalists
13854.0,11944.56,39,3642,2010-01-08 11:28:00,2011-12-01 09:06:00,95.75,6.0,11848.81,0.8016201517678342,9,39,11848.81,4,4,4,444,Champions
13855.0,1310.3400000000001,4,575,2009-12-08 16:56:00,2010-07-27 09:53:00,56.400000000000006,1.0,1253.94,4.304226383991941,501,4,1253.94,1,3,3,133,At Risk
13856.0,1142.03,11,1105,2010-03-30 15:40:00,2011-06-24 10:03:00,83.15,4.0,1058.8799999999999,7.280894547428702,169,11,1058.8799999999999,2,4,3,243,At Risk
13857.0,1001.01,6,782,2010-05-17 14:21:00,2010-11-11 12:54:00,3.9,1.0,997.11,0.389606497437588,393,6,997.11,1,3,3,133,At Risk
13858.0,216.17,1,75,2011-10-13 16:17:00,2011-10-13 16:17:00,0.0,0.0,216.17,0.0,57,1,216.17,3,1,1,311,Potential Loyalists
13859.0,515.86,2,167,2010-06-28 15:36:00,2011-01-17 16:14:00,0.0,0.0,515.86,0.0,326,2,515.86,2,2,2,222,Regular Customers
13860.0,1245.9,5,591,2011-09-14 09:27:00,2011-12-08 12:57:00,5.9,1.0,1240.0,0.47355325467533504,1,5,1240.0,4,3,3,433,Champions
13861.0,273.26,2,225,2010-06-27 11:37:00,2010-10-06 14:20:00,21.95,1.0,251.31,8.032642904193809,429,2,251.31,1,2,1,121,Lost Customers
13862.0,2556.09,9,1927,2010-11-15 13:43:00,2011-11-21 16:24:00,22.05,2.0,2534.04,0.8626456814900884,18,9,2534.04,4,4,4,444,Champions
13863.0,1239.55,4,553,2010-04-25 13:09:00,2011-04-06 10:20:00,21.919999999999998,2.0,1217.6299999999999,1.7683836876285746,248,4,1217.6299999999999,2,3,3,233,At Risk
13864.0,662.4000000000001,1,192,2010-11-18 12:50:00,2010-11-18 12:50:00,0.0,0.0,662.4000000000001,0.0,387,1,662.4000000000001,1,1,2,112,Lost Customers
13865.0,501.56,4,204,2011-02-23 12:04:00,2011-10-12 13:31:00,0.0,0.0,501.56,0.0,58,4,501.56,3,3,2,332,Loyal Customers
13866.0,145.67000000000002,1,57,2011-09-26 14:54:00,2011-09-26 14:54:00,0.0,0.0,145.67000000000002,0.0,74,1,145.67000000000002,3,1,1,311,Potential Loyalists
13867.0,1005.09,3,501,2011-05-05 17:28:00,2011-11-08 15:48:00,0.0,0.0,1005.09,0.0,31,3,1005.09,3,2,3,323,Potential Loyalists
13868.0,3192.54,2,1964,2011-11-01 12:45:00,2011-12-02 16:32:00,0.0,0.0,3192.54,0.0,7,2,3192.54,4,2,4,424,Potential Loyalists
13869.0,7996.87,10,4302,2010-01-17 14:53:00,2011-08-08 13:53:00,0.0,0.0,7996.87,0.0,123,10,7996.87,2,4,4,244,At Risk
13870.0,5712.08,15,3449,2010-02-08 12:08:00,2011-12-07 13:23:00,22.240000000000002,3.0,5689.84,0.3893502892116357,2,15,5689.84,4,4,4,444,Champions
13871.0,7885.85,17,3502,2009-12-20 13:09:00,2011-11-17 10:49:00,80.9,4.0,7804.950000000001,1.025888141417856,23,17,7804.950000000001,4,4,4,444,Champions
13872.0,919.57,3,339,2009-12-14 09:56:00,2010-06-30 15:35:00,28.25,3.0,891.32,3.0720880411496676,527,3,891.32,1,2,3,123,Lost Customers
13873.0,1038.92,8,472,2010-03-03 12:31:00,2011-08-12 10:08:00,7.9,1.0,1031.02,0.760405035998922,120,8,1031.02,2,4,3,243,At Risk
13874.0,2049.15,7,864,2010-02-04 18:39:00,2010-12-16 18:20:00,59.95,3.0,1989.2,2.925603298928824,358,7,1989.2,2,3,3,233,At Risk
13875.0,4814.37,14,3072,2009-12-17 10:30:00,2011-10-17 09:36:00,0.0,0.0,4814.37,0.0,54,14,4814.37,3,4,4,344,Champions
13876.0,122.7,1,36,2011-10-07 10:22:00,2011-10-07 10:22:00,0.0,0.0,122.7,0.0,64,1,122.7,3,1,1,311,Potential Loyalists
13877.0,449.68,3,478,2010-01-19 10:53:00,2011-09-14 15:49:00,3.3499999999999996,2.0,446.33,0.7449742038783134,86,3,446.33,3,2,2,322,Potential Loyalists
13878.0,2416.9,4,927,2010-04-14 13:50:00,2011-10-16 12:19:00,0.0,0.0,2416.9,0.0,55,4,2416.9,3,3,4,334,Champions
13879.0,395.5,1,204,2010-03-04 10:49:00,2010-03-04 10:49:00,0.0,0.0,395.5,0.0,646,1,395.5,1,1,2,112,Lost Customers
13880.0,4293.86,17,2535,2010-05-26 14:29:00,2011-11-18 13:44:00,0.0,0.0,4293.86,0.0,21,17,4293.86,4,4,4,444,Champions
13881.0,45179.1,43,29760,2010-03-04 14:41:00,2011-12-06 12:50:00,786.6,8.0,44392.5,1.7410705392537702,4,43,44392.5,4,4,4,444,Champions
13882.0,1191.13,5,953,2011-10-06 15:28:00,2011-12-07 11:16:00,59.849999999999994,1.0,1131.2800000000002,5.0246404674552725,3,5,1131.2800000000002,4,3,3,433,Champions
13883.0,6560.02,15,3584,2009-12-08 17:26:00,2011-11-29 10:45:00,217.28,11.0,6342.740000000001,3.3121850238261468,11,15,6342.740000000001,4,4,4,444,Champions
13884.0,1825.03,10,752,2010-08-26 19:57:00,2011-12-02 16:30:00,36.1,4.0,1788.93,1.9780496758957389,7,10,1788.93,4,4,3,443,Champions
13885.0,506.8,2,182,2011-05-23 08:52:00,2011-06-03 15:07:00,0.0,0.0,506.8,0.0,189,2,506.8,2,2,2,222,Regular Customers
13886.0,243.56,1,126,2011-09-29 13:17:00,2011-09-29 13:17:00,0.0,0.0,243.56,0.0,71,1,243.56,3,1,1,311,Potential Loyalists
13887.0,349.55,1,147,2011-05-19 17:22:00,2011-05-19 17:22:00,0.0,0.0,349.55,0.0,204,1,349.55,2,1,2,212,Regular Customers
13888.0,2001.59,7,795,2010-05-13 11:57:00,2011-08-12 10:13:00,0.0,0.0,2001.59,0.0,120,7,2001.59,2,3,3,233,At Risk
13889.0,1991.23,6,979,2010-01-22 14:32:00,2011-09-08 09:13:00,135.5,2.0,1855.73,6.804839219979611,93,6,1855.73,3,3,3,333,Champions
13890.0,2927.38,14,1392,2009-12-06 15:15:00,2011-12-08 15:36:00,68.65,8.0,2858.73,2.3451003969419753,1,14,2858.73,4,4,4,444,Champions
13891.0,859.21,3,476,2010-05-06 16:02:00,2010-11-26 15:57:00,0.0,0.0,859.21,0.0,378,3,859.21,2,2,3,223,Regular Customers
13892.0,1267.6499999999999,6,3125,2010-05-13 10:32:00,2011-11-13 11:50:00,0.0,0.0,1267.6499999999999,0.0,27,6,1267.6499999999999,3,3,3,333,Champions
13893.0,821.1,1,190,2011-02-15 11:30:00,2011-02-15 11:30:00,0.0,0.0,821.1,0.0,298,1,821.1,2,1,2,212,Regular Customers
13894.0,564.62,3,354,2011-02-02 12:54:00,2011-11-16 09:44:00,28.65,2.0,535.97,5.074209202649569,24,3,535.97,4,2,2,422,Potential Loyalists
13895.0,4008.52,6,2060,2009-12-03 13:09:00,2011-11-11 16:57:00,84.9,2.0,3923.62,2.117988684102861,28,6,3923.62,3,3,4,334,Champions
13896.0,388.55,1,149,2010-03-24 08:55:00,2010-03-24 08:55:00,0.0,0.0,388.55,0.0,626,1,388.55,1,1,2,112,Lost Customers
13897.0,1160.72,3,820,2010-01-31 13:48:00,2011-10-20 14:30:00,0.0,0.0,1160.72,0.0,50,3,1160.72,3,2,3,323,Potential Loyalists
13898.0,686.4,2,544,2010-10-24 15:42:00,2011-01-18 10:28:00,0.0,0.0,686.4,0.0,326,2,686.4,2,2,2,222,Regular Customers
13899.0,388.52,2,156,2011-03-10 09:30:00,2011-11-23 13:40:00,0.0,0.0,388.52,0.0,16,2,388.52,4,2,2,422,Potential Loyalists
13900.0,1610.59,6,938,2010-03-25 13:46:00,2011-06-09 19:26:00,2.5,1.0,1608.09,0.15522262028200845,183,6,1608.09,2,3,3,233,At Risk
13901.0,5676.34,15,3344,2010-01-05 09:29:00,2011-09-28 14:48:00,77.0,5.0,5599.34,1.356507890647847,72,15,5599.34,3,4,4,344,Champions
13902.0,34095.26,5,220600,2009-12-15 10:02:00,2010-03-17 13:09:00,3683.9999999999995,3.0,30411.260000000002,10.805020991187629,632,5,30411.260000000002,1,3,4,134,At Risk
13903.0,165.45000000000002,1,103,2010-11-04 17:44:00,2010-11-04 17:44:00,0.0,0.0,165.45000000000002,0.0,400,1,165.45000000000002,1,1,1,111,Lost Customers
13904.0,332.64,2,332,2011-02-18 11:18:00,2011-11-02 13:41:00,0.0,0.0,332.64,0.0,37,2,332.64,3,2,1,321,Potential Loyalists
13905.0,312.65,1,135,2009-12-07 11:41:00,2009-12-07 11:41:00,68.2,2.0,244.45,21.813529505837202,733,1,244.45,1,1,1,111,Lost Customers
13906.0,42.0,1,100,2010-10-26 15:00:00,2010-10-26 15:00:00,0.0,0.0,42.0,0.0,409,1,42.0,1,1,1,111,Lost Customers
13907.0,136.8,1,68,2010-01-17 12:22:00,2010-01-17 12:22:00,0.0,0.0,136.8,0.0,692,1,136.8,1,1,1,111,Lost Customers
13908.0,2369.55,4,1478,2011-03-08 12:04:00,2011-09-21 11:49:00,22.5,1.0,2347.05,0.9495473824143823,80,4,2347.05,3,3,4,334,Champions
13909.0,282.85,2,301,2010-07-06 16:52:00,2010-10-12 17:22:00,0.0,0.0,282.85,0.0,423,2,282.85,1,2,1,121,Lost Customers
13911.0,4234.99,20,4487,2010-03-01 16:31:00,2011-10-13 15:43:00,34.95,2.0,4200.04,0.8252675921312683,57,20,4200.04,3,4,4,344,Champions
13912.0,124.95,1,29,2010-10-12 08:43:00,2010-10-12 08:43:00,0.0,0.0,124.95,0.0,424,1,124.95,1,1,1,111,Lost Customers
13913.0,42.22,1,10,2010-07-21 10:11:00,2010-07-21 10:11:00,0.0,0.0,42.22,0.0,507,1,42.22,1,1,1,111,Lost Customers
13914.0,626.45,2,380,2011-11-03 16:28:00,2011-11-28 10:35:00,12.5,1.0,613.95,1.9953707398834704,12,2,613.95,4,2,2,422,Potential Loyalists
13915.0,70.80000000000001,1,24,2010-11-10 15:17:00,2010-11-10 15:17:00,39.6,1.0,31.20000000000001,55.932203389830505,394,1,31.20000000000001,1,1,1,111,Lost Customers
13916.0,1275.81,4,673,2010-02-02 10:06:00,2010-09-02 10:04:00,15.299999999999999,1.0,1260.51,1.1992381310696734,464,4,1260.51,1,3,3,133,At Risk
13917.0,272.04,2,228,2011-06-01 12:46:00,2011-10-21 09:56:00,0.0,0.0,272.04,0.0,50,2,272.04,3,2,1,321,Potential Loyalists
13918.0,1212.8400000000001,2,1140,2011-03-31 18:05:00,2011-10-21 12:25:00,0.0,0.0,1212.8400000000001,0.0,50,2,1212.8400000000001,3,2,3,323,Potential Loyalists
13919.0,1360.68,4,1133,2010-06-17 09:30:00,2011-10-11 14:24:00,34.65,1.0,1326.03,2.5465208572184492,59,4,1326.03,3,3,3,333,Champions
13920.0,1774.68,4,1772,2010-05-26 15:48:00,2010-10-04 12:37:00,39.8,1.0,1734.88,2.2426578312709897,432,4,1734.88,1,3,3,133,At Risk
13921.0,730.7,4,210,2009-12-18 12:19:00,2010-11-02 16:32:00,9.95,1.0,720.75,1.3617079512795947,402,4,720.75,1,3,2,132,Regular Customers
13922.0,865.2,3,467,2010-08-29 14:36:00,2010-12-23 10:38:00,40.5,2.0,824.7,4.680998613037448,352,3,824.7,2,2,2,222,Regular Customers
13923.0,351.13,1,185,2011-10-17 12:33:00,2011-10-17 12:33:00,0.0,0.0,351.13,0.0,54,1,351.13,3,1,2,312,Potential Loyalists
13924.0,1838.8500000000001,6,1575,2011-09-28 15:07:00,2011-12-08 09:39:00,156.77,5.0,1682.0800000000002,8.525437093835821,2,6,1682.0800000000002,4,3,3,433,Champions
13925.0,678.25,4,331,2011-07-28 12:09:00,2011-09-08 12:47:00,61.599999999999994,2.0,616.65,9.082196830077404,93,4,616.65,3,3,2,332,Loyal Customers
13926.0,223.85000000000002,1,104,2011-11-16 13:16:00,2011-11-16 13:16:00,0.0,0.0,223.85000000000002,0.0,23,1,223.85000000000002,4,1,1,411,Potential Loyalists
13927.0,708.26,2,463,2010-09-28 16:12:00,2011-09-26 12:00:00,18.3,1.0,689.96,2.5837969107389944,75,2,689.96,3,2,2,322,Potential Loyalists
13928.0,464.57,4,129,2011-07-29 15:59:00,2011-11-29 10:33:00,0.0,0.0,464.57,0.0,11,4,464.57,4,3,2,432,Loyal Customers
13929.0,3494.1,11,1566,2010-01-14 07:25:00,2011-06-23 15:26:00,176.0,3.0,3318.1,5.037062476746516,169,11,3318.1,2,4,4,244,At Risk
13930.0,337.34,2,274,2011-07-26 11:00:00,2011-10-13 09:45:00,0.0,0.0,337.34,0.0,58,2,337.34,3,2,2,322,Potential Loyalists
13931.0,5257.38,11,3488,2009-12-03 10:26:00,2011-09-05 10:12:00,6.6,1.0,5250.78,0.12553781541376122,96,11,5250.78,2,4,4,244,At Risk
13932.0,307.4,1,72,2011-02-18 12:02:00,2011-02-18 12:02:00,0.0,0.0,307.4,0.0,295,1,307.4,2,1,1,211,Regular Customers
13933.0,608.7900000000001,2,205,2011-07-14 13:35:00,2011-08-22 14:03:00,0.0,0.0,608.7900000000001,0.0,109,2,608.7900000000001,2,2,2,222,Regular Customers
13934.0,922.1,1,390,2011-03-21 08:39:00,2011-03-21 08:39:00,0.0,0.0,922.1,0.0,264,1,922.1,2,1,3,213,Regular Customers
13935.0,6116.92,3,2252,2010-02-25 16:01:00,2010-04-22 11:21:00,0.0,0.0,6116.92,0.0,597,3,6116.92,1,2,4,124,Lost Customers
13936.0,939.66,3,661,2010-10-21 14:21:00,2011-06-13 08:47:00,15.299999999999999,1.0,924.36,1.628248515420471,180,3,924.36,2,2,3,223,Regular Customers
13937.0,880.13,2,587,2010-11-02 12:37:00,2011-06-23 16:35:00,12.75,1.0,867.38,1.4486496313044666,169,2,867.38,2,2,3,223,Regular Customers
13938.0,71.66,1,70,2011-11-04 14:37:00,2011-11-04 14:37:00,0.0,0.0,71.66,0.0,35,1,71.66,3,1,1,311,Potential Loyalists
13939.0,1560.96,7,1608,2010-04-06 12:43:00,2011-11-16 13:33:00,27.3,3.0,1533.66,1.7489237392373922,23,7,1533.66,4,3,3,433,Champions
13940.0,839.14,4,516,2011-07-18 16:05:00,2011-11-22 15:15:00,0.0,0.0,839.14,0.0,17,4,839.14,4,3,2,432,Loyal Customers
13941.0,10027.18,15,4782,2009-12-16 16:10:00,2011-11-18 09:43:00,200.55,2.0,9826.630000000001,2.00006382651952,22,15,9826.630000000001,4,4,4,444,Champions
13942.0,320.0,1,1000,2010-06-23 12:35:00,2010-06-23 12:35:00,0.0,0.0,320.0,0.0,535,1,320.0,1,1,1,111,Lost Customers
13943.0,246.54,1,94,2010-05-11 11:30:00,2010-05-11 11:30:00,0.0,0.0,246.54,0.0,578,1,246.54,1,1,1,111,Lost Customers
13944.0,200.43,1,153,2010-02-24 15:02:00,2010-02-24 15:02:00,0.0,0.0,200.43,0.0,653,1,200.43,1,1,1,111,Lost Customers
13945.0,854.15,2,413,2010-08-17 09:59:00,2010-11-10 10:00:00,0.0,0.0,854.15,0.0,395,2,854.15,1,2,3,123,Lost Customers
13946.0,1876.23,6,2847,2009-12-04 11:07:00,2011-09-21 13:33:00,130.8,1.0,1745.43,6.971426744055901,79,6,1745.43,3,3,3,333,Champions
13947.0,90.6,1,44,2011-10-05 14:42:00,2011-10-05 14:42:00,0.0,0.0,90.6,0.0,65,1,90.6,3,1,1,311,Potential Loyalists
13948.0,548.76,4,248,2009-12-04 12:14:00,2010-12-14 10:18:00,11.9,1.0,536.86,2.168525402726146,361,4,536.86,2,3,2,232,Regular Customers
13949.0,2427.32,6,2474,2011-09-06 11:55:00,2011-12-07 09:35:00,0.0,0.0,2427.32,0.0,3,6,2427.32,4,3,4,434,Champions
13950.0,745.06,4,323,2011-04-07 11:29:00,2011-11-28 14:44:00,16.5,1.0,728.56,2.2145867446917027,11,4,728.56,4,3,2,432,Loyal Customers
13951.0,674.45,3,459,2011-02-18 15:21:00,2011-06-16 16:43:00,0.0,0.0,674.45,0.0,176,3,674.45,2,2,2,222,Regular Customers
13952.0,12823.521,14,5947,2009-12-16 09:41:00,2011-05-06 09:00:00,32.629999999999995,3.0,12790.891000000001,0.25445429535304687,218,14,12790.891000000001,2,4,4,244,At Risk
13953.0,6640.68,12,5224,2009-12-11 12:58:00,2011-12-02 16:04:00,0.0,0.0,6640.68,0.0,7,12,6640.68,4,4,4,444,Champions
13954.0,439.92,2,150,2011-09-30 10:52:00,2011-12-08 12:50:00,61.33,1.0,378.59000000000003,13.941171122022187,2,2,378.59000000000003,4,2,2,422,Potential Loyalists
13955.0,544.0699999999999,3,272,2010-11-29 17:35:00,2011-07-08 17:19:00,0.0,0.0,544.0699999999999,0.0,154,3,544.0699999999999,2,2,2,222,Regular Customers
13956.0,1019.27,5,486,2011-03-13 12:51:00,2011-12-04 13:20:00,0.0,0.0,1019.27,0.0,5,5,1019.27,4,3,3,433,Champions
13957.0,458.25,3,157,2010-02-19 10:32:00,2010-10-18 10:02:00,0.0,0.0,458.25,0.0,418,3,458.25,1,2,2,122,Lost Customers
13958.0,4709.2300000000005,8,2264,2009-12-05 13:12:00,2010-11-25 10:11:00,204.45,4.0,4504.780000000001,4.3414740838735835,380,8,4504.780000000001,1,4,4,144,At Risk
13959.0,1064.77,6,694,2010-07-16 15:11:00,2011-09-21 15:06:00,0.0,0.0,1064.77,0.0,79,6,1064.77,3,3,3,333,Champions
13960.0,230.22,2,142,2011-09-29 12:39:00,2011-11-18 15:27:00,0.0,0.0,230.22,0.0,21,2,230.22,4,2,1,421,Potential Loyalists
13961.0,538.4,1,226,2010-11-12 14:40:00,2010-11-12 14:40:00,39.7,1.0,498.7,7.37369985141159,392,1,498.7,1,1,2,112,Lost Customers
13962.0,362.8,3,160,2010-09-30 10:35:00,2011-11-18 08:47:00,0.0,0.0,362.8,0.0,22,3,362.8,4,2,2,422,Potential Loyalists
13963.0,2860.57,17,2007,2010-04-21 16:20:00,2011-02-04 14:43:00,112.25,1.0,2748.32,3.9240431102892077,308,17,2748.32,2,4,4,244,At Risk
13964.0,438.9,2,228,2010-10-05 12:38:00,2010-11-17 13:53:00,17.0,1.0,421.9,3.8733196627933473,387,2,421.9,1,2,2,122,Lost Customers
13965.0,996.61,3,425,2010-01-05 15:21:00,2010-08-20 10:40:00,218.95,2.0,777.6600000000001,21.96947652542118,477,3,777.6600000000001,1,2,2,122,Lost Customers
13966.0,384.26,1,760,2010-09-30 13:08:00,2010-09-30 13:08:00,0.0,0.0,384.26,0.0,435,1,384.26,1,1,2,112,Lost Customers
13967.0,166.3,2,66,2010-11-08 13:24:00,2011-07-17 12:02:00,0.0,0.0,166.3,0.0,146,2,166.3,2,2,1,221,Regular Customers
13968.0,123.66,1,174,2010-10-12 13:22:00,2010-10-12 13:22:00,0.0,0.0,123.66,0.0,423,1,123.66,1,1,1,111,Lost Customers
13969.0,12973.460000000001,35,6640,2010-03-25 13:15:00,2011-12-02 15:11:00,153.1,4.0,12820.36,1.1801015303550477,7,35,12820.36,4,4,4,444,Champions
13970.0,846.55,2,469,2010-09-28 11:53:00,2010-11-18 13:21:00,0.0,0.0,846.55,0.0,386,2,846.55,1,2,2,122,Lost Customers
13971.0,4667.57,14,3084,2010-01-26 09:51:00,2011-11-21 12:06:00,73.74000000000001,4.0,4593.83,1.5798370458289863,19,14,4593.83,4,4,4,444,Champions
13972.0,190.25,2,187,2011-05-22 11:34:00,2011-09-30 11:54:00,0.0,0.0,190.25,0.0,71,2,190.25,3,2,1,321,Potential Loyalists
13973.0,264.7,1,109,2011-02-25 15:21:00,2011-02-25 15:21:00,0.0,0.0,264.7,0.0,287,1,264.7,2,1,1,211,Regular Customers
13974.0,677.72,2,356,2010-05-06 17:55:00,2011-10-21 14:41:00,14.2,2.0,663.52,2.0952605795903914,49,2,663.52,3,2,2,322,Potential Loyalists
13975.0,5256.4,12,3884,2010-02-02 13:13:00,2011-11-08 13:19:00,31.55,2.0,5224.849999999999,0.600220683357431,31,12,5224.849999999999,3,4,4,344,Champions
13976.0,1192.36,4,452,2010-02-09 13:08:00,2011-05-17 09:13:00,0.0,0.0,1192.36,0.0,207,4,1192.36,2,3,3,233,At Risk
13977.0,519.8100000000001,1,303,2010-10-24 14:08:00,2010-10-24 14:08:00,0.0,0.0,519.8100000000001,0.0,411,1,519.8100000000001,1,1,2,112,Lost Customers
13978.0,196.79000000000002,2,315,2011-10-25 15:04:00,2011-11-25 11:36:00,0.0,0.0,196.79000000000002,0.0,15,2,196.79000000000002,4,2,1,421,Potential Loyalists
13979.0,3379.93,7,2270,2009-12-03 10:02:00,2011-09-27 13:32:00,89.4,4.0,3290.5299999999997,2.6450251928294377,73,7,3290.5299999999997,3,3,4,334,Champions
13980.0,768.82,5,463,2010-02-21 14:18:00,2011-10-10 13:34:00,46.8,4.0,722.0200000000001,6.087250591816029,60,5,722.0200000000001,3,3,2,332,Loyal Customers
13981.0,331.14,1,234,2010-10-20 10:03:00,2010-10-20 10:03:00,3.75,1.0,327.39,1.13245153107447,416,1,327.39,1,1,1,111,Lost Customers
13982.0,3954.29,9,2478,2010-01-20 14:04:00,2011-10-31 16:24:00,26.8,4.0,3927.49,0.6777449301897432,39,9,3927.49,3,4,4,344,Champions
13983.0,6753.89,21,3925,2009-12-09 13:53:00,2011-11-10 11:06:00,115.04,9.0,6638.85,1.7033146823534289,30,21,6638.85,3,4,4,344,Champions
13984.0,1893.8,12,1301,2009-12-07 11:51:00,2011-11-13 12:38:00,432.48,1.0,1461.32,22.836624775583484,27,12,1461.32,3,4,3,343,Champions
13985.0,10020.86,22,4936,2010-02-09 13:56:00,2011-12-05 17:06:00,38.550000000000004,2.0,9982.310000000001,0.384697520971254,4,22,9982.310000000001,4,4,4,444,Champions
13986.0,320.46,1,430,2011-11-22 15:00:00,2011-11-22 15:00:00,0.0,0.0,320.46,0.0,17,1,320.46,4,1,1,411,Potential Loyalists
13987.0,682.54,2,492,2010-11-04 09:54:00,2010-11-25 10:20:00,0.0,0.0,682.54,0.0,380,2,682.54,1,2,2,122,Lost Customers
13988.0,4757.8,8,3385,2010-03-24 11:05:00,2011-11-20 10:15:00,49.160000000000004,3.0,4708.64,1.033250662070705,20,8,4708.64,4,4,4,444,Champions
13989.0,2026.06,5,2207,2010-05-25 12:13:00,2011-10-05 09:47:00,0.0,0.0,2026.06,0.0,66,5,2026.06,3,3,3,333,Champions
13990.0,311.3,1,190,2011-05-10 15:19:00,2011-05-10 15:19:00,0.0,0.0,311.3,0.0,213,1,311.3,2,1,1,211,Regular Customers
13991.0,852.88,6,995,2011-07-19 12:58:00,2011-11-27 16:18:00,5.34,1.0,847.54,0.6261138729950286,12,6,847.54,4,3,3,433,Champions
13992.0,219.5,3,154,2010-09-02 17:04:00,2011-11-09 15:23:00,0.0,0.0,219.5,0.0,30,3,219.5,3,2,1,321,Potential Loyalists
13993.0,6775.71,19,2135,2009-12-03 11:57:00,2011-10-28 09:06:00,85.35000000000001,5.0,6690.36,1.259646590541803,43,19,6690.36,3,4,4,344,Champions
13994.0,2274.14,6,932,2011-07-14 18:28:00,2011-12-06 11:05:00,0.0,0.0,2274.14,0.0,4,6,2274.14,4,3,4,434,Champions
13995.0,3902.01,14,2359,2009-12-18 12:43:00,2011-11-24 14:22:00,65.75,4.0,3836.26,1.6850289978754536,15,14,3836.26,4,4,4,444,Champions
13996.0,895.76,2,613,2010-11-05 15:07:00,2010-11-18 16:27:00,0.0,0.0,895.76,0.0,386,2,895.76,1,2,3,123,Lost Customers
13997.0,376.46,3,143,2010-06-07 17:33:00,2010-07-08 18:06:00,0.0,0.0,376.46,0.0,519,3,376.46,1,2,2,122,Lost Customers
13998.0,566.7,3,204,2010-05-12 13:18:00,2010-09-19 10:20:00,0.0,0.0,566.7,0.0,447,3,566.7,1,2,2,122,Lost Customers
13999.0,9502.26,29,5043,2009-12-05 12:42:00,2011-11-29 13:40:00,64.25,7.0,9438.01,0.676154935773174,10,29,9438.01,4,4,4,444,Champions
14000.0,2046.3400000000001,5,1838,2009-12-02 09:50:00,2011-05-12 16:50:00,168.75,3.0,1877.5900000000001,8.246430211988232,211,5,1877.5900000000001,2,3,3,233,At Risk
14001.0,4228.85,9,1779,2010-08-03 12:49:00,2011-10-25 10:31:00,12.75,1.0,4216.1,0.3015004079123165,46,9,4216.1,3,4,4,344,Champions
14002.0,529.73,2,877,2011-07-06 14:59:00,2011-07-28 15:55:00,0.0,0.0,529.73,0.0,134,2,529.73,2,2,2,222,Regular Customers
14003.0,209.41,1,149,2009-12-07 08:53:00,2009-12-07 08:53:00,0.0,0.0,209.41,0.0,733,1,209.41,1,1,1,111,Lost Customers
14004.0,6258.45,11,3425,2010-09-30 09:39:00,2011-10-27 14:40:00,0.0,0.0,6258.45,0.0,43,11,6258.45,3,4,4,344,Champions
14005.0,2874.72,5,2478,2011-05-08 10:33:00,2011-11-30 12:41:00,0.0,0.0,2874.72,0.0,10,5,2874.72,4,3,4,434,Champions
14006.0,2196.67,7,2181,2010-02-25 09:45:00,2011-08-16 09:39:00,0.0,0.0,2196.67,0.0,116,7,2196.67,2,3,4,234,At Risk
14007.0,79.48,1,16,2010-07-15 09:06:00,2010-07-15 09:06:00,0.0,0.0,79.48,0.0,513,1,79.48,1,1,1,111,Lost Customers
14008.0,509.04,1,326,2010-10-03 13:09:00,2010-10-03 13:09:00,15.299999999999999,1.0,493.74,3.0056577086280054,432,1,493.74,1,1,2,112,Lost Customers
14009.0,1099.91,3,951,2010-09-03 12:08:00,2011-05-25 15:47:00,9.680000000000001,1.0,1090.23,0.8800720058913911,198,3,1090.23,2,2,3,223,Regular Customers
14010.0,445.15,2,177,2010-05-23 12:46:00,2010-05-23 13:00:00,157.05,1.0,288.09999999999997,35.28024261484893,565,2,288.09999999999997,1,2,1,121,Lost Customers
14011.0,457.82,2,644,2010-04-11 13:40:00,2010-08-16 15:31:00,5.9,1.0,451.92,1.2887160892927352,480,2,451.92,1,2,2,122,Lost Customers
14012.0,328.8,1,160,2011-03-07 12:26:00,2011-03-07 12:26:00,0.0,0.0,328.8,0.0,278,1,328.8,2,1,1,211,Regular Customers
14013.0,1084.57,5,775,2010-03-26 10:02:00,2011-08-21 15:01:00,78.35,1.0,1006.2199999999999,7.224061148657994,110,5,1006.2199999999999,2,3,3,233,At Risk
14014.0,1948.21,3,2004,2010-05-12 09:04:00,2011-09-23 13:18:00,0.0,0.0,1948.21,0.0,77,3,1948.21,3,2,3,323,Potential Loyalists
14015.0,917.34,1,378,2011-10-18 10:02:00,2011-10-18 10:02:00,0.0,0.0,917.34,0.0,53,1,917.34,3,1,3,313,Potential Loyalists
14016.0,11403.41,11,5722,2010-01-08 14:12:00,2011-07-01 11:29:00,23.7,2.0,11379.71,0.20783256938056247,162,11,11379.71,2,4,4,244,At Risk
14017.0,229.75,1,73,2010-05-17 14:52:00,2010-05-17 14:52:00,0.0,0.0,229.75,0.0,571,1,229.75,1,1,1,111,Lost Customers
14018.0,367.15000000000003,1,224,2010-03-04 14:23:00,2010-03-04 14:23:00,0.0,0.0,367.15000000000003,0.0,645,1,367.15000000000003,1,1,2,112,Lost Customers
14019.0,1421.61,3,1037,2011-07-24 15:39:00,2011-10-24 10:13:00,22.65,1.0,1398.9599999999998,1.5932639753518898,47,3,1398.9599999999998,3,2,3,323,Potential Loyalists
14020.0,1249.01,4,648,2010-06-28 15:29:00,2011-11-23 09:22:00,35.75,1.0,1213.26,2.8622669153969946,17,4,1213.26,4,3,3,433,Champions
14021.0,1716.58,7,878,2010-04-26 11:22:00,2011-07-07 15:46:00,0.0,0.0,1716.58,0.0,155,7,1716.58,2,3,3,233,At Risk
14022.0,792.15,2,681,2010-08-10 09:38:00,2011-04-28 14:39:00,0.0,0.0,792.15,0.0,225,2,792.15,2,2,2,222,Regular Customers
14023.0,584.07,2,345,2011-04-03 15:50:00,2011-12-02 13:58:00,0.0,0.0,584.07,0.0,7,2,584.07,4,2,2,422,Potential Loyalists
14024.0,645.74,3,238,2010-11-14 10:51:00,2011-08-10 11:30:00,0.0,0.0,645.74,0.0,122,3,645.74,2,2,2,222,Regular Customers
14025.0,4057.9,8,1914,2010-05-05 09:56:00,2010-09-01 10:11:00,88.8,2.0,3969.1,2.1883240099558883,465,8,3969.1,1,4,4,144,At Risk
14026.0,713.11,2,427,2010-03-24 14:10:00,2010-08-26 10:31:00,0.0,0.0,713.11,0.0,471,2,713.11,1,2,2,122,Lost Customers
14027.0,104.82,1,62,2011-10-10 09:01:00,2011-10-10 09:01:00,0.0,0.0,104.82,0.0,61,1,104.82,3,1,1,311,Potential Loyalists
14028.0,10396.5,3,7170,2010-06-07 12:02:00,2010-06-07 13:33:00,7221.0,2.0,3175.5,69.4560669456067,550,3,3175.5,1,2,4,124,Lost Customers
14029.0,467.66,2,198,2011-07-18 16:57:00,2011-10-07 14:46:00,0.0,0.0,467.66,0.0,63,2,467.66,3,2,2,322,Potential Loyalists
14030.0,7521.8,20,4215,2009-12-10 17:27:00,2011-11-21 16:48:00,116.69999999999999,2.0,7405.1,1.5514903347602966,18,20,7405.1,4,4,4,444,Champions
14031.0,39019.51,44,13783,2009-12-03 15:35:00,2011-12-02 17:13:00,2971.25,11.0,36048.26,7.614780400881507,7,44,36048.26,4,4,4,444,Champions
14032.0,4546.41,16,3740,2009-12-14 12:02:00,2011-12-07 15:23:00,64.2,9.0,4482.21,1.4121031759124234,2,16,4482.21,4,4,4,444,Champions
14033.0,109.44,1,576,2010-06-02 15:10:00,2010-06-02 15:10:00,0.0,0.0,109.44,0.0,555,1,109.44,1,1,1,111,Lost Customers
14034.0,648.89,3,420,2011-07-05 13:06:00,2011-11-17 14:02:00,139.8,1.0,509.09,21.54448365670607,22,3,509.09,4,2,2,422,Potential Loyalists
14035.0,2794.75,9,1405,2010-04-06 12:39:00,2011-11-11 10:03:00,4.25,2.0,2790.5,0.15207084712407193,29,9,2790.5,3,4,4,344,Champions
14036.0,626.65,1,268,2011-02-28 09:26:00,2011-02-28 09:26:00,0.0,0.0,626.65,0.0,285,1,626.65,2,1,2,212,Regular Customers
14037.0,836.95,6,590,2009-12-07 11:39:00,2011-06-16 13:57:00,81.0,1.0,755.95,9.67799749088954,176,6,755.95,2,3,2,232,Regular Customers
14038.0,3069.88,5,1708,2010-02-04 08:56:00,2011-09-22 13:37:00,68.94999999999999,3.0,3000.9300000000003,2.246016130923684,78,5,3000.9300000000003,3,3,4,334,Champions
14039.0,267.28000000000003,2,192,2010-05-13 10:15:00,2011-11-06 13:48:00,0.0,0.0,267.28000000000003,0.0,33,2,267.28000000000003,3,2,1,321,Potential Loyalists
14040.0,12523.81,35,4972,2009-12-01 12:14:00,2011-10-30 12:42:00,187.73,7.0,12336.08,1.4989847338789073,41,35,12336.08,3,4,4,344,Champions
14041.0,141.41,1,94,2011-03-18 13:25:00,2011-03-18 13:25:00,0.0,0.0,141.41,0.0,266,1,141.41,2,1,1,211,Regular Customers
14042.0,431.98,1,180,2009-12-14 15:07:00,2009-12-14 15:07:00,0.0,0.0,431.98,0.0,725,1,431.98,1,1,2,112,Lost Customers
14043.0,302.6,2,152,2009-12-10 15:56:00,2010-08-05 18:18:00,2.95,1.0,299.65000000000003,0.9748843357567747,491,2,299.65000000000003,1,2,1,121,Lost Customers
14044.0,3077.7,10,2100,2010-01-24 15:14:00,2011-11-13 12:05:00,16.95,1.0,3060.75,0.5507359391753582,27,10,3060.75,3,4,4,344,Champions
14045.0,10986.63,16,4459,2010-01-08 10:08:00,2011-08-22 15:27:00,1652.3999999999999,3.0,9334.23,15.040098738193604,109,16,9334.23,2,4,4,244,At Risk
14046.0,154.99,1,460,2011-02-28 14:48:00,2011-02-28 14:48:00,0.0,0.0,154.99,0.0,284,1,154.99,2,1,1,211,Regular Customers
14047.0,3968.11,14,1541,2010-02-01 10:05:00,2011-12-01 11:43:00,87.0,5.0,3881.11,2.1924795431578255,9,14,3881.11,4,4,4,444,Champions
14048.0,748.69,3,467,2010-11-22 14:08:00,2011-02-07 14:53:00,34.8,1.0,713.8900000000001,4.648118714020488,305,3,713.8900000000001,2,2,2,222,Regular Customers
14049.0,13023.4,13,8480,2010-04-01 14:52:00,2011-11-23 12:20:00,175.0,5.0,12848.4,1.3437351229325676,17,13,12848.4,4,4,4,444,Champions
14050.0,746.36,2,689,2011-08-25 13:46:00,2011-11-08 10:00:00,0.0,0.0,746.36,0.0,32,2,746.36,3,2,2,322,Potential Loyalists
14051.0,21770.98,37,5709,2009-12-03 11:53:00,2011-12-09 10:20:00,329.5,5.0,21441.48,1.5134826268730208,1,37,21441.48,4,4,4,444,Champions
14052.0,466.66,2,174,2010-11-14 11:37:00,2011-11-20 12:30:00,0.0,0.0,466.66,0.0,20,2,466.66,4,2,2,422,Potential Loyalists
14053.0,572.3,4,490,2010-08-10 11:02:00,2011-08-07 14:27:00,0.0,0.0,572.3,0.0,124,4,572.3,2,3,2,232,Regular Customers
14054.0,92.46,1,62,2011-10-05 15:49:00,2011-10-05 15:49:00,0.0,0.0,92.46,0.0,65,1,92.46,3,1,1,311,Potential Loyalists
14055.0,1520.96,3,720,2009-12-16 15:11:00,2011-08-25 15:04:00,0.0,0.0,1520.96,0.0,106,3,1520.96,2,2,3,223,Regular Customers
14056.0,8152.71,23,4252,2011-02-28 15:19:00,2011-12-08 13:36:00,90.25,6.0,8062.46,1.1069938707497262,1,23,8062.46,4,4,4,444,Champions
14057.0,8346.66,22,6438,2009-12-03 13:17:00,2011-11-16 10:32:00,70.56,1.0,8276.1,0.8453680873547025,24,22,8276.1,4,4,4,444,Champions
14058.0,469.19,2,211,2010-06-27 11:29:00,2010-09-03 09:31:00,0.0,0.0,469.19,0.0,463,2,469.19,1,2,2,122,Lost Customers
14059.0,183.6,1,128,2011-03-18 10:06:00,2011-03-18 10:06:00,0.0,0.0,183.6,0.0,267,1,183.6,2,1,1,211,Regular Customers
14060.0,8898.24,30,7419,2010-03-11 09:47:00,2011-12-05 12:29:00,15.940000000000001,2.0,8882.3,0.17913654835113463,5,30,8882.3,4,4,4,444,Champions
14061.0,917.4300000000001,3,133,2009-12-01 18:03:00,2010-07-20 17:22:00,0.0,0.0,917.4300000000001,0.0,507,3,917.4300000000001,1,2,3,123,Lost Customers
14062.0,25585.65,24,12794,2009-12-10 14:28:00,2011-11-30 10:04:00,169.37,3.0,25416.280000000002,0.6619726291886272,10,24,25416.280000000002,4,4,4,444,Champions
14064.0,3260.24,15,3911,2010-01-21 13:22:00,2011-11-10 13:14:00,292.66999999999996,6.0,2967.5699999999997,8.976946482467547,29,15,2967.5699999999997,3,4,4,344,Champions
14065.0,891.02,3,582,2010-10-04 12:03:00,2010-11-15 16:13:00,1.65,1.0,889.37,0.18518102848420911,389,3,889.37,1,2,3,123,Lost Customers
14066.0,152.55,1,45,2011-03-18 12:21:00,2011-03-18 12:21:00,0.0,0.0,152.55,0.0,267,1,152.55,2,1,1,211,Regular Customers
14067.0,374.7,2,361,2011-09-04 12:00:00,2011-10-07 10:21:00,0.0,0.0,374.7,0.0,64,2,374.7,3,2,2,322,Potential Loyalists
14068.0,1516.72,4,510,2010-01-31 10:10:00,2011-01-23 16:02:00,23.4,1.0,1493.32,1.5428028904478082,320,4,1493.32,2,3,3,233,At Risk
14069.0,225.81,2,58,2010-05-27 12:30:00,2010-07-13 12:12:00,0.0,0.0,225.81,0.0,515,2,225.81,1,2,1,121,Lost Customers
14070.0,321.6,1,85,2010-01-24 12:27:00,2010-01-24 12:27:00,0.0,0.0,321.6,0.0,685,1,321.6,1,1,1,111,Lost Customers
14071.0,1437.57,8,994,2011-03-20 11:33:00,2011-12-06 12:27:00,131.41,1.0,1306.1599999999999,9.141120084587186,4,8,1306.1599999999999,4,4,3,443,Champions
14072.0,390.85,1,65,2010-02-11 12:31:00,2010-02-11 12:31:00,0.0,0.0,390.85,0.0,667,1,390.85,1,1,2,112,Lost Customers
14073.0,151.04,1,130,2011-11-07 15:49:00,2011-11-07 15:49:00,11.5,1.0,139.54,7.6138771186440675,32,1,139.54,3,1,1,311,Potential Loyalists
14074.0,219.39999999999998,1,228,2010-03-26 13:55:00,2010-03-26 13:55:00,0.0,0.0,219.39999999999998,0.0,623,1,219.39999999999998,1,1,1,111,Lost Customers
14075.0,1734.87,6,1494,2010-06-16 14:47:00,2011-12-05 08:38:00,0.0,0.0,1734.87,0.0,5,6,1734.87,4,3,3,433,Champions
14076.0,118.67,1,79,2011-08-02 15:19:00,2011-08-02 15:19:00,0.0,0.0,118.67,0.0,129,1,118.67,2,1,1,211,Regular Customers
14077.0,615.0799999999999,6,376,2010-11-09 16:01:00,2011-10-30 12:35:00,0.0,0.0,615.0799999999999,0.0,41,6,615.0799999999999,3,3,2,332,Loyal Customers
14078.0,1553.47,9,586,2010-03-28 15:05:00,2011-08-30 12:16:00,0.0,0.0,1553.47,0.0,102,9,1553.47,2,4,3,243,At Risk
14079.0,618.73,2,302,2010-01-26 17:19:00,2011-08-07 12:10:00,0.0,0.0,618.73,0.0,125,2,618.73,2,2,2,222,Regular Customers
14080.0,1115.68,5,268,2009-12-02 15:01:00,2011-11-07 11:09:00,39.95,1.0,1075.73,3.580775849706009,33,5,1075.73,3,3,3,333,Champions
14081.0,4867.57,10,3381,2009-12-10 18:27:00,2011-02-10 16:17:00,120.05,6.0,4747.5199999999995,2.466323031820806,302,10,4747.5199999999995,2,4,4,244,At Risk
14082.0,413.36,2,246,2010-11-12 11:47:00,2010-12-10 11:02:00,0.0,0.0,413.36,0.0,365,2,413.36,2,2,2,222,Regular Customers
14083.0,1082.19,11,760,2009-12-18 11:34:00,2011-12-05 13:14:00,0.0,0.0,1082.19,0.0,4,11,1082.19,4,4,3,443,Champions
14084.0,150.5,1,306,2010-07-15 14:36:00,2010-07-15 14:36:00,0.0,0.0,150.5,0.0,512,1,150.5,1,1,1,111,Lost Customers
14085.0,9720.67,33,6434,2009-12-08 13:41:00,2011-12-07 13:46:00,12.75,1.0,9707.92,0.13116379838015282,2,33,9707.92,4,4,4,444,Champions
14086.0,39.95,1,1,2010-09-03 10:52:00,2010-09-03 10:52:00,0.0,0.0,39.95,0.0,463,1,39.95,1,1,1,111,Lost Customers
14087.0,829.47,3,718,2009-12-04 15:27:00,2011-12-07 12:41:00,42.75,2.0,786.72,5.153893450034359,3,3,786.72,4,2,2,422,Potential Loyalists
14088.0,64036.8,16,15276,2010-10-14 19:46:00,2011-11-29 16:16:00,1636.78,4.0,62400.020000000004,2.555999050545936,10,16,62400.020000000004,4,4,4,444,Champions
14089.0,158.75,1,133,2011-10-14 10:38:00,2011-10-14 10:38:00,0.0,0.0,158.75,0.0,57,1,158.75,3,1,1,311,Potential Loyalists
14090.0,76.32000000000001,1,72,2011-01-19 10:51:00,2011-01-19 10:51:00,0.0,0.0,76.32000000000001,0.0,325,1,76.32000000000001,2,1,1,211,Regular Customers
14091.0,9530.08,2,3316,2010-01-10 13:41:00,2010-02-23 15:17:00,0.0,0.0,9530.08,0.0,654,2,9530.08,1,2,4,124,Lost Customers
14092.0,7229.45,24,3606,2009-12-16 16:24:00,2011-12-02 12:13:00,13.81,3.0,7215.639999999999,0.19102421346022175,8,24,7215.639999999999,4,4,4,444,Champions
14093.0,433.86,1,391,2011-11-27 16:27:00,2011-11-27 16:27:00,0.0,0.0,433.86,0.0,12,1,433.86,4,1,2,412,Potential Loyalists
14094.0,311.77,1,158,2010-09-26 11:58:00,2010-09-26 11:58:00,0.95,1.0,310.82,0.3047118067806396,440,1,310.82,1,1,1,111,Lost Customers
14095.0,2.95,1,1,2009-12-17 12:49:00,2009-12-17 12:49:00,0.0,0.0,2.95,0.0,723,1,2.95,1,1,1,111,Lost Customers
14096.0,65164.79,17,16352,2011-08-30 10:49:00,2011-12-05 17:17:00,8043.88,17.0,57120.91,12.343905351340808,4,17,57120.91,4,4,4,444,Champions
14097.0,422.85999999999996,2,352,2010-03-04 10:46:00,2010-08-15 14:20:00,0.0,0.0,422.85999999999996,0.0,481,2,422.85999999999996,1,2,2,122,Lost Customers
14098.0,147.35,1,104,2011-11-03 10:13:00,2011-11-03 10:13:00,0.0,0.0,147.35,0.0,37,1,147.35,3,1,1,311,Potential Loyalists
14099.0,5750.91,20,3666,2009-12-10 11:55:00,2011-11-23 13:53:00,65.2,2.0,5685.71,1.133733617810051,16,20,5685.71,4,4,4,444,Champions
14100.0,191.95000000000002,1,63,2011-07-25 11:01:00,2011-07-25 11:01:00,0.0,0.0,191.95000000000002,0.0,138,1,191.95000000000002,2,1,1,211,Regular Customers
14101.0,9961.93,13,10542,2010-03-28 13:36:00,2011-09-27 12:28:00,19.799999999999997,1.0,9942.130000000001,0.19875666662985983,74,13,9942.130000000001,3,4,4,344,Champions
14102.0,1105.8799999999999,5,769,2011-10-26 12:46:00,2011-12-04 15:38:00,45.55,3.0,1060.33,4.118891742322856,5,5,1060.33,4,3,3,433,Champions
14104.0,743.53,5,496,2010-05-28 16:11:00,2011-07-08 12:50:00,0.0,0.0,743.53,0.0,155,5,743.53,2,3,2,232,Regular Customers
14105.0,5988.83,5,3534,2009-12-18 16:57:00,2011-04-14 17:58:00,284.85,4.0,5703.98,4.756354747087495,239,5,5703.98,2,3,4,234,At Risk
14106.0,214.79999999999998,1,24,2009-12-02 14:09:00,2009-12-02 14:09:00,0.0,0.0,214.79999999999998,0.0,737,1,214.79999999999998,1,1,1,111,Lost Customers
14107.0,4877.3,11,3489,2009-12-09 14:20:00,2011-10-19 12:12:00,23.6,2.0,4853.7,0.4838742747011666,52,11,4853.7,3,4,4,344,Champions
14108.0,1044.96,4,660,2009-12-01 18:07:00,2011-11-09 10:41:00,3.75,1.0,1041.21,0.35886541111621495,31,4,1041.21,3,3,3,333,Champions
14109.0,144.2,1,88,2011-09-28 10:18:00,2011-09-28 10:18:00,64.0,1.0,80.19999999999999,44.382801664355064,73,1,80.19999999999999,3,1,1,311,Potential Loyalists
14110.0,12987.95,33,5825,2009-12-01 09:50:00,2011-12-06 12:26:00,30.35,2.0,12957.6,0.23367814012219015,4,33,12957.6,4,4,4,444,Champions
14111.0,692.85,4,458,2011-04-12 11:36:00,2011-11-25 13:44:00,4.25,1.0,688.6,0.6134083856534603,14,4,688.6,4,3,2,432,Loyal Customers
14112.0,5834.59,13,3539,2010-02-23 14:16:00,2011-11-17 12:30:00,310.08,14.0,5524.51,5.314512245076346,23,13,5524.51,4,4,4,444,Champions
14113.0,7092.610000000001,16,3439,2009-12-08 07:42:00,2011-12-06 12:18:00,935.86,15.0,6156.750000000001,13.194860566138559,4,16,6156.750000000001,4,4,4,444,Champions
14114.0,1364.09,7,650,2010-04-12 11:07:00,2011-03-11 09:42:00,0.0,0.0,1364.09,0.0,274,7,1364.09,2,3,3,233,At Risk
14115.0,622.6700000000001,2,509,2010-02-11 11:44:00,2010-07-26 12:36:00,0.0,0.0,622.6700000000001,0.0,502,2,622.6700000000001,1,2,2,122,Lost Customers
14116.0,1382.74,5,707,2011-08-10 12:44:00,2011-11-20 10:29:00,0.0,0.0,1382.74,0.0,20,5,1382.74,4,3,3,433,Champions
14117.0,90.0,1,72,2011-07-19 09:49:00,2011-07-19 09:49:00,0.0,0.0,90.0,0.0,144,1,90.0,2,1,1,211,Regular Customers
14118.0,458.45,1,97,2010-10-07 11:59:00,2010-10-07 11:59:00,0.0,0.0,458.45,0.0,429,1,458.45,1,1,2,112,Lost Customers
14119.0,183.37,2,177,2009-12-21 14:52:00,2010-11-29 10:33:00,19.9,1.0,163.47,10.852374979549543,376,2,163.47,2,2,1,221,Regular Customers
14121.0,2780.15,4,2082,2011-10-11 10:39:00,2011-12-06 12:19:00,39.85,2.0,2740.3,1.4333758969839758,4,4,2740.3,4,3,4,434,Champions
14122.0,362.42,3,114,2009-12-02 14:22:00,2010-10-29 15:11:00,52.650000000000006,2.0,309.77,14.527343965564816,406,3,309.77,1,2,1,121,Lost Customers
14123.0,436.18,1,234,2009-12-06 15:35:00,2009-12-06 15:35:00,0.0,0.0,436.18,0.0,733,1,436.18,1,1,2,112,Lost Customers
14124.0,419.58000000000004,1,1618,2011-09-16 13:32:00,2011-09-16 13:32:00,0.0,0.0,419.58000000000004,0.0,84,1,419.58000000000004,3,1,2,312,Potential Loyalists
14125.0,2720.63,3,1628,2011-09-22 15:40:00,2011-11-29 12:47:00,0.0,0.0,2720.63,0.0,11,3,2720.63,4,2,4,424,Potential Loyalists
14126.0,1172.46,4,887,2010-09-21 14:51:00,2011-12-02 11:45:00,62.5,1.0,1109.96,5.330672261740273,8,4,1109.96,4,3,3,433,Champions
14127.0,1900.0800000000002,6,828,2010-10-10 11:53:00,2011-08-09 10:49:00,0.0,0.0,1900.0800000000002,0.0,123,6,1900.0800000000002,2,3,3,233,At Risk
14128.0,924.21,3,814,2010-06-06 14:05:00,2011-10-10 12:00:00,14.850000000000001,1.0,909.36,1.6067776803973124,61,3,909.36,3,2,3,323,Potential Loyalists
14129.0,2591.34,9,1414,2010-05-09 14:54:00,2011-12-08 11:02:00,0.0,0.0,2591.34,0.0,2,9,2591.34,4,4,4,444,Champions
14130.0,1858.77,4,1215,2009-12-11 16:33:00,2011-01-24 16:05:00,0.0,0.0,1858.77,0.0,319,4,1858.77,2,3,3,233,At Risk
14131.0,168.22,1,105,2010-03-01 11:59:00,2010-03-01 11:59:00,0.0,0.0,168.22,0.0,649,1,168.22,1,1,1,111,Lost Customers
14132.0,3586.0299999999997,11,3368,2011-06-09 12:04:00,2011-12-07 13:35:00,5.9,1.0,3580.1299999999997,0.16452734639699057,2,11,3580.1299999999997,4,4,4,444,Champions
14133.0,911.14,4,398,2009-12-06 12:10:00,2011-08-02 11:34:00,15.3,2.0,895.84,1.6792150492789253,130,4,895.84,2,3,3,233,At Risk
14134.0,11123.35,15,5814,2009-12-10 09:25:00,2010-11-22 12:26:00,0.0,0.0,11123.35,0.0,383,15,11123.35,1,4,4,144,At Risk
14135.0,8839.67,24,8534,2009-12-02 08:58:00,2011-12-08 11:38:00,38.87,1.0,8800.8,0.4397222973255789,2,24,8800.8,4,4,4,444,Champions
14136.0,1570.81,5,1148,2009-12-08 09:19:00,2010-11-04 11:53:00,16.85,2.0,1553.96,1.0726949790235611,401,5,1553.96,1,3,3,133,At Risk
14137.0,332.7,1,462,2010-01-13 12:30:00,2010-01-13 12:30:00,38.6,1.0,294.09999999999997,11.60204388337842,696,1,294.09999999999997,1,1,1,111,Lost Customers
14138.0,965.8800000000001,2,600,2011-10-07 09:38:00,2011-12-08 12:44:00,0.0,0.0,965.8800000000001,0.0,2,2,965.8800000000001,4,2,3,423,Potential Loyalists
14139.0,1086.8,4,1049,2010-06-15 09:17:00,2011-10-24 13:34:00,0.0,0.0,1086.8,0.0,46,4,1086.8,3,3,3,333,Champions
14140.0,935.05,2,811,2011-11-08 11:20:00,2011-12-06 09:05:00,15.0,1.0,920.05,1.604192289182397,4,2,920.05,4,2,3,423,Potential Loyalists
14141.0,915.13,4,355,2011-08-26 14:40:00,2011-12-07 09:53:00,36.1,2.0,879.03,3.944794728617792,3,4,879.03,4,3,3,433,Champions
14142.0,671.34,2,518,2010-03-03 15:13:00,2010-12-01 16:33:00,15.4,2.0,655.94,2.2939196234396877,373,2,655.94,2,2,2,222,Regular Customers
14143.0,115.8,1,30,2011-07-29 09:48:00,2011-07-29 09:48:00,0.0,0.0,115.8,0.0,134,1,115.8,2,1,1,211,Regular Customers
14144.0,30.599999999999998,1,12,2010-08-10 15:17:00,2010-08-10 15:17:00,0.0,0.0,30.599999999999998,0.0,486,1,30.599999999999998,1,1,1,111,Lost Customers
14145.0,7600.05,7,1655,2010-04-08 09:47:00,2011-10-24 12:10:00,594.0,1.0,7006.05,7.815738054354905,47,7,7006.05,3,3,4,334,Champions
14146.0,9450.3,12,5780,2010-01-13 16:04:00,2011-12-01 10:18:00,1241.43,1.0,8208.869999999999,13.13640836798832,9,12,8208.869999999999,4,4,4,444,Champions
14147.0,2590.2,9,995,2010-03-09 13:43:00,2011-09-22 18:10:00,570.9,3.0,2019.2999999999997,22.040769052582814,78,9,2019.2999999999997,3,4,3,343,Champions
14148.0,466.29,2,223,2010-10-21 14:08:00,2011-04-20 12:02:00,0.0,0.0,466.29,0.0,234,2,466.29,2,2,2,222,Regular Customers
14149.0,446.62,1,218,2011-05-03 09:44:00,2011-05-03 09:44:00,187.19,2.0,259.43,41.91258788231606,221,1,259.43,2,1,1,211,Regular Customers
14150.0,658.64,2,496,2010-12-15 10:04:00,2011-11-04 10:05:00,0.0,0.0,658.64,0.0,36,2,658.64,3,2,2,322,Potential Loyalists
14151.0,679.45,2,405,2009-12-23 10:54:00,2010-02-04 15:35:00,12.75,1.0,666.7,1.876517771727132,673,2,666.7,1,2,2,122,Lost Customers
14152.0,1997.3400000000001,7,1844,2010-02-18 13:57:00,2011-09-25 12:54:00,21.9,2.0,1975.44,1.096458289525068,75,7,1975.44,3,3,3,333,Champions
14153.0,233.4,1,312,2010-08-13 14:35:00,2010-08-13 14:35:00,0.0,0.0,233.4,0.0,483,1,233.4,1,1,1,111,Lost Customers
14154.0,6460.7,8,3222,2010-01-13 12:47:00,2011-04-14 16:26:00,197.1,2.0,6263.599999999999,3.050753014379247,239,8,6263.599999999999,2,4,4,244,At Risk
14155.0,118.75,1,25,2011-03-18 14:13:00,2011-03-18 14:13:00,0.0,0.0,118.75,0.0,266,1,118.75,2,1,1,211,Regular Customers
14156.0,313437.62,156,164325,2009-12-01 12:30:00,2011-11-30 10:54:00,17374.18,46.0,296063.44,5.543106152988273,10,156,296063.44,4,4,4,444,Champions
14157.0,978.69,5,521,2010-03-03 16:49:00,2011-11-20 11:32:00,32.45,1.0,946.24,3.3156566430636873,20,5,946.24,4,3,3,433,Champions
14158.0,507.66,1,781,2011-10-30 15:08:00,2011-10-30 15:08:00,0.0,0.0,507.66,0.0,40,1,507.66,3,1,2,312,Potential Loyalists
14159.0,7860.8,20,6520,2009-12-03 12:31:00,2011-11-20 12:36:00,366.13,5.0,7494.67,4.657668430694076,20,20,7494.67,4,4,4,444,Champions
14160.0,8421.47,7,4661,2010-01-10 12:06:00,2010-04-08 14:30:00,0.0,0.0,8421.47,0.0,610,7,8421.47,1,3,4,144,At Risk
14161.0,2996.93,7,1480,2009-12-13 11:46:00,2011-05-08 11:41:00,0.0,0.0,2996.93,0.0,216,7,2996.93,2,4,4,244,At Risk
14162.0,289.36,2,142,2011-02-20 12:32:00,2011-06-19 11:36:00,0.0,0.0,289.36,0.0,174,2,289.36,2,2,1,221,Regular Customers
14163.0,2594.62,5,950,2010-09-03 17:15:00,2011-09-13 15:18:00,0.0,0.0,2594.62,0.0,87,5,2594.62,3,3,4,334,Champions
14164.0,1631.77,2,1033,2011-09-20 12:18:00,2011-09-30 12:24:00,0.0,0.0,1631.77,0.0,71,2,1631.77,3,2,3,323,Potential Loyalists
14165.0,120.44,1,53,2011-03-09 12:39:00,2011-03-09 12:39:00,0.0,0.0,120.44,0.0,276,1,120.44,2,1,1,211,Regular Customers
14166.0,251.15,2,82,2010-03-23 15:10:00,2010-07-22 19:42:00,0.0,0.0,251.15,0.0,505,2,251.15,1,2,1,121,Lost Customers
14167.0,1274.29,8,340,2010-01-27 16:07:00,2011-10-31 14:29:00,0.0,0.0,1274.29,0.0,39,8,1274.29,3,4,3,343,Champions
14168.0,370.45,2,147,2010-05-24 12:28:00,2010-10-15 10:49:00,64.55,1.0,305.9,17.42475367795924,421,2,305.9,1,2,1,121,Lost Customers
14169.0,621.51,2,205,2010-09-21 13:39:00,2010-10-05 08:45:00,0.0,0.0,621.51,0.0,431,2,621.51,1,2,2,122,Lost Customers
14170.0,570.18,3,270,2010-11-09 14:06:00,2010-11-29 13:10:00,0.0,0.0,570.18,0.0,375,3,570.18,2,2,2,222,Regular Customers
14171.0,498.79,2,211,2009-12-09 13:50:00,2011-09-02 16:43:00,0.0,0.0,498.79,0.0,98,2,498.79,2,2,2,222,Regular Customers
14172.0,369.02,3,78,2010-03-07 10:58:00,2010-04-13 13:26:00,12.75,1.0,356.27,3.4550972847000163,605,3,356.27,1,2,2,122,Lost Customers
14173.0,586.0,6,194,2009-12-09 12:46:00,2011-11-29 11:54:00,19.049999999999997,1.0,566.95,3.2508532423208183,11,6,566.95,4,3,2,432,Loyal Customers
14174.0,134.46,1,94,2011-11-06 13:17:00,2011-11-06 13:17:00,0.0,0.0,134.46,0.0,33,1,134.46,3,1,1,311,Potential Loyalists
14175.0,7678.88,8,3009,2010-03-22 10:43:00,2011-10-11 11:55:00,328.44,9.0,7350.4400000000005,4.277186256329048,60,8,7350.4400000000005,3,4,4,344,Champions
14176.0,756.46,5,265,2010-11-23 13:21:00,2011-02-15 13:12:00,2.9,1.0,753.5600000000001,0.38336461941146915,297,5,753.5600000000001,2,3,2,232,Regular Customers
14177.0,2209.69,13,1043,2010-02-26 11:59:00,2011-09-14 15:11:00,4.95,1.0,2204.7400000000002,0.22401332313582448,86,13,2204.7400000000002,3,4,4,344,Champions
14178.0,1600.26,7,1494,2011-06-10 12:51:00,2011-12-01 12:01:00,0.0,0.0,1600.26,0.0,9,7,1600.26,4,4,3,443,Champions
14179.0,701.57,2,319,2011-10-18 14:00:00,2011-10-30 12:07:00,0.0,0.0,701.57,0.0,41,2,701.57,3,2,2,322,Potential Loyalists
14180.0,6117.5,33,847,2010-06-09 14:56:00,2011-11-29 10:56:00,208.5,9.0,5909.0,3.4082550061299552,11,33,5909.0,4,4,4,444,Champions
14181.0,308.35,2,120,2010-05-26 12:32:00,2010-10-25 08:27:00,0.0,0.0,308.35,0.0,411,2,308.35,1,2,1,121,Lost Customers
14182.0,678.77,4,174,2010-04-22 15:36:00,2010-09-22 11:45:00,18.7,1.0,660.0699999999999,2.7549832785774266,444,4,660.0699999999999,1,3,2,132,Regular Customers
14183.0,278.34000000000003,2,60,2010-08-15 15:36:00,2010-10-24 14:45:00,0.0,0.0,278.34000000000003,0.0,411,2,278.34000000000003,1,2,1,121,Lost Customers
14184.0,452.89,1,127,2011-10-04 12:43:00,2011-10-04 12:43:00,0.0,0.0,452.89,0.0,67,1,452.89,3,1,2,312,Potential Loyalists
14185.0,197.65,1,6,2011-01-12 13:52:00,2011-01-12 13:52:00,0.0,0.0,197.65,0.0,331,1,197.65,2,1,1,211,Regular Customers
14186.0,1550.63,5,1550,2010-03-05 11:17:00,2010-10-08 13:30:00,0.0,0.0,1550.63,0.0,427,5,1550.63,1,3,3,133,At Risk
14187.0,123.5,1,50,2010-08-23 12:06:00,2010-08-23 12:06:00,0.0,0.0,123.5,0.0,474,1,123.5,1,1,1,111,Lost Customers
14188.0,2054.36,6,1162,2011-02-02 13:46:00,2011-11-09 12:45:00,35.45,4.0,2018.91,1.7255982398411185,31,6,2018.91,3,3,3,333,Champions
14189.0,5503.15,16,4392,2010-11-16 09:28:00,2011-12-07 15:55:00,49.769999999999996,9.0,5453.379999999999,0.9043911214486248,2,16,5453.379999999999,4,4,4,444,Champions
14190.0,79.9,1,2,2010-02-11 14:27:00,2010-02-11 14:27:00,0.0,0.0,79.9,0.0,666,1,79.9,1,1,1,111,Lost Customers
14191.0,4817.66,15,3724,2009-12-11 10:48:00,2011-12-08 09:23:00,104.25,2.0,4713.41,2.1639136012088858,2,15,4713.41,4,4,4,444,Champions
14192.0,293.74,1,218,2010-11-16 17:44:00,2010-11-16 17:44:00,0.0,0.0,293.74,0.0,388,1,293.74,1,1,1,111,Lost Customers
14193.0,1210.19,3,653,2010-11-08 12:31:00,2011-10-03 09:34:00,0.0,0.0,1210.19,0.0,68,3,1210.19,3,2,3,323,Potential Loyalists
14194.0,18670.59,36,10037,2010-01-06 12:16:00,2011-12-05 10:38:00,227.72,18.0,18442.87,1.2196722224632428,5,36,18442.87,4,4,4,444,Champions
14195.0,2615.6,6,2144,2010-03-15 17:12:00,2011-05-22 10:29:00,234.36,4.0,2381.24,8.960085640006119,202,6,2381.24,2,3,4,234,At Risk
14196.0,335.52,1,142,2011-08-25 10:25:00,2011-08-25 10:25:00,0.0,0.0,335.52,0.0,107,1,335.52,2,1,1,211,Regular Customers
14197.0,390.05,1,143,2010-10-25 10:01:00,2010-10-25 10:01:00,0.0,0.0,390.05,0.0,411,1,390.05,1,1,2,112,Lost Customers
14198.0,1569.73,9,623,2010-01-05 10:07:00,2011-11-21 16:35:00,42.15,4.0,1527.58,2.685175157511164,18,9,1527.58,4,4,3,443,Champions
14199.0,1091.7,4,254,2010-06-27 12:13:00,2011-05-05 13:44:00,175.20000000000002,2.0,916.5,16.04836493542182,218,4,916.5,2,3,3,233,At Risk
14200.0,379.2,1,140,2010-04-01 13:01:00,2010-04-01 13:01:00,0.0,0.0,379.2,0.0,617,1,379.2,1,1,2,112,Lost Customers
14201.0,1193.54,10,806,2010-04-30 13:00:00,2011-10-10 13:27:00,59.400000000000006,2.0,1134.1399999999999,4.976791728806743,60,10,1134.1399999999999,3,4,3,343,Champions
14202.0,847.76,3,166,2010-03-25 10:36:00,2010-11-23 17:13:00,0.0,0.0,847.76,0.0,381,3,847.76,1,2,3,123,Lost Customers
14203.0,339.34,1,80,2010-11-07 13:35:00,2010-11-07 13:35:00,0.0,0.0,339.34,0.0,397,1,339.34,1,1,2,112,Lost Customers
14204.0,1024.83,4,469,2009-12-02 13:26:00,2011-12-07 13:38:00,0.0,0.0,1024.83,0.0,2,4,1024.83,4,3,3,433,Champions
14205.0,2414.2,9,1342,2010-03-07 12:20:00,2011-11-23 10:55:00,267.62,3.0,2146.58,11.085245630022369,17,9,2146.58,4,4,3,443,Champions
14206.0,1185.01,3,930,2010-11-02 11:37:00,2011-04-14 16:38:00,39.8,2.0,1145.21,3.358621446232521,239,3,1145.21,2,2,3,223,Regular Customers
14207.0,157.8,1,36,2010-01-21 09:33:00,2010-01-21 09:33:00,0.0,0.0,157.8,0.0,688,1,157.8,1,1,1,111,Lost Customers
14208.0,567.05,2,529,2010-06-06 13:11:00,2011-09-06 12:48:00,0.0,0.0,567.05,0.0,95,2,567.05,3,2,2,322,Potential Loyalists
14209.0,4993.27,15,1739,2010-01-22 10:28:00,2011-11-29 10:18:00,55.9,4.0,4937.370000000001,1.1195068562284833,11,15,4937.370000000001,4,4,4,444,Champions
14210.0,5556.570000000001,16,2511,2010-01-06 10:17:00,2011-08-26 12:36:00,47.2,5.0,5509.370000000001,0.8494448913628371,106,16,5509.370000000001,2,4,4,244,At Risk
14211.0,4402.29,18,2575,2009-12-09 12:48:00,2011-10-17 13:23:00,100.6,8.0,4301.69,2.285174307008398,53,18,4301.69,3,4,4,344,Champions
14212.0,2190.14,2,2046,2010-09-20 11:48:00,2011-09-11 12:45:00,0.0,0.0,2190.14,0.0,90,2,2190.14,3,2,4,324,Potential Loyalists
14214.0,1004.38,5,751,2011-03-07 12:26:00,2011-11-09 10:31:00,4.15,2.0,1000.23,0.41319022680658724,31,5,1000.23,3,3,3,333,Champions
14215.0,3250.33,9,2181,2009-12-08 09:35:00,2011-11-28 12:19:00,11.8,1.0,3238.5299999999997,0.3630400605476983,12,9,3238.5299999999997,4,4,4,444,Champions
14216.0,2150.04,5,712,2010-10-21 15:07:00,2011-12-06 14:56:00,7.6499999999999995,1.0,2142.39,0.3558073338170452,3,5,2142.39,4,3,3,433,Champions
14217.0,3298.59,23,1230,2010-06-30 12:54:00,2011-12-08 11:53:00,193.07,10.0,3105.52,5.8531069335685855,2,23,3105.52,4,4,4,444,Champions
14218.0,169.48000000000002,1,160,2011-10-28 10:00:00,2011-10-28 10:00:00,0.0,0.0,169.48000000000002,0.0,43,1,169.48000000000002,3,1,1,311,Potential Loyalists
14219.0,633.83,3,363,2010-08-03 14:42:00,2011-12-05 16:23:00,0.0,0.0,633.83,0.0,4,3,633.83,4,2,2,422,Potential Loyalists
14220.0,1515.0,4,468,2010-05-19 13:26:00,2011-04-06 13:23:00,0.0,0.0,1515.0,0.0,247,4,1515.0,2,3,3,233,At Risk
14221.0,6517.49,17,3808,2010-04-06 14:10:00,2011-10-28 13:42:00,10.9,2.0,6506.59,0.16724229726474457,42,17,6506.59,3,4,4,344,Champions
14222.0,683.17,1,607,2011-06-15 16:42:00,2011-06-15 16:42:00,0.0,0.0,683.17,0.0,177,1,683.17,2,1,2,212,Regular Customers
14223.0,991.13,3,585,2011-03-20 16:02:00,2011-09-08 13:38:00,15.9,1.0,975.23,1.604229515805192,92,3,975.23,3,2,3,323,Potential Loyalists
14224.0,1841.71,9,826,2010-06-13 13:46:00,2011-08-21 13:24:00,0.0,0.0,1841.71,0.0,110,9,1841.71,2,4,3,243,At Risk
14225.0,2031.07,4,1167,2010-01-12 15:02:00,2010-10-01 10:32:00,21.9,1.0,2009.1699999999998,1.078249395638752,435,4,2009.1699999999998,1,3,3,133,At Risk
14226.0,2985.13,6,1714,2010-09-24 14:32:00,2011-11-11 11:34:00,34.75,3.0,2950.38,1.164103405881821,29,6,2950.38,3,3,4,334,Champions
14227.0,6368.71,15,4048,2010-02-08 09:38:00,2011-11-13 15:48:00,41.4,7.0,6327.31,0.6500531504810235,26,15,6327.31,3,4,4,344,Champions
14228.0,745.5,3,260,2010-06-11 12:29:00,2010-09-28 09:45:00,0.0,0.0,745.5,0.0,438,3,745.5,1,2,2,122,Lost Customers
14229.0,2594.04,7,934,2010-08-25 11:47:00,2011-10-19 10:04:00,125.04999999999998,4.0,2468.99,4.820665833988682,52,7,2468.99,3,4,4,344,Champions
14230.0,979.8000000000001,3,246,2010-06-09 13:56:00,2010-09-30 09:07:00,0.0,0.0,979.8000000000001,0.0,436,3,979.8000000000001,1,2,3,123,Lost Customers
14231.0,1235.6200000000001,4,610,2010-09-15 09:52:00,2011-06-09 11:05:00,103.65,2.0,1131.97,8.388501319175798,184,4,1131.97,2,3,3,233,At Risk
14232.0,2048.07,5,1941,2011-03-20 12:44:00,2011-10-28 11:09:00,4.14,3.0,2043.93,0.20214152836572963,43,5,2043.93,3,3,3,333,Champions
14233.0,2904.27,7,1261,2010-03-05 16:35:00,2011-10-21 15:54:00,137.31,3.0,2766.96,4.727866210786187,49,7,2766.96,3,4,4,344,Champions
14234.0,754.12,4,951,2011-10-13 13:58:00,2011-11-17 17:53:00,0.0,0.0,754.12,0.0,22,4,754.12,4,3,2,432,Loyal Customers
14235.0,4717.99,9,3014,2010-03-30 13:36:00,2011-09-25 14:37:00,51.0,1.0,4666.99,1.0809688023925443,75,9,4666.99,3,4,4,344,Champions
14236.0,1555.34,5,774,2010-07-22 14:27:00,2011-09-20 09:13:00,11.899999999999999,2.0,1543.4399999999998,0.7651060218344542,81,5,1543.4399999999998,3,3,3,333,Champions
14237.0,471.14,2,238,2010-04-28 10:04:00,2010-12-01 13:20:00,5.1,1.0,466.03999999999996,1.0824807912722332,373,2,466.03999999999996,2,2,2,222,Regular Customers
14238.0,434.23,3,189,2009-12-05 10:58:00,2011-01-17 14:40:00,0.0,0.0,434.23,0.0,326,3,434.23,2,2,2,222,Regular Customers
14239.0,4263.17,21,1729,2009-12-05 12:36:00,2011-10-27 14:40:00,59.45,3.0,4203.72,1.3945022131418638,43,21,4203.72,3,4,4,344,Champions
14240.0,1247.49,3,655,2010-10-12 12:48:00,2011-11-09 13:45:00,0.0,0.0,1247.49,0.0,30,3,1247.49,3,2,3,323,Potential Loyalists
14241.0,333.70000000000005,2,242,2010-01-12 15:11:00,2011-06-09 11:46:00,0.0,0.0,333.70000000000005,0.0,184,2,333.70000000000005,2,2,1,221,Regular Customers
14242.0,280.55,2,123,2011-01-18 08:53:00,2011-04-19 11:46:00,0.0,0.0,280.55,0.0,235,2,280.55,2,2,1,221,Regular Customers
14243.0,7217.75,17,3631,2010-08-20 13:41:00,2011-12-01 11:12:00,65.69,6.0,7152.06,0.9101174188632192,9,17,7152.06,4,4,4,444,Champions
14244.0,366.41999999999996,1,814,2010-02-17 11:40:00,2010-02-17 11:40:00,11.6,1.0,354.81999999999994,3.1657660608045415,661,1,354.81999999999994,1,1,2,112,Lost Customers
14245.0,1693.45,2,976,2011-03-21 10:41:00,2011-05-04 08:40:00,15.97,3.0,1677.48,0.9430452626295432,220,2,1677.48,2,2,3,223,Regular Customers
14246.0,1474.06,3,804,2011-04-08 08:25:00,2011-08-21 11:50:00,0.0,0.0,1474.06,0.0,111,3,1474.06,2,2,3,223,Regular Customers
14247.0,753.56,5,378,2010-06-06 15:07:00,2011-03-06 15:21:00,2.95,1.0,750.6099999999999,0.3914751313764001,278,5,750.6099999999999,2,3,2,232,Regular Customers
14248.0,1032.95,3,692,2010-07-12 14:27:00,2011-01-25 14:45:00,0.0,0.0,1032.95,0.0,318,3,1032.95,2,2,3,223,Regular Customers
14249.0,5400.461,12,2383,2010-01-29 14:21:00,2010-10-25 12:34:00,0.0,0.0,5400.461,0.0,411,12,5400.461,1,4,4,144,At Risk
14250.0,1904.05,3,1200,2011-09-11 13:44:00,2011-12-02 14:30:00,0.0,0.0,1904.05,0.0,7,3,1904.05,4,2,3,423,Potential Loyalists
14251.0,2879.7000000000003,5,1674,2011-10-13 12:46:00,2011-12-08 08:32:00,0.0,0.0,2879.7000000000003,0.0,2,5,2879.7000000000003,4,3,4,434,Champions
14252.0,350.99,1,111,2010-11-23 13:36:00,2010-11-23 13:36:00,0.0,0.0,350.99,0.0,381,1,350.99,1,1,2,112,Lost Customers
14253.0,363.40000000000003,2,88,2010-03-26 15:08:00,2010-08-03 14:55:00,0.0,0.0,363.40000000000003,0.0,493,2,363.40000000000003,1,2,2,122,Lost Customers
14254.0,601.03,1,263,2010-10-03 11:52:00,2010-10-03 11:52:00,0.0,0.0,601.03,0.0,433,1,601.03,1,1,2,112,Lost Customers
14256.0,2460.79,5,1147,2010-01-14 10:35:00,2011-03-24 13:17:00,76.65,4.0,2384.14,3.1148533600998056,260,5,2384.14,2,3,4,234,At Risk
14257.0,5954.45,9,3332,2010-03-01 15:36:00,2011-10-06 16:54:00,12.450000000000001,1.0,5942.0,0.20908732124713453,64,9,5942.0,3,4,4,344,Champions
14258.0,32051.34,25,17488,2009-12-04 08:36:00,2011-11-30 15:27:00,1023.99,7.0,31027.35,3.1948430237238132,9,25,31027.35,4,4,4,444,Champions
14259.0,120.0,1,68,2011-07-21 10:44:00,2011-07-21 10:44:00,0.0,0.0,120.0,0.0,142,1,120.0,2,1,1,211,Regular Customers
14260.0,824.28,3,544,2010-06-09 11:23:00,2010-08-25 14:55:00,0.0,0.0,824.28,0.0,471,3,824.28,1,2,2,122,Lost Customers
14261.0,1163.45,2,406,2011-09-22 10:47:00,2011-10-20 10:04:00,0.0,0.0,1163.45,0.0,51,2,1163.45,3,2,3,323,Potential Loyalists
14262.0,2618.23,8,1645,2011-04-13 12:23:00,2011-12-01 14:17:00,0.0,0.0,2618.23,0.0,8,8,2618.23,4,4,4,444,Champions
14263.0,322.93,1,171,2010-10-12 14:09:00,2010-10-12 14:09:00,0.0,0.0,322.93,0.0,423,1,322.93,1,1,1,111,Lost Customers
14264.0,1517.3600000000001,6,553,2010-04-07 13:21:00,2011-07-08 10:20:00,41.5,2.0,1475.8600000000001,2.7350134444034375,155,6,1475.8600000000001,2,3,3,233,At Risk
14265.0,1373.35,4,715,2010-04-06 14:39:00,2011-08-22 13:32:00,0.0,0.0,1373.35,0.0,109,4,1373.35,2,3,3,233,At Risk
14266.0,40.56,1,24,2010-10-07 13:32:00,2010-10-07 13:32:00,0.0,0.0,40.56,0.0,428,1,40.56,1,1,1,111,Lost Customers
14267.0,1516.24,3,530,2011-03-24 11:38:00,2011-06-30 10:09:00,257.05,6.0,1259.19,16.953120877961272,163,3,1259.19,2,2,3,223,Regular Customers
14268.0,354.85,1,147,2010-08-26 10:45:00,2010-08-26 10:45:00,0.0,0.0,354.85,0.0,471,1,354.85,1,1,2,112,Lost Customers
14269.0,295.73,1,123,2010-09-26 12:53:00,2010-09-26 12:53:00,34.05,1.0,261.68,11.51388090487945,439,1,261.68,1,1,1,111,Lost Customers
14270.0,492.65000000000003,1,197,2011-01-12 09:33:00,2011-01-12 09:33:00,0.0,0.0,492.65000000000003,0.0,332,1,492.65000000000003,2,1,2,212,Regular Customers
14271.0,214.18,2,148,2010-10-26 17:01:00,2011-04-28 12:47:00,0.0,0.0,214.18,0.0,226,2,214.18,2,2,1,221,Regular Customers
14272.0,920.81,4,1097,2010-05-06 14:01:00,2011-09-27 10:08:00,0.0,0.0,920.81,0.0,74,4,920.81,3,3,3,333,Champions
14273.0,559.97,4,264,2011-04-11 13:24:00,2011-10-19 13:20:00,0.0,0.0,559.97,0.0,51,4,559.97,3,3,2,332,Loyal Customers
14274.0,256.6,1,178,2010-01-22 12:51:00,2010-01-22 12:51:00,0.0,0.0,256.6,0.0,686,1,256.6,1,1,1,111,Lost Customers
14275.0,1189.3799999999999,6,538,2010-04-11 12:32:00,2010-11-09 09:06:00,0.0,0.0,1189.3799999999999,0.0,396,6,1189.3799999999999,1,3,3,133,At Risk
14276.0,2102.68,7,1406,2010-02-17 13:10:00,2011-09-02 09:45:00,173.35999999999999,6.0,1929.32,8.244716266859436,99,7,1929.32,2,4,3,243,At Risk
14277.0,17197.61,9,89806,2009-12-13 15:43:00,2011-11-24 15:01:00,12901.34,5.0,4296.27,75.01821474030403,15,9,4296.27,4,4,4,444,Champions
14278.0,205.83,1,131,2010-10-26 12:07:00,2010-10-26 12:07:00,0.0,0.0,205.83,0.0,410,1,205.83,1,1,1,111,Lost Customers
14279.0,191.86,2,46,2010-01-27 16:34:00,2010-07-07 08:42:00,0.0,0.0,191.86,0.0,521,2,191.86,1,2,1,121,Lost Customers
14280.0,134.04,1,52,2011-05-27 10:37:00,2011-05-27 10:37:00,0.0,0.0,134.04,0.0,197,1,134.04,2,1,1,211,Regular Customers
14281.0,245.15,1,45,2010-10-27 14:45:00,2010-10-27 14:45:00,0.0,0.0,245.15,0.0,408,1,245.15,1,1,1,111,Lost Customers
14282.0,7250.76,25,5166,2010-02-15 11:22:00,2011-12-06 17:04:00,5.0,1.0,7245.76,0.0689582885104458,3,25,7245.76,4,4,4,444,Champions
14283.0,628.4399999999999,4,550,2010-05-19 12:22:00,2010-09-02 14:46:00,0.0,0.0,628.4399999999999,0.0,463,4,628.4399999999999,1,3,2,132,Regular Customers
14284.0,1299.65,3,510,2010-02-24 12:06:00,2011-11-09 08:11:00,16.8,1.0,1282.8500000000001,1.2926557150001925,31,3,1282.8500000000001,3,2,3,323,Potential Loyalists
14285.0,3284.42,8,954,2009-12-08 14:13:00,2011-11-18 14:50:00,125.78,1.0,3158.64,3.829595484134185,21,8,3158.64,4,4,4,444,Champions
14286.0,8479.76,7,8795,2009-12-04 08:40:00,2011-11-16 10:34:00,83.06,5.0,8396.7,0.9795088540241704,24,7,8396.7,4,4,4,444,Champions
14287.0,176.63,3,261,2011-05-25 11:41:00,2011-12-01 13:25:00,25.4,1.0,151.23,14.380343090075298,8,3,151.23,4,2,1,421,Potential Loyalists
14288.0,426.6,1,188,2011-05-10 13:22:00,2011-05-10 13:22:00,12.75,1.0,413.85,2.9887482419127984,213,1,413.85,2,1,2,212,Regular Customers
14289.0,911.26,6,292,2011-02-23 12:33:00,2011-12-01 11:44:00,0.0,0.0,911.26,0.0,9,6,911.26,4,3,3,433,Champions
14290.0,4516.56,8,1600,2009-12-08 11:44:00,2011-11-28 14:02:00,307.63,6.0,4208.93,6.81115716385922,11,8,4208.93,4,4,4,444,Champions
14291.0,7904.1,23,6146,2009-12-09 10:46:00,2011-12-08 10:26:00,59.7,2.0,7844.400000000001,0.7553042092078794,2,23,7844.400000000001,4,4,4,444,Champions
14292.0,9226.25,16,3429,2010-03-19 11:10:00,2011-12-02 11:50:00,338.35,11.0,8887.9,3.6672537596531636,8,16,8887.9,4,4,4,444,Champions
14293.0,2903.01,9,1558,2009-12-10 10:57:00,2011-12-06 15:17:00,93.60000000000001,1.0,2809.4100000000003,3.2242396684820243,3,9,2809.4100000000003,4,4,4,444,Champions
14294.0,375.34,1,190,2010-10-28 16:25:00,2010-10-28 16:25:00,0.0,0.0,375.34,0.0,407,1,375.34,1,1,2,112,Lost Customers
14295.0,2362.91,5,1029,2009-12-08 09:49:00,2011-10-30 15:50:00,46.849999999999994,3.0,2316.06,1.9827246911647076,40,5,2316.06,3,3,4,334,Champions
14296.0,456.40000000000003,2,314,2010-05-14 14:34:00,2010-10-14 14:14:00,7.95,1.0,448.45000000000005,1.7418930762489042,421,2,448.45000000000005,1,2,2,122,Lost Customers
14297.0,1305.33,4,865,2011-03-10 08:31:00,2011-11-22 09:06:00,21.270000000000003,2.0,1284.06,1.6294730068258605,18,4,1284.06,4,3,3,433,Champions
14298.0,91194.49,82,100272,2009-12-11 13:49:00,2011-12-01 13:12:00,705.1800000000001,2.0,90489.31000000001,0.7732704026306852,8,82,90489.31000000001,4,4,4,444,Champions
14299.0,14070.25,27,8136,2009-12-02 10:58:00,2011-12-01 16:05:00,1462.72,14.0,12607.53,10.395835184165172,8,27,12607.53,4,4,4,444,Champions
14300.0,43.2,1,32,2011-11-21 08:57:00,2011-11-21 08:57:00,0.0,0.0,43.2,0.0,19,1,43.2,4,1,1,411,Potential Loyalists
14301.0,1992.18,4,1686,2010-02-11 13:07:00,2011-08-14 15:33:00,35.95,3.0,1956.23,1.8045558132297284,117,4,1956.23,2,3,3,233,At Risk
14302.0,742.9000000000001,3,298,2009-12-02 08:16:00,2010-10-05 08:10:00,0.0,0.0,742.9000000000001,0.0,431,3,742.9000000000001,1,2,2,122,Lost Customers
14303.0,277.94,2,218,2010-10-01 10:31:00,2010-10-28 15:37:00,0.0,0.0,277.94,0.0,407,2,277.94,1,2,1,121,Lost Customers
14304.0,1725.01,3,775,2010-05-18 10:50:00,2011-05-01 11:50:00,201.20000000000002,2.0,1523.81,11.663700500286955,223,3,1523.81,2,2,3,223,Regular Customers
14305.0,1858.96,3,1089,2011-07-27 14:14:00,2011-09-29 15:29:00,55.2,2.0,1803.76,2.9694022464173515,71,3,1803.76,3,2,3,323,Potential Loyalists
14306.0,3151.4,6,2065,2010-01-31 13:42:00,2011-10-19 13:23:00,9.9,1.0,3141.5,0.31414609379958114,51,6,3141.5,3,3,4,334,Champions
14307.0,4287.92,10,2816,2009-12-07 13:06:00,2011-09-12 09:38:00,7.95,1.0,4279.97,0.1854045784436277,89,10,4279.97,3,4,4,344,Champions
14309.0,3780.81,11,2583,2010-06-07 10:24:00,2011-12-01 13:33:00,32.85,1.0,3747.96,0.8688614344545218,8,11,3747.96,4,4,4,444,Champions
14310.0,492.1,1,230,2010-10-03 12:34:00,2010-10-03 12:34:00,0.0,0.0,492.1,0.0,433,1,492.1,1,1,2,112,Lost Customers
14311.0,516.45,2,235,2010-05-21 10:28:00,2011-04-11 10:14:00,80.55,1.0,435.90000000000003,15.596863200697065,243,2,435.90000000000003,2,2,2,222,Regular Customers
14312.0,3090.29,11,1904,2010-07-23 15:05:00,2011-10-24 09:46:00,0.0,0.0,3090.29,0.0,47,11,3090.29,3,4,4,344,Champions
14314.0,229.8,2,332,2010-10-05 08:00:00,2011-08-25 10:39:00,7.9,1.0,221.9,3.4377719756309837,107,2,221.9,2,2,1,221,Regular Customers
14315.0,3197.82,8,1344,2010-03-15 12:49:00,2011-10-26 12:06:00,29.1,2.0,3168.7200000000003,0.9099949340488208,45,8,3168.7200000000003,3,4,4,344,Champions
14316.0,1370.34,5,4494,2010-03-19 15:18:00,2010-10-13 16:31:00,15.0,1.0,1355.34,1.0946188537151365,422,5,1355.34,1,3,3,133,At Risk
14317.0,508.58000000000004,1,255,2011-10-06 10:44:00,2011-10-06 10:44:00,0.0,0.0,508.58000000000004,0.0,65,1,508.58000000000004,3,1,2,312,Potential Loyalists
14318.0,158.02,1,152,2010-09-05 15:32:00,2010-09-05 15:32:00,0.0,0.0,158.02,0.0,460,1,158.02,1,1,1,111,Lost Customers
14319.0,494.85,1,329,2010-10-11 13:38:00,2010-10-11 13:38:00,17.9,1.0,476.95000000000005,3.6172577548752147,424,1,476.95000000000005,1,1,2,112,Lost Customers
14320.0,1346.75,5,713,2010-01-21 11:44:00,2011-05-17 09:24:00,142.63,2.0,1204.12,10.590681269723408,207,5,1204.12,2,3,3,233,At Risk
14321.0,2218.06,7,3275,2010-08-23 12:56:00,2011-11-29 09:47:00,19.48,1.0,2198.58,0.8782449527965881,11,7,2198.58,4,4,4,444,Champions
14322.0,474.1,4,158,2010-02-18 08:49:00,2010-10-06 15:17:00,89.8,2.0,384.3,18.941151655768824,429,4,384.3,1,3,2,132,Regular Customers
14323.0,605.0600000000001,2,350,2011-04-15 11:44:00,2011-08-17 11:37:00,30.800000000000004,2.0,574.2600000000001,5.090404257429015,115,2,574.2600000000001,2,2,2,222,Regular Customers
14324.0,701.61,2,402,2010-01-15 13:31:00,2010-10-26 11:44:00,0.0,0.0,701.61,0.0,410,2,701.61,1,2,2,122,Lost Customers
14325.0,245.48000000000002,1,320,2010-05-19 09:20:00,2010-05-19 09:20:00,0.0,0.0,245.48000000000002,0.0,570,1,245.48000000000002,1,1,1,111,Lost Customers
14326.0,940.98,3,572,2010-06-25 12:10:00,2011-04-11 15:04:00,17.0,1.0,923.98,1.8066271334141002,242,3,923.98,2,2,3,223,Regular Customers
14327.0,1894.93,6,1296,2010-01-08 14:04:00,2011-06-29 13:58:00,0.0,0.0,1894.93,0.0,163,6,1894.93,2,3,3,233,At Risk
14329.0,9887.62,15,5913,2009-12-16 15:31:00,2011-11-22 15:50:00,191.7,13.0,9695.92,1.93878810067539,17,15,9695.92,4,4,4,444,Champions
14330.0,200.63,1,103,2010-03-26 09:10:00,2010-03-26 09:10:00,0.0,0.0,200.63,0.0,624,1,200.63,1,1,1,111,Lost Customers
14331.0,462.65999999999997,2,252,2011-07-27 15:14:00,2011-08-07 13:17:00,0.0,0.0,462.65999999999997,0.0,124,2,462.65999999999997,2,2,2,222,Regular Customers
14332.0,1917.41,5,875,2010-10-19 13:01:00,2011-11-17 11:54:00,0.0,0.0,1917.41,0.0,23,5,1917.41,4,3,3,433,Champions
14333.0,415.2,1,58,2011-10-03 10:38:00,2011-10-03 10:38:00,63.75,1.0,351.45,15.354046242774565,68,1,351.45,3,1,2,312,Potential Loyalists
14334.0,4318.48,12,2986,2010-05-20 10:04:00,2011-11-23 10:01:00,25.5,2.0,4292.98,0.5904855412089439,17,12,4292.98,4,4,4,444,Champions
14335.0,454.86,2,375,2011-09-04 13:07:00,2011-11-23 13:41:00,0.0,0.0,454.86,0.0,16,2,454.86,4,2,2,422,Potential Loyalists
14336.0,1614.91,4,1759,2011-03-08 16:48:00,2011-11-23 11:40:00,0.0,0.0,1614.91,0.0,17,4,1614.91,4,3,3,433,Champions
14338.0,928.1,3,622,2010-06-21 10:32:00,2011-07-01 14:08:00,34.0,2.0,894.1,3.6633983406960455,161,3,894.1,2,2,3,223,Regular Customers
14339.0,620.27,2,456,2010-10-07 08:50:00,2011-04-11 11:06:00,19.61,3.0,600.66,3.161526432037661,243,2,600.66,2,2,2,222,Regular Customers
14340.0,134.7,1,58,2011-05-05 09:44:00,2011-05-05 09:44:00,0.0,0.0,134.7,0.0,219,1,134.7,2,1,1,211,Regular Customers
14341.0,4452.02,18,2813,2009-12-01 12:20:00,2011-10-25 15:48:00,23.85,2.0,4428.17,0.5357118791020705,45,18,4428.17,3,4,4,344,Champions
14342.0,918.44,6,521,2010-08-24 13:03:00,2011-11-18 13:21:00,75.70000000000002,3.0,842.74,8.242236836374724,21,6,842.74,4,3,2,432,Loyal Customers
14343.0,1079.66,4,626,2010-01-18 16:47:00,2010-10-14 13:05:00,0.0,0.0,1079.66,0.0,421,4,1079.66,1,3,3,133,At Risk
14344.0,2993.05,20,1546,2010-03-23 15:47:00,2011-08-04 13:51:00,0.0,0.0,2993.05,0.0,127,20,2993.05,2,4,4,244,At Risk
14345.0,108.97999999999999,1,50,2011-11-01 09:51:00,2011-11-01 09:51:00,0.0,0.0,108.97999999999999,0.0,39,1,108.97999999999999,3,1,1,311,Potential Loyalists
14346.0,2315.75,5,1878,2010-07-30 10:44:00,2011-08-11 09:47:00,0.0,0.0,2315.75,0.0,121,5,2315.75,2,3,4,234,At Risk
14347.0,82.6,1,48,2009-12-03 10:49:00,2009-12-03 10:49:00,0.0,0.0,82.6,0.0,737,1,82.6,1,1,1,111,Lost Customers
14348.0,409.57,1,183,2011-03-24 16:23:00,2011-03-24 16:23:00,0.0,0.0,409.57,0.0,260,1,409.57,2,1,2,212,Regular Customers
14349.0,133.5,1,86,2011-11-29 15:39:00,2011-11-29 15:39:00,0.0,0.0,133.5,0.0,10,1,133.5,4,1,1,411,Potential Loyalists
14350.0,972.03,3,543,2010-10-05 15:52:00,2011-03-10 14:14:00,24.229999999999997,1.0,947.8,2.4927214180632284,274,3,947.8,2,2,3,223,Regular Customers
14351.0,51.0,1,12,2011-06-28 11:56:00,2011-06-28 11:56:00,0.0,0.0,51.0,0.0,165,1,51.0,2,1,1,211,Regular Customers
14352.0,1078.96,4,538,2011-03-11 14:58:00,2011-07-05 15:41:00,0.0,0.0,1078.96,0.0,157,4,1078.96,2,3,3,233,At Risk
14353.0,376.5,3,344,2010-10-04 12:38:00,2011-05-08 16:06:00,0.0,0.0,376.5,0.0,215,3,376.5,2,2,2,222,Regular Customers
14354.0,163.62,2,210,2011-11-09 15:36:00,2011-12-04 11:32:00,0.0,0.0,163.62,0.0,6,2,163.62,4,2,1,421,Potential Loyalists
14355.0,840.0500000000001,3,617,2010-03-22 15:08:00,2010-12-09 12:16:00,0.0,0.0,840.0500000000001,0.0,366,3,840.0500000000001,2,2,2,222,Regular Customers
14356.0,701.23,2,277,2011-09-19 14:43:00,2011-09-21 09:18:00,34.29,2.0,666.94,4.889979036835275,80,2,666.94,3,2,2,322,Potential Loyalists
14357.0,225.12,1,147,2011-10-27 16:23:00,2011-10-27 16:23:00,0.0,0.0,225.12,0.0,43,1,225.12,3,1,1,311,Potential Loyalists
14358.0,400.06,2,338,2010-10-07 17:26:00,2010-11-15 15:51:00,15.76,1.0,384.3,3.939409088636704,389,2,384.3,1,2,2,122,Lost Customers
14359.0,912.18,3,371,2011-09-13 09:03:00,2011-11-20 13:17:00,29.6,3.0,882.5799999999999,3.244973579775922,19,3,882.5799999999999,4,2,3,423,Potential Loyalists
14360.0,2118.03,4,1139,2011-09-06 11:58:00,2011-11-08 09:12:00,0.0,0.0,2118.03,0.0,32,4,2118.03,3,3,3,333,Champions
14361.0,214.70999999999998,1,251,2010-05-10 12:29:00,2010-05-10 12:29:00,0.0,0.0,214.70999999999998,0.0,579,1,214.70999999999998,1,1,1,111,Lost Customers
14362.0,151.5,1,96,2011-11-17 15:08:00,2011-11-17 15:08:00,0.0,0.0,151.5,0.0,22,1,151.5,4,1,1,411,Potential Loyalists
14363.0,227.47000000000003,2,105,2010-09-14 14:39:00,2010-11-02 17:01:00,0.0,0.0,227.47000000000003,0.0,402,2,227.47000000000003,1,2,1,121,Lost Customers
14364.0,3717.35,8,1967,2011-05-12 12:56:00,2011-08-23 11:01:00,0.0,0.0,3717.35,0.0,109,8,3717.35,2,4,4,244,At Risk
14365.0,634.68,2,557,2010-01-27 09:44:00,2010-11-10 09:52:00,0.0,0.0,634.68,0.0,395,2,634.68,1,2,2,122,Lost Customers
14366.0,136.0,1,16,2010-07-02 17:23:00,2010-07-02 17:23:00,0.0,0.0,136.0,0.0,525,1,136.0,1,1,1,111,Lost Customers
14367.0,9227.82,16,4426,2011-03-08 14:12:00,2011-12-01 13:19:00,93.7,3.0,9134.119999999999,1.015407756111411,8,16,9134.119999999999,4,4,4,444,Champions
14368.0,155.0,1,36,2011-01-24 09:52:00,2011-01-24 09:52:00,0.0,0.0,155.0,0.0,320,1,155.0,2,1,1,211,Regular Customers
14369.0,469.13,2,255,2010-02-16 10:28:00,2010-03-07 15:47:00,0.0,0.0,469.13,0.0,642,2,469.13,1,2,2,122,Lost Customers
14370.0,1175.78,6,266,2010-02-01 08:35:00,2010-09-15 10:53:00,83.65,3.0,1092.1299999999999,7.11442616816071,451,6,1092.1299999999999,1,3,3,133,At Risk
14371.0,100.5,1,34,2011-02-17 16:35:00,2011-02-17 16:35:00,0.0,0.0,100.5,0.0,295,1,100.5,2,1,1,211,Regular Customers
14372.0,860.08,2,378,2010-04-19 15:57:00,2010-09-22 16:17:00,29.9,1.0,830.1800000000001,3.476420798065296,443,2,830.1800000000001,1,2,2,122,Lost Customers
14373.0,76.55,1,17,2010-12-16 15:40:00,2010-12-16 15:40:00,0.0,0.0,76.55,0.0,358,1,76.55,2,1,1,211,Regular Customers
14374.0,108.0,1,20,2010-06-16 14:25:00,2010-06-16 14:25:00,0.0,0.0,108.0,0.0,541,1,108.0,1,1,1,111,Lost Customers
14375.0,1106.82,3,647,2010-06-16 14:34:00,2011-06-07 13:44:00,0.0,0.0,1106.82,0.0,185,3,1106.82,2,2,3,223,Regular Customers
14376.0,215.46,1,50,2010-01-25 15:36:00,2010-01-25 15:36:00,0.0,0.0,215.46,0.0,683,1,215.46,1,1,1,111,Lost Customers
14377.0,617.05,2,219,2011-03-22 13:38:00,2011-06-01 13:32:00,0.0,0.0,617.05,0.0,191,2,617.05,2,2,2,222,Regular Customers
14378.0,131.25,1,57,2010-03-28 12:22:00,2010-03-28 12:22:00,0.0,0.0,131.25,0.0,622,1,131.25,1,1,1,111,Lost Customers
14379.0,1265.16,4,712,2010-08-16 15:31:00,2011-10-26 16:43:00,0.0,0.0,1265.16,0.0,44,4,1265.16,3,3,3,333,Champions
14381.0,625.9399999999999,2,449,2010-09-14 16:15:00,2011-10-18 17:10:00,0.0,0.0,625.9399999999999,0.0,52,2,625.9399999999999,3,2,2,322,Potential Loyalists
14382.0,1193.6299999999999,2,1667,2010-11-14 16:32:00,2011-11-13 16:18:00,5.95,1.0,1187.6799999999998,0.4984794282985515,26,2,1187.6799999999998,3,2,3,323,Potential Loyalists
14383.0,1247.69,3,817,2011-06-29 10:18:00,2011-11-01 15:53:00,0.0,0.0,1247.69,0.0,38,3,1247.69,3,2,3,323,Potential Loyalists
14384.0,58.5,1,30,2010-07-27 09:53:00,2010-07-27 09:53:00,0.0,0.0,58.5,0.0,501,1,58.5,1,1,1,111,Lost Customers
14385.0,202.11,3,159,2011-11-16 11:55:00,2011-11-30 15:36:00,0.0,0.0,202.11,0.0,9,3,202.11,4,2,1,421,Potential Loyalists
14386.0,142.4,1,54,2011-02-16 09:45:00,2011-02-16 09:45:00,0.0,0.0,142.4,0.0,297,1,142.4,2,1,1,211,Regular Customers
14387.0,1727.6,3,795,2011-08-22 14:13:00,2011-11-07 12:29:00,0.0,0.0,1727.6,0.0,33,3,1727.6,3,2,3,323,Potential Loyalists
14388.0,6388.2,16,4190,2010-01-20 11:54:00,2011-11-29 13:32:00,98.25,4.0,6289.95,1.5379919226073073,10,16,6289.95,4,4,4,444,Champions
14389.0,1898.01,5,1388,2010-04-28 14:57:00,2011-10-05 15:17:00,76.94,6.0,1821.07,4.053719421920854,65,5,1821.07,3,3,3,333,Champions
14390.0,6150.03,13,2830,2010-10-10 14:30:00,2011-11-29 13:49:00,70.55000000000001,5.0,6079.48,1.1471488756965416,10,13,6079.48,4,4,4,444,Champions
14391.0,135.6,1,168,2010-05-12 09:42:00,2010-05-12 09:42:00,0.0,0.0,135.6,0.0,577,1,135.6,1,1,1,111,Lost Customers
14392.0,266.4,1,114,2010-10-03 12:56:00,2010-10-03 12:56:00,0.0,0.0,266.4,0.0,432,1,266.4,1,1,1,111,Lost Customers
14393.0,67.95,1,13,2011-05-05 18:16:00,2011-05-05 18:16:00,0.0,0.0,67.95,0.0,218,1,67.95,2,1,1,211,Regular Customers
14394.0,93.8,1,58,2010-05-24 10:43:00,2010-05-24 10:43:00,0.0,0.0,93.8,0.0,565,1,93.8,1,1,1,111,Lost Customers
14395.0,7801.93,20,3872,2010-04-18 13:12:00,2011-12-07 14:34:00,47.2,4.0,7754.7300000000005,0.6049785117272265,2,20,7754.7300000000005,4,4,4,444,Champions
14396.0,1969.38,7,959,2009-12-02 14:21:00,2011-10-05 16:09:00,0.0,0.0,1969.38,0.0,65,7,1969.38,3,4,3,343,Champions
14397.0,2612.96,19,1890,2011-05-10 12:25:00,2011-12-07 09:22:00,56.28,4.0,2556.68,2.15387912558937,3,19,2556.68,4,4,4,444,Champions
14398.0,707.79,2,267,2010-06-30 11:57:00,2010-11-03 13:46:00,0.0,0.0,707.79,0.0,401,2,707.79,1,2,2,122,Lost Customers
14399.0,2108.21,8,965,2010-02-03 13:09:00,2010-11-10 13:23:00,14.999999999999998,1.0,2093.21,0.711504072174973,394,8,2093.21,1,4,3,143,At Risk
14400.0,1732.47,3,1706,2010-03-18 12:11:00,2011-07-13 15:50:00,29.47,2.0,1703.0,1.701039556240512,149,3,1703.0,2,2,3,223,Regular Customers
14401.0,6795.9,22,6401,2009-12-14 13:22:00,2011-12-05 13:30:00,92.50000000000001,3.0,6703.4,1.3611147897997324,4,22,6703.4,4,4,4,444,Champions
14402.0,285.6,1,240,2010-02-25 13:20:00,2010-02-25 13:20:00,0.0,0.0,285.6,0.0,652,1,285.6,1,1,1,111,Lost Customers
14403.0,1880.51,6,737,2010-03-10 14:00:00,2011-08-01 12:57:00,57.75,3.0,1822.76,3.0709754268788787,130,6,1822.76,2,3,3,233,At Risk
14404.0,2724.13,13,1577,2009-12-20 14:40:00,2011-11-06 12:30:00,99.0,2.0,2625.13,3.63418779573662,34,13,2625.13,3,4,4,344,Champions
14405.0,195.0,1,100,2010-11-18 11:40:00,2010-11-18 11:40:00,0.0,0.0,195.0,0.0,387,1,195.0,1,1,1,111,Lost Customers
14406.0,156.75,1,77,2011-08-12 16:54:00,2011-08-12 16:54:00,0.0,0.0,156.75,0.0,119,1,156.75,2,1,1,211,Regular Customers
14407.0,2157.73,6,1415,2011-03-08 11:59:00,2011-08-24 14:02:00,46.65,3.0,2111.08,2.161994318102821,107,6,2111.08,2,3,3,233,At Risk
14408.0,4102.27,11,2438,2009-12-07 12:18:00,2011-11-29 11:41:00,0.0,0.0,4102.27,0.0,11,11,4102.27,4,4,4,444,Champions
14409.0,3427.29,9,2233,2010-05-21 16:45:00,2011-09-29 18:18:00,151.20000000000002,1.0,3276.09,4.411648853759093,71,9,3276.09,3,4,4,344,Champions
14410.0,2631.9,11,1369,2010-09-28 15:46:00,2011-09-08 15:08:00,526.82,6.0,2105.08,20.01671796040883,92,11,2105.08,3,4,3,343,Champions
14411.0,1063.0,1,196,2011-02-02 10:56:00,2011-02-02 10:56:00,0.0,0.0,1063.0,0.0,311,1,1063.0,2,1,3,213,Regular Customers
14412.0,1426.19,3,1428,2010-10-11 12:33:00,2011-10-28 10:45:00,8.7,1.0,1417.49,0.610016898169248,43,3,1417.49,3,2,3,323,Potential Loyalists
14413.0,764.52,4,277,2010-01-19 14:27:00,2010-12-12 13:37:00,0.0,0.0,764.52,0.0,362,4,764.52,2,3,2,232,Regular Customers
14414.0,2399.33,8,2877,2010-11-30 10:12:00,2011-09-09 12:09:00,11.850000000000001,1.0,2387.48,0.49388787703233833,92,8,2387.48,3,4,4,344,Champions
14415.0,11980.09,23,6263,2009-12-16 14:08:00,2011-12-08 14:38:00,176.47,9.0,11803.62,1.4730273311803166,1,23,11803.62,4,4,4,444,Champions
14416.0,490.22,2,326,2011-10-28 15:10:00,2011-11-17 15:22:00,0.0,0.0,490.22,0.0,22,2,490.22,4,2,2,422,Potential Loyalists
14417.0,524.65,1,543,2010-11-17 10:55:00,2010-11-17 10:55:00,0.0,0.0,524.65,0.0,388,1,524.65,1,1,2,112,Lost Customers
14418.0,1937.25,3,1711,2011-08-23 17:18:00,2011-12-06 11:39:00,0.0,0.0,1937.25,0.0,4,3,1937.25,4,2,3,423,Potential Loyalists
14419.0,1254.64,7,552,2010-11-22 11:09:00,2011-11-29 11:22:00,0.0,0.0,1254.64,0.0,11,7,1254.64,4,4,3,443,Champions
14420.0,1639.17,4,1120,2010-01-17 12:41:00,2011-09-01 18:07:00,11.450000000000001,3.0,1627.72,0.6985242531281075,99,4,1627.72,2,3,3,233,At Risk
14421.0,2469.37,6,1342,2010-01-17 11:30:00,2011-10-13 13:24:00,12.75,1.0,2456.62,0.5163260264763887,57,6,2456.62,3,3,4,334,Champions
14422.0,10271.52,19,6067,2009-12-17 12:12:00,2011-12-09 11:26:00,70.6,2.0,10200.92,0.6873374145209277,1,19,10200.92,4,4,4,444,Champions
14423.0,916.6099999999999,3,419,2010-01-14 11:49:00,2011-05-05 15:12:00,1.65,1.0,914.9599999999999,0.18001112796063756,218,3,914.9599999999999,2,2,3,223,Regular Customers
14424.0,322.08,1,48,2011-11-22 11:48:00,2011-11-22 11:48:00,0.0,0.0,322.08,0.0,18,1,322.08,4,1,1,411,Potential Loyalists
14425.0,661.39,3,325,2009-12-02 11:31:00,2010-10-01 10:24:00,25.5,2.0,635.89,3.8555164124041794,435,3,635.89,1,2,2,122,Lost Customers
14426.0,11727.94,17,7023,2010-03-04 14:36:00,2011-11-16 12:25:00,623.97,10.0,11103.970000000001,5.320371693579606,24,17,11103.970000000001,4,4,4,444,Champions
14427.0,1263.52,4,538,2010-03-18 09:49:00,2011-10-20 14:23:00,0.0,0.0,1263.52,0.0,50,4,1263.52,3,3,3,333,Champions
14428.0,1224.06,5,428,2011-01-18 16:39:00,2011-12-02 13:17:00,14.690000000000001,2.0,1209.37,1.2001045700374167,7,5,1209.37,4,3,3,433,Champions
14429.0,516.28,1,286,2010-11-01 10:08:00,2010-11-01 10:08:00,0.0,0.0,516.28,0.0,404,1,516.28,1,1,2,112,Lost Customers
14430.0,1220.9,3,446,2010-04-11 15:59:00,2010-07-16 11:35:00,264.5,2.0,956.4000000000001,21.664345974281265,512,3,956.4000000000001,1,2,3,123,Lost Customers
14431.0,2614.2,4,1202,2010-01-21 10:49:00,2011-02-10 10:40:00,47.1,1.0,2567.1,1.8016984163415195,303,4,2567.1,2,3,4,234,At Risk
14432.0,2248.5,6,2013,2011-09-11 14:09:00,2011-11-30 08:04:00,0.0,0.0,2248.5,0.0,10,6,2248.5,4,3,4,434,Champions
14433.0,280.7,1,131,2010-08-31 12:35:00,2010-08-31 12:35:00,0.0,0.0,280.7,0.0,466,1,280.7,1,1,1,111,Lost Customers
14434.0,1372.8,6,368,2011-09-28 15:31:00,2011-11-18 08:56:00,0.0,0.0,1372.8,0.0,22,6,1372.8,4,3,3,433,Champions
14435.0,90.42,1,282,2010-07-26 12:33:00,2010-07-26 12:33:00,0.0,0.0,90.42,0.0,502,1,90.42,1,1,1,111,Lost Customers
14436.0,271.70000000000005,2,297,2010-06-04 11:32:00,2011-09-02 10:13:00,0.0,0.0,271.70000000000005,0.0,99,2,271.70000000000005,2,2,1,221,Regular Customers
14437.0,873.34,5,420,2010-05-05 12:20:00,2010-12-09 09:27:00,128.9,2.0,744.44,14.759429317333456,366,5,744.44,2,3,2,232,Regular Customers
14438.0,131.9,1,82,2011-02-06 14:56:00,2011-02-06 14:56:00,0.0,0.0,131.9,0.0,306,1,131.9,2,1,1,211,Regular Customers
14439.0,9443.04,5,2244,2010-01-21 14:01:00,2011-01-24 11:39:00,0.0,0.0,9443.04,0.0,320,5,9443.04,2,3,4,234,At Risk
14440.0,5982.03,13,1605,2009-12-02 12:13:00,2011-12-01 15:42:00,111.89999999999999,2.0,5870.13,1.8706024543507807,8,13,5870.13,4,4,4,444,Champions
14441.0,4611.6900000000005,11,1260,2010-01-18 10:40:00,2011-12-09 09:07:00,241.6,8.0,4370.09,5.238860374396371,1,11,4370.09,4,4,4,444,Champions
14442.0,5367.0199999999995,7,1431,2010-01-18 12:59:00,2011-05-19 11:36:00,95.0,5.0,5272.0199999999995,1.7700697966469292,205,7,5272.0199999999995,2,4,4,244,At Risk
14443.0,2082.97,5,1357,2010-11-25 14:18:00,2011-10-17 10:10:00,19.32,3.0,2063.6499999999996,0.9275217597949084,54,5,2063.6499999999996,3,3,3,333,Champions
14444.0,120.44,1,172,2010-09-09 18:56:00,2010-09-09 18:56:00,0.0,0.0,120.44,0.0,456,1,120.44,1,1,1,111,Lost Customers
14445.0,221.65,1,83,2010-09-10 11:09:00,2010-09-10 11:09:00,0.0,0.0,221.65,0.0,456,1,221.65,1,1,1,111,Lost Customers
14446.0,1200.28,5,1091,2010-11-18 12:08:00,2011-12-09 11:34:00,0.0,0.0,1200.28,0.0,1,5,1200.28,4,3,3,433,Champions
14447.0,1711.73,6,913,2010-11-04 13:32:00,2011-11-21 08:28:00,0.0,0.0,1711.73,0.0,19,6,1711.73,4,3,3,433,Champions
14448.0,375.35,2,104,2010-12-10 17:26:00,2011-11-30 13:50:00,0.0,0.0,375.35,0.0,9,2,375.35,4,2,2,422,Potential Loyalists
14449.0,2230.96,8,1604,2010-09-29 13:15:00,2011-11-21 12:06:00,0.0,0.0,2230.96,0.0,19,8,2230.96,4,4,4,444,Champions
14450.0,1128.44,7,522,2010-04-08 12:09:00,2011-06-12 10:46:00,0.0,0.0,1128.44,0.0,181,7,1128.44,2,4,3,243,At Risk
14451.0,3258.68,12,1737,2010-01-17 10:35:00,2011-10-10 13:38:00,43.18,6.0,3215.5,1.325076411307646,60,12,3215.5,3,4,4,344,Champions
14452.0,658.95,4,285,2010-07-06 13:13:00,2011-11-29 12:06:00,0.0,0.0,658.95,0.0,11,4,658.95,4,3,2,432,Loyal Customers
14453.0,119.93,1,49,2011-06-02 14:15:00,2011-06-02 14:15:00,0.0,0.0,119.93,0.0,190,1,119.93,2,1,1,211,Regular Customers
14454.0,977.3,5,400,2009-12-06 12:56:00,2010-11-28 13:26:00,6.6,1.0,970.6999999999999,0.6753299907909547,376,5,970.6999999999999,2,3,3,233,At Risk
14455.0,617.72,4,706,2010-08-01 13:26:00,2010-10-03 15:48:00,33.349999999999994,1.0,584.37,5.398886226769409,432,4,584.37,1,3,2,132,Regular Customers
14456.0,3017.28,9,2885,2011-07-20 13:06:00,2011-12-04 13:59:00,14.77,5.0,3002.51,0.48951373422420186,5,9,3002.51,4,4,4,444,Champions
14457.0,113.64,1,88,2011-02-02 09:39:00,2011-02-02 09:39:00,0.0,0.0,113.64,0.0,311,1,113.64,2,1,1,211,Regular Customers
14458.0,228.07,1,317,2010-11-24 12:43:00,2010-11-24 12:43:00,0.0,0.0,228.07,0.0,381,1,228.07,1,1,1,111,Lost Customers
14459.0,5375.741,2,2303,2010-02-26 13:26:00,2011-07-07 13:35:00,36.6,1.0,5339.141,0.6808363721392083,155,2,5339.141,2,2,4,224,Regular Customers
14460.0,1093.5,9,1879,2009-12-15 19:06:00,2011-08-21 14:19:00,173.9,3.0,919.6,15.903063557384545,110,9,919.6,2,4,3,243,At Risk
14461.0,6676.91,13,3005,2010-01-18 12:48:00,2011-07-14 17:11:00,15.9,1.0,6661.01,0.2381341069446795,148,13,6661.01,2,4,4,244,At Risk
14462.0,2242.81,12,1063,2010-10-03 14:13:00,2011-10-04 15:55:00,38.120000000000005,4.0,2204.69,1.6996535595971127,66,12,2204.69,3,4,4,344,Champions
14463.0,786.5699999999999,4,210,2010-07-28 11:35:00,2011-09-02 15:20:00,0.0,0.0,786.5699999999999,0.0,98,4,786.5699999999999,2,3,2,232,Regular Customers
14464.0,111.0,2,62,2010-03-22 15:20:00,2010-05-20 18:00:00,0.0,0.0,111.0,0.0,568,2,111.0,1,2,1,121,Lost Customers
14465.0,3925.85,11,2539,2010-01-07 15:03:00,2011-04-07 12:38:00,0.0,0.0,3925.85,0.0,247,11,3925.85,2,4,4,244,At Risk
14466.0,4267.15,13,2507,2009-12-13 15:44:00,2011-11-10 14:07:00,0.0,0.0,4267.15,0.0,29,13,4267.15,3,4,4,344,Champions
14467.0,2203.2400000000002,12,1187,2009-12-02 12:44:00,2011-11-22 12:48:00,0.0,0.0,2203.2400000000002,0.0,18,12,2203.2400000000002,4,4,4,444,Champions
14468.0,204.24,1,164,2009-12-06 12:21:00,2009-12-06 12:21:00,0.0,0.0,204.24,0.0,734,1,204.24,1,1,1,111,Lost Customers
14469.0,2093.46,4,973,2010-01-29 11:12:00,2010-10-19 14:30:00,0.0,0.0,2093.46,0.0,416,4,2093.46,1,3,3,133,At Risk
14470.0,712.04,3,282,2010-10-05 12:39:00,2011-11-28 10:31:00,0.0,0.0,712.04,0.0,12,3,712.04,4,2,2,422,Potential Loyalists
14471.0,400.95,2,187,2009-12-07 12:26:00,2010-04-27 17:12:00,0.0,0.0,400.95,0.0,591,2,400.95,1,2,2,122,Lost Customers
14472.0,2118.72,9,1271,2010-01-19 13:09:00,2011-08-28 11:01:00,0.0,0.0,2118.72,0.0,104,9,2118.72,2,4,3,243,At Risk
14473.0,234.34000000000003,2,88,2011-03-02 13:56:00,2011-09-26 15:10:00,0.0,0.0,234.34000000000003,0.0,74,2,234.34000000000003,3,2,1,321,Potential Loyalists
14474.0,1258.8899999999999,2,448,2010-05-09 12:12:00,2011-10-24 13:26:00,9.95,1.0,1248.9399999999998,0.7903788257909746,46,2,1248.9399999999998,3,2,3,323,Potential Loyalists
14475.0,1151.15,4,541,2010-10-27 09:20:00,2011-09-29 10:46:00,126.03,3.0,1025.1200000000001,10.948182252530078,72,4,1025.1200000000001,3,3,3,333,Champions
14476.0,193.0,1,110,2011-03-27 15:39:00,2011-03-27 15:39:00,0.0,0.0,193.0,0.0,257,1,193.0,2,1,1,211,Regular Customers
14477.0,1969.6,7,1120,2010-01-04 15:41:00,2011-11-20 11:11:00,8.99,3.0,1960.61,0.4564378554021121,20,7,1960.61,4,4,3,443,Champions
14478.0,1276.66,4,1226,2009-12-01 13:20:00,2010-11-22 15:29:00,0.0,0.0,1276.66,0.0,382,4,1276.66,1,3,3,133,At Risk
14479.0,1124.71,4,562,2009-12-06 13:48:00,2011-03-31 09:07:00,0.0,0.0,1124.71,0.0,254,4,1124.71,2,3,3,233,At Risk
14480.0,1299.52,4,670,2009-12-21 16:32:00,2011-11-28 16:35:00,4.25,1.0,1295.27,0.3270438315685792,11,4,1295.27,4,3,3,433,Champions
14481.0,2284.69,5,1568,2010-01-31 12:43:00,2011-06-28 10:38:00,376.17,1.0,1908.52,16.464815795578396,165,5,1908.52,2,3,3,233,At Risk
14482.0,4306.72,12,2869,2010-08-26 14:13:00,2011-11-21 13:14:00,165.66,2.0,4141.06,3.8465467919901917,18,12,4141.06,4,4,4,444,Champions
14483.0,257.1,2,193,2009-12-03 10:16:00,2011-03-03 10:26:00,7.9,1.0,249.20000000000002,3.0727343446129907,282,2,249.20000000000002,2,2,1,221,Regular Customers
14484.0,1070.98,4,744,2009-12-17 10:57:00,2011-10-20 14:11:00,0.0,0.0,1070.98,0.0,50,4,1070.98,3,3,3,333,Champions
14485.0,162.8,1,70,2011-11-01 12:25:00,2011-11-01 12:25:00,0.0,0.0,162.8,0.0,39,1,162.8,3,1,1,311,Potential Loyalists
14486.0,175.5,2,90,2010-06-04 10:30:00,2010-07-16 09:42:00,0.0,0.0,175.5,0.0,512,2,175.5,1,2,1,121,Lost Customers
14487.0,1266.27,7,761,2010-11-25 13:36:00,2011-11-13 12:17:00,12.75,1.0,1253.52,1.0068942642564382,27,7,1253.52,3,4,3,343,Champions
14488.0,1064.28,1,799,2011-10-03 09:30:00,2011-10-03 09:30:00,16.85,1.0,1047.43,1.5832299770737028,68,1,1047.43,3,1,3,313,Potential Loyalists
14489.0,1574.93,4,1011,2010-04-06 09:52:00,2011-05-16 14:51:00,0.0,0.0,1574.93,0.0,207,4,1574.93,2,3,3,233,At Risk
14490.0,1273.47,2,933,2010-10-07 11:36:00,2010-10-29 15:04:00,0.0,0.0,1273.47,0.0,406,2,1273.47,1,2,3,123,Lost Customers
14491.0,340.93,2,139,2010-12-02 12:10:00,2011-06-17 15:22:00,0.0,0.0,340.93,0.0,175,2,340.93,2,2,2,222,Regular Customers
14492.0,1921.91,7,751,2010-03-30 14:23:00,2010-10-05 13:21:00,347.55,3.0,1574.3600000000001,18.083573112164462,430,7,1574.3600000000001,1,4,3,143,At Risk
14493.0,5087.86,10,3148,2010-03-08 08:33:00,2011-12-02 16:14:00,94.10000000000001,4.0,4993.759999999999,1.849500575880626,7,10,4993.759999999999,4,4,4,444,Champions
14494.0,401.46,3,210,2009-12-08 13:25:00,2011-11-14 09:21:00,0.0,0.0,401.46,0.0,26,3,401.46,3,2,2,322,Potential Loyalists
14495.0,174.8,3,68,2010-02-18 08:49:00,2011-10-20 12:28:00,8.5,1.0,166.3,4.862700228832952,51,3,166.3,3,2,1,321,Potential Loyalists
14496.0,2363.89,7,905,2010-03-16 13:15:00,2011-02-01 09:01:00,22.349999999999998,3.0,2341.54,0.9454754662865023,312,7,2341.54,2,4,4,244,At Risk
14497.0,697.0600000000001,2,332,2010-02-04 09:59:00,2011-02-03 17:01:00,17.9,1.0,679.1600000000001,2.567928155395518,309,2,679.1600000000001,2,2,2,222,Regular Customers
14498.0,3900.83,10,2120,2010-06-07 16:05:00,2011-10-28 12:09:00,0.0,0.0,3900.83,0.0,43,10,3900.83,3,4,4,344,Champions
14499.0,2101.79,7,1231,2010-08-27 11:57:00,2011-11-13 13:01:00,18.35,3.0,2083.44,0.8730653395439127,26,7,2083.44,3,4,3,343,Champions
14500.0,356.85,3,117,2011-06-03 10:08:00,2011-09-12 16:45:00,0.0,0.0,356.85,0.0,88,3,356.85,3,2,2,322,Potential Loyalists
14501.0,251.21,2,161,2011-01-24 10:43:00,2011-06-09 12:02:00,60.89999999999999,1.0,190.31,24.24266549898491,184,2,190.31,2,2,1,221,Regular Customers
14502.0,2429.83,11,1480,2011-01-30 15:52:00,2011-11-20 11:50:00,119.65,3.0,2310.18,4.9242128050110505,20,11,2310.18,4,4,4,444,Champions
14503.0,3543.26,6,2004,2011-06-14 10:00:00,2011-12-06 13:30:00,0.0,0.0,3543.26,0.0,3,6,3543.26,4,3,4,434,Champions
14504.0,673.26,4,308,2011-03-06 14:38:00,2011-10-23 16:00:00,0.0,0.0,673.26,0.0,47,4,673.26,3,3,2,332,Loyal Customers
14505.0,11879.08,19,5325,2009-12-09 14:48:00,2011-11-22 15:45:00,283.04,8.0,11596.039999999999,2.382676099495921,17,19,11596.039999999999,4,4,4,444,Champions
14506.0,2960.25,7,936,2010-04-19 08:27:00,2011-11-22 13:02:00,0.0,0.0,2960.25,0.0,17,7,2960.25,4,4,4,444,Champions
14507.0,3216.7400000000002,11,1491,2009-12-10 17:04:00,2011-11-16 12:21:00,111.94,3.0,3104.8,3.479920665021108,24,11,3104.8,4,4,4,444,Champions
14508.0,822.92,5,347,2010-06-17 13:02:00,2011-11-17 19:48:00,18.849999999999998,1.0,804.0699999999999,2.29062363291693,22,5,804.0699999999999,4,3,2,432,Loyal Customers
14509.0,110.95,1,38,2010-06-23 13:21:00,2010-06-23 13:21:00,0.0,0.0,110.95,0.0,534,1,110.95,1,1,1,111,Lost Customers
14510.0,979.85,3,793,2010-09-29 13:35:00,2010-11-29 12:46:00,15.299999999999999,1.0,964.5500000000001,1.561463489309588,376,3,964.5500000000001,2,2,3,223,Regular Customers
14511.0,1314.81,5,784,2011-07-29 12:13:00,2011-11-28 17:05:00,47.400000000000006,1.0,1267.4099999999999,3.605083624249892,11,5,1267.4099999999999,4,3,3,433,Champions
14512.0,1215.97,7,736,2009-12-07 13:49:00,2011-06-05 12:39:00,0.0,0.0,1215.97,0.0,188,7,1215.97,2,4,3,243,At Risk
14513.0,788.01,6,593,2010-05-20 17:57:00,2011-08-31 11:25:00,17.1,1.0,770.91,2.170023223055545,101,6,770.91,2,3,2,232,Regular Customers
14514.0,4380.04,9,2362,2009-12-13 13:21:00,2011-10-09 16:05:00,4.25,1.0,4375.79,0.09703107734175943,61,9,4375.79,3,4,4,344,Champions
14515.0,3724.06,12,1893,2010-06-07 12:37:00,2011-11-22 11:37:00,30.36,3.0,3693.7,0.8152392818590463,18,12,3693.7,4,4,4,444,Champions
14516.0,151.17,1,63,2010-07-11 14:07:00,2010-07-11 14:07:00,0.0,0.0,151.17,0.0,516,1,151.17,1,1,1,111,Lost Customers
14517.0,330.45,2,91,2011-07-21 11:42:00,2011-11-06 14:20:00,0.0,0.0,330.45,0.0,33,2,330.45,3,2,1,321,Potential Loyalists
14518.0,174.37,1,278,2011-10-06 14:43:00,2011-10-06 14:43:00,0.0,0.0,174.37,0.0,64,1,174.37,3,1,1,311,Potential Loyalists
14519.0,203.14,2,81,2009-12-11 10:40:00,2010-01-25 11:18:00,0.0,0.0,203.14,0.0,684,2,203.14,1,2,1,121,Lost Customers
14520.0,270.6,2,146,2011-02-22 09:15:00,2011-12-08 09:46:00,0.0,0.0,270.6,0.0,2,2,270.6,4,2,1,421,Potential Loyalists
14521.0,199.45000000000002,1,211,2010-08-05 16:35:00,2010-08-05 16:35:00,31.800000000000004,1.0,167.65,15.943845575332164,491,1,167.65,1,1,1,111,Lost Customers
14522.0,1748.42,8,956,2010-01-24 13:55:00,2011-11-15 13:24:00,0.0,0.0,1748.42,0.0,24,8,1748.42,4,4,3,443,Champions
14523.0,241.09,1,251,2011-08-23 13:13:00,2011-08-23 13:13:00,0.0,0.0,241.09,0.0,108,1,241.09,2,1,1,211,Regular Customers
14524.0,2909.86,13,1169,2010-10-19 11:44:00,2011-11-08 12:29:00,0.0,0.0,2909.86,0.0,32,13,2909.86,3,4,4,344,Champions
14525.0,8026.54,17,5106,2009-12-13 14:01:00,2011-11-20 11:37:00,110.83,4.0,7915.71,1.3807942151911035,20,17,7915.71,4,4,4,444,Champions
14526.0,258.65,1,178,2010-11-15 13:32:00,2010-11-15 13:32:00,0.0,0.0,258.65,0.0,389,1,258.65,1,1,1,111,Lost Customers
14527.0,27246.88,122,6647,2009-12-02 12:06:00,2011-12-07 12:19:00,1960.97,68.0,25285.91,7.197044212034552,3,122,25285.91,4,4,4,444,Champions
14528.0,364.21999999999997,1,278,2011-11-02 17:09:00,2011-11-02 17:09:00,0.0,0.0,364.21999999999997,0.0,37,1,364.21999999999997,3,1,2,312,Potential Loyalists
14529.0,578.61,3,325,2011-08-21 14:10:00,2011-10-10 15:27:00,0.0,0.0,578.61,0.0,60,3,578.61,3,2,2,322,Potential Loyalists
14530.0,6088.87,16,2989,2010-01-21 11:25:00,2011-11-14 10:38:00,120.25,3.0,5968.62,1.9749148856848646,26,16,5968.62,3,4,4,344,Champions
14531.0,376.34,1,260,2010-08-17 10:16:00,2010-08-17 10:16:00,0.0,0.0,376.34,0.0,480,1,376.34,1,1,2,112,Lost Customers
14532.0,3845.78,11,1111,2010-01-10 11:47:00,2011-04-17 13:05:00,12.75,1.0,3833.03,0.3315322249322634,236,11,3833.03,2,4,4,244,At Risk
14533.0,3466.37,11,6038,2010-04-08 12:13:00,2011-11-15 12:05:00,281.25,4.0,3185.12,8.11367511258175,25,11,3185.12,4,4,4,444,Champions
14534.0,6187.66,26,2822,2010-03-15 14:16:00,2011-12-07 12:19:00,484.69,12.0,5702.97,7.833171182644167,3,26,5702.97,4,4,4,444,Champions
14535.0,5973.2300000000005,9,3214,2010-02-24 15:03:00,2011-10-10 15:39:00,158.1,2.0,5815.13,2.646809180292739,60,9,5815.13,3,4,4,344,Champions
14536.0,170.95,1,39,2011-03-25 12:21:00,2011-03-25 12:21:00,0.0,0.0,170.95,0.0,260,1,170.95,2,1,1,211,Regular Customers
14537.0,641.4,2,228,2010-03-26 13:44:00,2011-10-13 10:54:00,5.95,1.0,635.4499999999999,0.9276582475834114,58,2,635.4499999999999,3,2,2,322,Potential Loyalists
14538.0,1370.8400000000001,5,284,2010-01-25 15:42:00,2011-10-06 10:31:00,0.0,0.0,1370.8400000000001,0.0,65,5,1370.8400000000001,3,3,3,333,Champions
14539.0,537.48,2,428,2011-10-26 12:03:00,2011-11-24 09:50:00,0.0,0.0,537.48,0.0,16,2,537.48,4,2,2,422,Potential Loyalists
14540.0,3709.64,11,1595,2009-12-07 13:00:00,2011-11-30 10:15:00,9.9,1.0,3699.74,0.266872257146246,10,11,3699.74,4,4,4,444,Champions
14541.0,2491.38,14,1123,2010-01-07 11:59:00,2011-10-12 10:08:00,0.0,0.0,2491.38,0.0,59,14,2491.38,3,4,4,344,Champions
14542.0,103.25,1,19,2011-06-07 08:19:00,2011-06-07 08:19:00,0.0,0.0,103.25,0.0,186,1,103.25,2,1,1,211,Regular Customers
14543.0,14587.87,39,2639,2009-12-01 13:47:00,2011-11-11 12:45:00,2682.16,11.0,11905.710000000001,18.38623459079358,29,39,11905.710000000001,3,4,4,344,Champions
14544.0,2938.53,3,2412,2010-08-26 16:00:00,2011-11-15 15:06:00,0.0,0.0,2938.53,0.0,24,3,2938.53,4,2,4,424,Potential Loyalists
14545.0,349.25,1,236,2010-02-03 15:23:00,2010-02-03 15:23:00,0.0,0.0,349.25,0.0,674,1,349.25,1,1,2,112,Lost Customers
14546.0,5184.84,11,2688,2009-12-06 13:10:00,2011-12-04 13:00:00,196.87,9.0,4987.97,3.797031345229554,5,11,4987.97,4,4,4,444,Champions
14547.0,3974.75,8,2639,2011-10-16 14:35:00,2011-12-06 11:06:00,20.8,1.0,3953.95,0.5233033524121014,4,8,3953.95,4,4,4,444,Champions
14548.0,2541.29,9,986,2009-12-06 14:00:00,2011-07-12 12:19:00,0.0,0.0,2541.29,0.0,151,9,2541.29,2,4,4,244,At Risk
14549.0,913.6,4,394,2009-12-02 14:06:00,2011-02-01 13:47:00,0.0,0.0,913.6,0.0,311,4,913.6,2,3,3,233,At Risk
14550.0,1345.06,4,771,2010-08-13 12:05:00,2011-11-29 12:12:00,0.0,0.0,1345.06,0.0,11,4,1345.06,4,3,3,433,Champions
14551.0,878.09,7,486,2010-01-27 12:06:00,2011-11-21 13:36:00,21.45,2.0,856.64,2.442801990684326,18,7,856.64,4,4,3,443,Champions
14552.0,507.93,3,258,2010-04-26 13:44:00,2011-07-11 12:49:00,0.0,0.0,507.93,0.0,152,3,507.93,2,2,2,222,Regular Customers
14553.0,1818.6,9,1118,2010-07-18 12:07:00,2011-11-20 13:20:00,25.5,1.0,1793.1,1.4021774991751899,19,9,1793.1,4,4,3,443,Champions
14554.0,2279.4900000000002,4,1443,2011-10-18 13:04:00,2011-11-29 16:44:00,0.0,0.0,2279.4900000000002,0.0,10,4,2279.4900000000002,4,3,4,434,Champions
14555.0,2304.03,6,842,2009-12-18 11:39:00,2011-10-13 16:24:00,9.15,1.0,2294.88,0.3971302456999257,57,6,2294.88,3,3,4,334,Champions
14556.0,815.69,3,323,2010-01-20 11:49:00,2010-04-22 14:57:00,0.0,0.0,815.69,0.0,596,3,815.69,1,2,2,122,Lost Customers
14558.0,655.5,3,162,2009-12-08 10:41:00,2010-02-23 12:51:00,41.4,2.0,614.1,6.315789473684211,654,3,614.1,1,2,2,122,Lost Customers
14559.0,75.6,1,72,2010-11-14 16:05:00,2010-11-14 16:05:00,0.0,0.0,75.6,0.0,390,1,75.6,1,1,1,111,Lost Customers
14560.0,6114.03,44,4580,2009-12-02 10:15:00,2011-12-02 15:22:00,63.59,2.0,6050.44,1.0400668626094411,7,44,6050.44,4,4,4,444,Champions
14561.0,1080.76,3,1014,2011-06-08 13:26:00,2011-09-25 12:39:00,0.0,0.0,1080.76,0.0,76,3,1080.76,3,2,3,323,Potential Loyalists
14562.0,6638.150000000001,26,2574,2010-02-07 14:10:00,2011-12-06 11:05:00,330.15000000000003,4.0,6308.000000000001,4.973524249979286,4,26,6308.000000000001,4,4,4,444,Champions
14563.0,640.54,2,279,2010-04-26 12:51:00,2010-07-18 12:01:00,0.0,0.0,640.54,0.0,510,2,640.54,1,2,2,122,Lost Customers
14564.0,2605.62,2,1295,2009-12-04 09:27:00,2010-10-01 09:02:00,86.3,3.0,2519.3199999999997,3.3120715990819845,435,2,2519.3199999999997,1,2,4,124,Lost Customers
14565.0,3859.2200000000003,5,1940,2010-08-23 09:48:00,2011-09-05 09:07:00,25.35,2.0,3833.8700000000003,0.6568684863780764,96,5,3833.8700000000003,2,3,4,234,At Risk
14566.0,4092.0,4,2400,2010-06-24 10:34:00,2011-08-21 11:05:00,0.0,0.0,4092.0,0.0,111,4,4092.0,2,3,4,234,At Risk
14567.0,1530.3600000000001,2,412,2011-08-01 13:48:00,2011-10-14 10:21:00,5.9,1.0,1524.46,0.3855302020439635,57,2,1524.46,3,2,3,323,Potential Loyalists
14568.0,919.7,1,645,2010-09-30 17:15:00,2010-09-30 17:15:00,10.2,1.0,909.5,1.1090573012939,435,1,909.5,1,1,3,113,Lost Customers
14569.0,597.3299999999999,4,257,2010-04-15 11:49:00,2011-12-08 14:58:00,0.0,0.0,597.3299999999999,0.0,1,4,597.3299999999999,4,3,2,432,Loyal Customers
14570.0,613.75,3,431,2010-09-22 13:07:00,2011-03-04 10:58:00,0.0,0.0,613.75,0.0,281,3,613.75,2,2,2,222,Regular Customers
14571.0,160.0,1,56,2010-10-10 15:06:00,2010-10-10 15:06:00,0.0,0.0,160.0,0.0,425,1,160.0,1,1,1,111,Lost Customers
14572.0,5526.88,11,2878,2010-03-28 13:47:00,2011-12-06 14:40:00,41.9,4.0,5484.9800000000005,0.7581130764554322,3,11,5484.9800000000005,4,4,4,444,Champions
14573.0,2163.12,13,683,2010-01-08 16:34:00,2011-06-13 11:15:00,49.699999999999996,4.0,2113.42,2.2976071600281074,180,13,2113.42,2,4,3,243,At Risk
14574.0,143.70000000000002,1,63,2009-12-07 12:42:00,2009-12-07 12:42:00,0.0,0.0,143.70000000000002,0.0,733,1,143.70000000000002,1,1,1,111,Lost Customers
14575.0,420.22,1,163,2010-08-08 14:51:00,2010-08-08 14:51:00,0.0,0.0,420.22,0.0,488,1,420.22,1,1,2,112,Lost Customers
14576.0,35.400000000000006,1,12,2010-12-02 17:51:00,2010-12-02 17:51:00,0.0,0.0,35.400000000000006,0.0,372,1,35.400000000000006,2,1,1,211,Regular Customers
14577.0,1364.15,7,569,2009-12-11 12:09:00,2011-11-27 12:47:00,0.0,0.0,1364.15,0.0,13,7,1364.15,4,4,3,443,Champions
14578.0,168.63,1,240,2011-12-06 17:18:00,2011-12-06 17:18:00,0.0,0.0,168.63,0.0,3,1,168.63,4,1,1,411,Potential Loyalists
14579.0,105.56,1,56,2010-10-03 14:36:00,2010-10-03 14:36:00,0.0,0.0,105.56,0.0,432,1,105.56,1,1,1,111,Lost Customers
14580.0,14.850000000000001,1,3,2010-07-09 15:20:00,2010-07-09 15:20:00,0.0,0.0,14.850000000000001,0.0,518,1,14.850000000000001,1,1,1,111,Lost Customers
14581.0,409.65,2,304,2010-06-13 15:48:00,2011-11-23 12:39:00,0.0,0.0,409.65,0.0,17,2,409.65,4,2,2,422,Potential Loyalists
14582.0,114.11,1,73,2011-10-30 11:56:00,2011-10-30 11:56:00,0.0,0.0,114.11,0.0,41,1,114.11,3,1,1,311,Potential Loyalists
14583.0,1660.29,8,1071,2010-03-28 15:16:00,2011-12-04 12:32:00,0.0,0.0,1660.29,0.0,6,8,1660.29,4,4,3,443,Champions
14584.0,1738.16,8,960,2010-02-17 14:01:00,2011-06-23 18:33:00,13.0,1.0,1725.16,0.747917337874534,169,8,1725.16,2,4,3,243,At Risk
14585.0,1143.27,5,630,2010-10-19 12:17:00,2011-10-20 14:33:00,0.0,0.0,1143.27,0.0,50,5,1143.27,3,3,3,333,Champions
14586.0,237.36,1,444,2011-03-08 10:04:00,2011-03-08 10:04:00,103.2,2.0,134.16000000000003,43.47826086956522,277,1,134.16000000000003,2,1,1,211,Regular Customers
14587.0,1580.29,9,749,2011-01-12 13:16:00,2011-11-21 11:34:00,2.9,1.0,1577.3899999999999,0.18351062146821154,19,9,1577.3899999999999,4,4,3,443,Champions
14588.0,135.39,1,62,2010-05-10 15:08:00,2010-05-10 15:08:00,0.0,0.0,135.39,0.0,578,1,135.39,1,1,1,111,Lost Customers
14589.0,39.75,1,5,2010-12-03 11:42:00,2010-12-03 11:42:00,0.0,0.0,39.75,0.0,372,1,39.75,2,1,1,211,Regular Customers
14590.0,2993.37,20,901,2009-12-07 14:10:00,2010-10-11 12:06:00,122.33,8.0,2871.04,4.08669826984302,425,20,2871.04,1,4,4,144,At Risk
14591.0,1320.21,4,1228,2011-05-10 14:09:00,2011-11-24 13:57:00,0.0,0.0,1320.21,0.0,15,4,1320.21,4,3,3,433,Champions
14592.0,557.94,3,407,2011-10-06 18:08:00,2011-11-04 16:35:00,0.0,0.0,557.94,0.0,35,3,557.94,3,2,2,322,Potential Loyalists
14593.0,3665.5299999999997,12,1848,2009-12-09 12:57:00,2011-11-18 12:48:00,96.83999999999999,6.0,3568.6899999999996,2.6419099011602687,22,12,3568.6899999999996,4,4,4,444,Champions
14594.0,363.33,2,183,2010-12-01 13:54:00,2011-12-02 13:28:00,0.0,0.0,363.33,0.0,7,2,363.33,4,2,2,422,Potential Loyalists
14595.0,2164.45,8,1228,2010-01-20 13:59:00,2011-11-20 12:12:00,0.0,0.0,2164.45,0.0,20,8,2164.45,4,4,3,443,Champions
14596.0,222.22000000000003,1,75,2010-03-23 12:13:00,2010-03-23 12:13:00,0.0,0.0,222.22000000000003,0.0,627,1,222.22000000000003,1,1,1,111,Lost Customers
14597.0,2184.63,6,1436,2010-09-28 13:17:00,2011-11-28 13:13:00,0.0,0.0,2184.63,0.0,11,6,2184.63,4,3,4,434,Champions
14598.0,384.04,2,354,2010-05-19 13:07:00,2011-10-26 13:19:00,162.07,1.0,221.97000000000003,42.201333194458904,44,2,221.97000000000003,3,2,1,321,Potential Loyalists
14599.0,457.89,2,292,2010-07-18 15:54:00,2010-11-14 14:49:00,0.0,0.0,457.89,0.0,390,2,457.89,1,2,2,122,Lost Customers
14600.0,865.1700000000001,2,487,2010-11-11 15:56:00,2011-02-07 09:48:00,0.0,0.0,865.1700000000001,0.0,306,2,865.1700000000001,2,2,3,223,Regular Customers
14601.0,213.96,1,168,2011-11-29 09:48:00,2011-11-29 09:48:00,0.0,0.0,213.96,0.0,11,1,213.96,4,1,1,411,Potential Loyalists
14602.0,205.35999999999999,1,80,2010-02-21 15:47:00,2010-02-21 15:47:00,0.0,0.0,205.35999999999999,0.0,656,1,205.35999999999999,1,1,1,111,Lost Customers
14603.0,660.0,1,400,2011-03-10 10:27:00,2011-03-10 10:27:00,0.0,0.0,660.0,0.0,275,1,660.0,2,1,2,212,Regular Customers
14604.0,143.85999999999999,1,88,2010-03-16 13:00:00,2010-03-16 13:00:00,0.0,0.0,143.85999999999999,0.0,633,1,143.85999999999999,1,1,1,111,Lost Customers
14605.0,921.5600000000001,4,416,2009-12-08 13:59:00,2010-11-30 14:07:00,0.0,0.0,921.5600000000001,0.0,374,4,921.5600000000001,2,3,3,233,At Risk
14606.0,29951.37,192,15217,2009-12-03 12:40:00,2011-12-08 19:28:00,753.78,67.0,29197.59,2.5166795375303366,1,192,29197.59,4,4,4,444,Champions
14607.0,23763.13,22,15335,2009-12-15 11:25:00,2011-11-24 10:35:00,5392.07,5.0,18371.06,22.690908142151304,16,22,18371.06,4,4,4,444,Champions
14608.0,3352.94,11,927,2009-12-06 12:34:00,2011-12-05 16:52:00,79.5,1.0,3273.44,2.371053463527531,4,11,3273.44,4,4,4,444,Champions
14609.0,1486.2,10,12720,2010-02-09 09:48:00,2011-09-28 12:54:00,120.0,1.0,1366.2,8.074283407347597,72,10,1366.2,3,4,3,343,Champions
14610.0,24.35,2,15,2010-07-13 16:06:00,2010-11-09 10:58:00,0.0,0.0,24.35,0.0,396,2,24.35,1,2,1,121,Lost Customers
14611.0,604.3299999999999,2,582,2010-04-20 10:19:00,2010-09-22 09:19:00,4.95,1.0,599.3799999999999,0.8190889083778732,444,2,599.3799999999999,1,2,2,122,Lost Customers
14612.0,877.7,1,134,2010-10-20 16:01:00,2010-10-20 16:01:00,0.0,0.0,877.7,0.0,415,1,877.7,1,1,3,113,Lost Customers
14613.0,76.32000000000001,1,72,2010-01-28 13:02:00,2010-01-28 13:02:00,0.0,0.0,76.32000000000001,0.0,680,1,76.32000000000001,1,1,1,111,Lost Customers
14614.0,295.13,1,189,2010-11-18 13:04:00,2010-11-18 13:04:00,0.0,0.0,295.13,0.0,386,1,295.13,1,1,1,111,Lost Customers
14615.0,951.76,5,495,2010-06-09 13:59:00,2010-11-10 13:36:00,17.5,1.0,934.26,1.8386988316382282,394,5,934.26,1,3,3,133,At Risk
14616.0,527.78,5,170,2010-06-09 09:42:00,2011-04-11 09:54:00,0.0,0.0,527.78,0.0,243,5,527.78,2,3,2,232,Regular Customers
14617.0,190.47000000000003,2,81,2010-10-20 10:40:00,2010-11-02 11:41:00,0.0,0.0,190.47000000000003,0.0,403,2,190.47000000000003,1,2,1,121,Lost Customers
14618.0,1342.32,7,704,2010-06-11 10:11:00,2011-11-30 13:45:00,31.8,2.0,1310.52,2.369032719470767,9,7,1310.52,4,4,3,443,Champions
14619.0,1291.24,2,594,2010-06-16 14:41:00,2011-04-08 07:37:00,14.93,1.0,1276.31,1.1562529041851244,246,2,1276.31,2,2,3,223,Regular Customers
14620.0,412.78000000000003,2,214,2011-03-01 08:30:00,2011-05-18 11:58:00,19.5,1.0,393.28000000000003,4.724066088473278,206,2,393.28000000000003,2,2,2,222,Regular Customers
14621.0,3000.57,9,1706,2010-01-25 09:08:00,2011-12-08 16:22:00,122.3,7.0,2878.27,4.07589224713971,1,9,2878.27,4,4,4,444,Champions
14622.0,320.58000000000004,1,146,2011-06-08 12:42:00,2011-06-08 12:42:00,0.0,0.0,320.58000000000004,0.0,185,1,320.58000000000004,2,1,1,211,Regular Customers
14623.0,2016.98,10,1025,2010-04-16 17:12:00,2011-11-07 13:56:00,28.75,2.0,1988.23,1.4253983678568949,32,10,1988.23,3,4,3,343,Champions
14624.0,814.07,6,645,2010-04-14 10:44:00,2011-10-13 13:44:00,0.0,0.0,814.07,0.0,57,6,814.07,3,3,2,332,Loyal Customers
14625.0,4497.88,11,2155,2009-12-16 13:23:00,2011-05-27 15:32:00,68.69999999999999,7.0,4429.18,1.5273862352930712,196,11,4429.18,2,4,4,244,At Risk
14626.0,5410.92,11,3135,2009-12-10 14:57:00,2011-11-16 10:37:00,36.15,4.0,5374.77,0.6680934111019937,24,11,5374.77,4,4,4,444,Champions
14627.0,462.75,1,284,2010-11-25 16:32:00,2010-11-25 16:32:00,56.35,2.0,406.4,12.17720151269584,379,1,406.4,2,1,2,212,Regular Customers
14628.0,1998.0,5,1147,2010-01-25 14:40:00,2011-09-09 14:58:00,0.0,0.0,1998.0,0.0,91,5,1998.0,3,3,3,333,Champions
14629.0,955.26,2,378,2011-10-23 16:13:00,2011-12-05 16:55:00,19.8,1.0,935.46,2.0727341247409083,4,2,935.46,4,2,3,423,Potential Loyalists
14630.0,338.65,1,111,2010-08-12 16:38:00,2010-08-12 16:38:00,0.0,0.0,338.65,0.0,484,1,338.65,1,1,2,112,Lost Customers
14631.0,2025.69,6,1407,2010-08-09 14:45:00,2011-10-20 11:17:00,2.52,1.0,2023.17,0.12440205559587103,51,6,2023.17,3,3,3,333,Champions
14632.0,114.56,1,96,2011-03-22 08:49:00,2011-03-22 08:49:00,0.0,0.0,114.56,0.0,263,1,114.56,2,1,1,211,Regular Customers
14633.0,344.90000000000003,1,96,2011-03-18 17:07:00,2011-03-18 17:07:00,0.0,0.0,344.90000000000003,0.0,266,1,344.90000000000003,2,1,2,212,Regular Customers
14634.0,2124.46,4,1906,2010-06-16 09:48:00,2010-09-28 10:40:00,152.64,3.0,1971.8200000000002,7.18488462950585,438,4,1971.8200000000002,1,3,3,133,At Risk
14635.0,215.22,1,118,2010-09-12 10:47:00,2010-09-12 10:47:00,0.0,0.0,215.22,0.0,454,1,215.22,1,1,1,111,Lost Customers
14636.0,609.85,2,241,2011-03-16 09:52:00,2011-11-03 16:12:00,0.0,0.0,609.85,0.0,36,2,609.85,3,2,2,322,Potential Loyalists
14637.0,106.67999999999999,1,100,2010-01-31 15:52:00,2010-01-31 15:52:00,0.0,0.0,106.67999999999999,0.0,677,1,106.67999999999999,1,1,1,111,Lost Customers
14638.0,443.6,1,166,2011-10-20 10:10:00,2011-10-20 10:10:00,0.0,0.0,443.6,0.0,51,1,443.6,3,1,2,312,Potential Loyalists
14639.0,4978.96,9,2410,2010-02-16 12:35:00,2011-10-18 15:06:00,32.15,2.0,4946.81,0.6457171778845381,52,9,4946.81,3,4,4,344,Champions
14640.0,3649.36,10,1645,2010-01-22 15:44:00,2011-11-15 13:07:00,203.03,6.0,3446.33,5.563441260933423,24,10,3446.33,4,4,4,444,Champions
14641.0,110.46,1,90,2011-11-18 10:42:00,2011-11-18 10:42:00,0.0,0.0,110.46,0.0,22,1,110.46,4,1,1,411,Potential Loyalists
14642.0,96.12,1,76,2011-10-12 11:08:00,2011-10-12 11:08:00,0.0,0.0,96.12,0.0,59,1,96.12,3,1,1,311,Potential Loyalists
14643.0,1679.89,5,1377,2009-12-11 11:52:00,2011-06-22 14:41:00,25.200000000000003,1.0,1654.69,1.5000982207168327,170,5,1654.69,2,3,3,233,At Risk
14644.0,2247.72,7,770,2009-12-03 16:24:00,2011-10-03 08:30:00,170.25,5.0,2077.47,7.574341999893226,68,7,2077.47,3,4,3,343,Champions
14645.0,876.89,3,587,2010-03-15 11:33:00,2011-07-06 09:15:00,36.650000000000006,1.0,840.24,4.179543614364402,157,3,840.24,2,2,2,222,Regular Customers
14646.0,528602.52,151,367193,2009-12-02 16:52:00,2011-12-08 12:12:00,5260.45,12.0,523342.07,0.995161733243345,2,151,523342.07,4,4,4,444,Champions
14647.0,506.04,2,175,2010-07-04 13:27:00,2011-05-22 13:40:00,0.0,0.0,506.04,0.0,201,2,506.04,2,2,2,222,Regular Customers
14648.0,4466.65,15,3265,2009-12-10 13:59:00,2010-10-19 13:12:00,88.65,4.0,4378.0,1.984708898167531,416,15,4378.0,1,4,4,144,At Risk
14649.0,3651.19,9,2415,2010-01-20 13:10:00,2011-12-05 12:30:00,21.15,2.0,3630.04,0.5792631991213824,5,9,3630.04,4,4,4,444,Champions
14650.0,62.5,1,22,2010-04-29 20:27:00,2010-04-29 20:27:00,0.0,0.0,62.5,0.0,589,1,62.5,1,1,1,111,Lost Customers
14651.0,2025.52,9,880,2010-03-18 11:39:00,2011-10-03 15:52:00,0.0,0.0,2025.52,0.0,67,9,2025.52,3,4,3,343,Champions
14652.0,114.18,1,53,2011-09-23 14:21:00,2011-09-23 14:21:00,0.0,0.0,114.18,0.0,77,1,114.18,3,1,1,311,Potential Loyalists
14653.0,3593.06,12,1969,2009-12-02 11:51:00,2011-12-08 13:45:00,0.0,0.0,3593.06,0.0,1,12,3593.06,4,4,4,444,Champions
14654.0,246.86,1,273,2009-12-01 12:57:00,2009-12-01 12:57:00,0.0,0.0,246.86,0.0,738,1,246.86,1,1,1,111,Lost Customers
14655.0,3878.51,7,2341,2010-04-22 14:29:00,2011-12-01 16:28:00,49.28,5.0,3829.23,1.2705910259352173,8,7,3829.23,4,4,4,444,Champions
14656.0,790.0,5,309,2010-04-15 12:10:00,2011-06-23 13:51:00,0.0,0.0,790.0,0.0,169,5,790.0,2,3,2,232,Regular Customers
14657.0,1450.19,6,879,2010-09-30 19:57:00,2011-11-22 12:47:00,9.95,1.0,1440.24,0.6861169915666222,18,6,1440.24,4,3,3,433,Champions
14658.0,247.15,2,47,2011-08-14 15:42:00,2011-12-04 15:35:00,0.0,0.0,247.15,0.0,5,2,247.15,4,2,1,421,Potential Loyalists
14659.0,2529.93,9,1195,2011-01-28 12:43:00,2011-12-01 12:17:00,73.4,3.0,2456.5299999999997,2.9012660429339943,9,9,2456.5299999999997,4,4,4,444,Champions
14660.0,285.74,2,228,2011-08-31 10:40:00,2011-09-14 11:34:00,0.0,0.0,285.74,0.0,87,2,285.74,3,2,1,321,Potential Loyalists
14661.0,107.95,1,35,2011-11-13 11:51:00,2011-11-13 11:51:00,0.0,0.0,107.95,0.0,27,1,107.95,3,1,1,311,Potential Loyalists
14662.0,1376.43,7,907,2009-12-03 16:47:00,2011-11-11 12:13:00,0.0,0.0,1376.43,0.0,29,7,1376.43,3,4,3,343,Champions
14663.0,490.6,2,397,2010-10-05 13:12:00,2010-10-05 13:21:00,0.0,0.0,490.6,0.0,430,2,490.6,1,2,2,122,Lost Customers
14664.0,636.24,2,465,2011-11-06 14:56:00,2011-11-20 10:59:00,0.0,0.0,636.24,0.0,20,2,636.24,4,2,2,422,Potential Loyalists
14665.0,2749.65,7,1144,2010-04-26 11:17:00,2011-10-10 09:14:00,577.32,2.0,2172.33,20.996126779771974,61,7,2172.33,3,4,3,343,Champions
14666.0,195.25,1,161,2011-11-15 12:57:00,2011-11-15 12:57:00,0.0,0.0,195.25,0.0,24,1,195.25,4,1,1,411,Potential Loyalists
14667.0,20395.34,54,11939,2009-12-02 12:38:00,2011-11-29 11:30:00,206.55,7.0,20188.79,1.0127313396099304,11,54,20188.79,4,4,4,444,Champions
14668.0,111.63,1,49,2010-09-20 15:03:00,2010-09-20 15:03:00,0.0,0.0,111.63,0.0,445,1,111.63,1,1,1,111,Lost Customers
14669.0,3216.78,7,2043,2009-12-02 13:06:00,2011-04-12 11:43:00,0.0,0.0,3216.78,0.0,242,7,3216.78,2,4,4,244,At Risk
14670.0,583.33,3,423,2009-12-07 13:59:00,2011-03-04 14:13:00,0.0,0.0,583.33,0.0,280,3,583.33,2,2,2,222,Regular Customers
14671.0,1127.45,2,571,2010-05-20 18:21:00,2010-06-08 13:39:00,0.0,0.0,1127.45,0.0,549,2,1127.45,1,2,3,123,Lost Customers
14672.0,1113.14,4,646,2010-01-28 11:33:00,2011-04-19 10:19:00,0.0,0.0,1113.14,0.0,235,4,1113.14,2,3,3,233,At Risk
14673.0,3037.32,7,1822,2010-10-26 10:14:00,2011-12-06 14:31:00,0.0,0.0,3037.32,0.0,3,7,3037.32,4,4,4,444,Champions
14674.0,173.66,1,103,2010-07-18 14:25:00,2010-07-18 14:25:00,0.0,0.0,173.66,0.0,509,1,173.66,1,1,1,111,Lost Customers
14675.0,1015.58,2,660,2010-11-16 12:22:00,2011-11-23 12:58:00,0.0,0.0,1015.58,0.0,16,2,1015.58,4,2,3,423,Potential Loyalists
14676.0,8356.79,12,8792,2010-03-10 09:30:00,2011-11-08 13:29:00,71.3,4.0,8285.490000000002,0.8531984170955593,31,12,8285.490000000002,3,4,4,344,Champions
14677.0,184.91,1,139,2010-04-26 09:48:00,2010-04-26 09:48:00,0.0,0.0,184.91,0.0,593,1,184.91,1,1,1,111,Lost Customers
14678.0,403.39,1,179,2010-05-09 14:32:00,2010-05-09 14:32:00,16.95,1.0,386.44,4.201888990802945,579,1,386.44,1,1,2,112,Lost Customers
14679.0,1289.44,3,794,2009-12-08 17:13:00,2010-11-23 11:51:00,16.49,2.0,1272.95,1.2788497332175206,382,3,1272.95,1,2,3,123,Lost Customers
14680.0,55688.5,58,26894,2009-12-04 12:36:00,2011-11-14 16:59:00,2608.48,29.0,53080.02,4.684055056250393,25,58,53080.02,4,4,4,444,Champions
14681.0,875.1500000000001,6,172,2010-02-24 08:54:00,2011-09-29 15:52:00,0.0,0.0,875.1500000000001,0.0,71,6,875.1500000000001,3,3,3,333,Champions
14682.0,1514.81,6,949,2010-02-05 14:47:00,2011-06-05 12:12:00,0.0,0.0,1514.81,0.0,188,6,1514.81,2,3,3,233,At Risk
14683.0,146.56,1,386,2010-04-30 17:18:00,2010-04-30 17:18:00,0.0,0.0,146.56,0.0,588,1,146.56,1,1,1,111,Lost Customers
14684.0,1430.03,6,1005,2010-11-14 14:07:00,2011-11-14 11:33:00,0.0,0.0,1430.03,0.0,26,6,1430.03,3,3,3,333,Champions
14685.0,4536.64,8,1969,2009-12-13 11:32:00,2010-05-12 13:08:00,295.47999999999996,5.0,4241.160000000001,6.513190378782534,576,8,4241.160000000001,1,4,4,144,At Risk
14686.0,852.53,5,457,2010-02-18 18:29:00,2010-10-21 18:31:00,7.95,1.0,844.5799999999999,0.9325185037476689,414,5,844.5799999999999,1,3,2,132,Regular Customers
14687.0,1402.06,3,850,2010-06-06 10:36:00,2011-08-25 11:59:00,0.0,0.0,1402.06,0.0,107,3,1402.06,2,2,3,223,Regular Customers
14688.0,7190.42,28,5041,2010-09-09 12:35:00,2011-12-02 12:26:00,523.49,6.0,6666.93,7.2803813963579325,8,28,6666.93,4,4,4,444,Champions
14689.0,112.8,1,76,2011-05-15 11:22:00,2011-05-15 11:22:00,0.0,0.0,112.8,0.0,209,1,112.8,2,1,1,211,Regular Customers
14690.0,777.68,4,341,2010-10-25 12:20:00,2011-10-26 15:39:00,13.090000000000002,1.0,764.5899999999999,1.683211603744471,44,4,764.5899999999999,3,3,2,332,Loyal Customers
14691.0,2114.33,5,707,2011-05-11 09:55:00,2011-11-09 12:30:00,0.0,0.0,2114.33,0.0,31,5,2114.33,3,3,3,333,Champions
14692.0,1715.1399999999999,12,890,2010-04-01 14:04:00,2011-07-25 15:08:00,9.5,1.0,1705.6399999999999,0.5538906444954931,137,12,1705.6399999999999,2,4,3,243,At Risk
14693.0,1165.36,7,388,2010-07-02 08:28:00,2011-03-20 12:50:00,25.5,1.0,1139.86,2.1881650305485003,265,7,1139.86,2,4,3,243,At Risk
14694.0,244.31,1,193,2010-04-01 19:46:00,2010-04-01 19:46:00,0.0,0.0,244.31,0.0,617,1,244.31,1,1,1,111,Lost Customers
14695.0,1534.22,3,661,2009-12-07 11:05:00,2010-07-08 14:18:00,67.5,1.0,1466.72,4.399629779301534,519,3,1466.72,1,2,3,123,Lost Customers
14696.0,2473.28,8,1867,2010-10-14 11:43:00,2011-12-05 13:43:00,7.98,2.0,2465.3,0.32264846681330056,4,8,2465.3,4,4,4,444,Champions
14697.0,188.60999999999999,2,181,2011-05-05 15:29:00,2011-05-05 15:39:00,0.0,0.0,188.60999999999999,0.0,218,2,188.60999999999999,2,2,1,221,Regular Customers
14698.0,1217.27,5,602,2011-10-19 12:54:00,2011-12-08 12:26:00,0.0,0.0,1217.27,0.0,2,5,1217.27,4,3,3,433,Champions
14699.0,702.6,4,484,2010-07-02 12:04:00,2011-05-09 14:54:00,0.0,0.0,702.6,0.0,214,4,702.6,2,3,2,232,Regular Customers
14700.0,3076.06,5,1606,2010-08-11 12:19:00,2011-11-07 14:40:00,0.0,0.0,3076.06,0.0,32,5,3076.06,3,3,4,334,Champions
14701.0,4487.11,15,1744,2010-01-24 12:15:00,2011-11-29 12:38:00,63.15,3.0,4423.96,1.4073646511897413,11,15,4423.96,4,4,4,444,Champions
14702.0,6368.78,29,2878,2009-12-10 20:22:00,2011-12-08 19:29:00,58.5,3.0,6310.28,0.9185432688835226,1,29,6310.28,4,4,4,444,Champions
14703.0,318.17,1,183,2011-11-25 09:23:00,2011-11-25 09:23:00,0.0,0.0,318.17,0.0,15,1,318.17,4,1,1,411,Potential Loyalists
14704.0,1752.92,11,1164,2010-03-25 17:21:00,2011-11-28 12:51:00,0.0,0.0,1752.92,0.0,11,11,1752.92,4,4,3,443,Champions
14705.0,179.0,1,100,2011-05-25 12:39:00,2011-05-25 12:39:00,0.0,0.0,179.0,0.0,199,1,179.0,2,1,1,211,Regular Customers
14706.0,367.54,1,246,2010-03-31 11:09:00,2010-03-31 11:09:00,0.0,0.0,367.54,0.0,619,1,367.54,1,1,2,112,Lost Customers
14707.0,139.2,2,96,2010-05-12 11:07:00,2010-09-30 11:37:00,0.0,0.0,139.2,0.0,436,2,139.2,1,2,1,121,Lost Customers
14708.0,1793.22,5,1159,2010-09-10 10:26:00,2011-12-07 08:21:00,29.700000000000003,1.0,1763.52,1.6562384983437615,3,5,1763.52,4,3,3,433,Champions
14709.0,8886.33,25,4141,2009-12-05 15:26:00,2011-11-24 15:41:00,19.85,2.0,8866.48,0.22337680459762355,15,25,8866.48,4,4,4,444,Champions
14710.0,1899.79,13,1135,2009-12-03 17:12:00,2011-11-25 14:53:00,0.0,0.0,1899.79,0.0,14,13,1899.79,4,4,3,443,Champions
14711.0,2839.62,11,966,2011-03-22 13:32:00,2011-11-29 14:58:00,30.599999999999998,1.0,2809.02,1.0776089758488812,10,11,2809.02,4,4,4,444,Champions
14712.0,1328.0700000000002,4,411,2010-10-17 14:49:00,2011-11-10 12:59:00,0.0,0.0,1328.0700000000002,0.0,29,4,1328.0700000000002,3,3,3,333,Champions
14713.0,5115.76,21,3329,2009-12-03 19:22:00,2011-11-30 16:26:00,46.4,4.0,5069.360000000001,0.9070011102944626,9,21,5069.360000000001,4,4,4,444,Champions
14714.0,906.24,4,642,2010-01-21 11:51:00,2011-11-15 13:07:00,9.84,3.0,896.4,1.0858050847457628,24,4,896.4,4,3,3,433,Champions
14715.0,1825.45,8,1030,2010-01-19 12:18:00,2011-11-15 12:10:00,0.0,0.0,1825.45,0.0,25,8,1825.45,4,4,3,443,Champions
14716.0,543.28,3,643,2010-09-21 12:07:00,2011-10-27 17:29:00,0.0,0.0,543.28,0.0,43,3,543.28,3,2,2,322,Potential Loyalists
14717.0,81.3,1,32,2009-12-06 13:05:00,2009-12-06 13:05:00,8.5,1.0,72.8,10.45510455104551,733,1,72.8,1,1,1,111,Lost Customers
14718.0,226.42,1,202,2010-10-25 13:07:00,2010-10-25 13:07:00,0.0,0.0,226.42,0.0,410,1,226.42,1,1,1,111,Lost Customers
14719.0,1581.84,5,1025,2011-04-04 14:17:00,2011-12-08 12:43:00,9.95,1.0,1571.8899999999999,0.629014312446265,2,5,1571.8899999999999,4,3,3,433,Champions
14720.0,663.81,3,219,2011-08-05 12:06:00,2011-12-04 12:02:00,0.0,0.0,663.81,0.0,6,3,663.81,4,2,2,422,Potential Loyalists
14721.0,109.07,1,57,2010-11-25 13:08:00,2010-11-25 13:08:00,0.0,0.0,109.07,0.0,379,1,109.07,2,1,1,211,Regular Customers
14722.0,489.52,3,214,2010-08-10 13:28:00,2011-07-15 14:58:00,0.0,0.0,489.52,0.0,147,3,489.52,2,2,2,222,Regular Customers
14723.0,1803.06,11,1168,2009-12-04 11:22:00,2011-11-29 15:23:00,0.0,0.0,1803.06,0.0,10,11,1803.06,4,4,3,443,Champions
14724.0,341.9,1,184,2010-04-28 13:26:00,2010-04-28 13:26:00,0.0,0.0,341.9,0.0,590,1,341.9,1,1,2,112,Lost Customers
14725.0,1252.74,4,1335,2010-06-23 11:34:00,2011-11-15 12:42:00,50.400000000000006,1.0,1202.34,4.023181186838451,25,4,1202.34,4,3,3,433,Champions
14726.0,116.5,1,82,2010-02-23 12:35:00,2010-02-23 12:35:00,0.0,0.0,116.5,0.0,655,1,116.5,1,1,1,111,Lost Customers
14727.0,463.72999999999996,3,458,2010-06-11 13:23:00,2011-03-10 14:45:00,172.6,1.0,291.13,37.21993401332672,274,3,291.13,2,2,1,221,Regular Customers
14728.0,190.58,1,68,2010-10-22 15:57:00,2010-10-22 15:57:00,0.0,0.0,190.58,0.0,413,1,190.58,1,1,1,111,Lost Customers
14729.0,586.24,3,372,2010-03-24 13:30:00,2010-12-01 12:43:00,0.0,0.0,586.24,0.0,374,3,586.24,2,2,2,222,Regular Customers
14730.0,1897.57,8,1078,2011-03-08 12:49:00,2011-12-08 14:39:00,0.0,0.0,1897.57,0.0,1,8,1897.57,4,4,3,443,Champions
14731.0,380.02,3,256,2011-05-11 13:06:00,2011-10-23 15:54:00,0.0,0.0,380.02,0.0,47,3,380.02,3,2,2,322,Potential Loyalists
14732.0,5517.07,19,2273,2009-12-09 10:48:00,2011-12-01 14:34:00,69.55,5.0,5447.5199999999995,1.2606329084097174,8,19,5447.5199999999995,4,4,4,444,Champions
14733.0,14335.15,15,5799,2010-11-02 15:42:00,2011-11-23 15:39:00,134.37,3.0,14200.779999999999,0.9373463130835744,16,15,14200.779999999999,4,4,4,444,Champions
14734.0,1056.42,4,378,2010-06-06 15:15:00,2010-10-10 12:04:00,10.95,1.0,1045.47,1.036519566081672,426,4,1045.47,1,3,3,133,At Risk
14735.0,12240.16,56,4513,2009-12-04 11:32:00,2011-12-06 12:09:00,330.45,3.0,11909.71,2.699719611508346,4,56,11909.71,4,4,4,444,Champions
14736.0,374.05,2,148,2010-08-11 15:13:00,2010-08-11 15:21:00,0.0,0.0,374.05,0.0,485,2,374.05,1,2,2,122,Lost Customers
14737.0,3554.17,4,1071,2010-11-04 11:29:00,2011-12-06 10:16:00,0.0,0.0,3554.17,0.0,4,4,3554.17,4,3,4,434,Champions
14738.0,1821.9,9,757,2009-12-07 10:21:00,2011-10-28 08:56:00,58.26,3.0,1763.64,3.1977605796146875,43,9,1763.64,3,4,3,343,Champions
14739.0,11573.62,25,9696,2009-12-02 13:23:00,2011-12-05 16:54:00,17.930000000000003,3.0,11555.69,0.15492127787157348,4,25,11555.69,4,4,4,444,Champions
14740.0,4161.06,11,2081,2010-02-25 11:40:00,2011-05-26 18:17:00,92.2,2.0,4068.8600000000006,2.2157815556612976,197,11,4068.8600000000006,2,4,4,244,At Risk
14741.0,1713.09,7,1006,2010-10-18 09:33:00,2011-11-28 08:48:00,0.0,0.0,1713.09,0.0,12,7,1713.09,4,4,3,443,Champions
14742.0,579.85,1,374,2010-09-30 14:07:00,2010-09-30 14:07:00,0.0,0.0,579.85,0.0,435,1,579.85,1,1,2,112,Lost Customers
14743.0,50.48,1,40,2010-04-26 10:26:00,2010-04-26 10:26:00,0.0,0.0,50.48,0.0,593,1,50.48,1,1,1,111,Lost Customers
14744.0,3660.08,14,2399,2010-05-18 14:06:00,2011-11-23 12:51:00,64.06,3.0,3596.02,1.750234967541693,16,14,3596.02,4,4,4,444,Champions
14745.0,2551.41,12,1969,2010-03-12 10:33:00,2011-08-19 10:05:00,80.35,5.0,2471.06,3.149239048212557,113,12,2471.06,2,4,4,244,At Risk
14746.0,593.5,4,398,2010-10-12 11:06:00,2010-10-29 14:44:00,0.0,0.0,593.5,0.0,406,4,593.5,1,3,2,132,Regular Customers
14747.0,328.2,1,84,2011-04-04 14:09:00,2011-04-04 14:09:00,33.9,1.0,294.3,10.3290676416819,249,1,294.3,2,1,1,211,Regular Customers
14748.0,2681.9,10,2422,2010-03-04 17:08:00,2011-11-10 18:33:00,480.07,6.0,2201.83,17.900369141280432,29,10,2201.83,3,4,4,344,Champions
14749.0,310.15,1,403,2010-08-17 12:36:00,2010-08-17 12:36:00,0.0,0.0,310.15,0.0,480,1,310.15,1,1,1,111,Lost Customers
14750.0,112.03,1,65,2009-12-03 17:57:00,2009-12-03 17:57:00,0.0,0.0,112.03,0.0,736,1,112.03,1,1,1,111,Lost Customers
14751.0,126.45,2,65,2009-12-13 14:08:00,2010-01-24 13:37:00,0.0,0.0,126.45,0.0,684,2,126.45,1,2,1,121,Lost Customers
14752.0,389.64,1,260,2011-10-27 11:55:00,2011-10-27 11:55:00,0.0,0.0,389.64,0.0,44,1,389.64,3,1,2,312,Potential Loyalists
14753.0,869.51,2,412,2010-09-05 11:04:00,2011-09-13 14:50:00,0.0,0.0,869.51,0.0,87,2,869.51,3,2,3,323,Potential Loyalists
14754.0,1547.93,6,1010,2010-01-18 11:04:00,2011-10-26 12:01:00,4.2,1.0,1543.73,0.2713300989062813,45,6,1543.73,3,3,3,333,Champions
14755.0,9972.550000000001,25,4401,2009-12-03 16:51:00,2011-11-30 11:24:00,121.1,5.0,9851.45,1.214333345032113,10,25,9851.45,4,4,4,444,Champions
14756.0,2653.76,3,1423,2010-10-11 11:50:00,2011-11-24 18:13:00,40.3,1.0,2613.46,1.5186000241167248,15,3,2613.46,4,2,4,424,Potential Loyalists
14757.0,420.5,1,160,2011-09-25 14:36:00,2011-09-25 14:36:00,0.0,0.0,420.5,0.0,75,1,420.5,3,1,2,312,Potential Loyalists
14758.0,2864.97,7,840,2010-04-08 08:27:00,2011-07-18 08:21:00,0.0,0.0,2864.97,0.0,145,7,2864.97,2,4,4,244,At Risk
14759.0,1625.97,3,569,2011-04-21 10:55:00,2011-12-05 12:03:00,0.0,0.0,1625.97,0.0,5,3,1625.97,4,2,3,423,Potential Loyalists
14760.0,89.2,1,40,2011-02-15 16:27:00,2011-02-15 16:27:00,35.400000000000006,1.0,53.8,39.68609865470852,297,1,53.8,2,1,1,211,Regular Customers
14761.0,447.92,3,206,2010-09-21 14:22:00,2011-10-12 12:10:00,0.0,0.0,447.92,0.0,59,3,447.92,3,2,2,322,Potential Loyalists
14762.0,417.57,2,428,2010-03-23 15:36:00,2011-03-21 08:20:00,0.0,0.0,417.57,0.0,264,2,417.57,2,2,2,222,Regular Customers
14764.0,278.3,1,190,2011-10-24 11:54:00,2011-10-24 11:54:00,27.75,1.0,250.55,9.971254042400288,47,1,250.55,3,1,1,311,Potential Loyalists
14765.0,254.11,3,135,2011-06-16 19:49:00,2011-11-10 19:53:00,0.0,0.0,254.11,0.0,29,3,254.11,3,2,1,321,Potential Loyalists
14766.0,6375.7300000000005,11,3999,2010-06-06 11:11:00,2011-12-01 16:05:00,73.85,3.0,6301.88,1.158298735987879,8,11,6301.88,4,4,4,444,Champions
14767.0,382.81,1,117,2010-08-22 14:54:00,2010-08-22 14:54:00,0.0,0.0,382.81,0.0,474,1,382.81,1,1,2,112,Lost Customers
14768.0,192.60000000000002,2,52,2011-08-04 13:25:00,2011-11-22 12:54:00,53.1,1.0,139.50000000000003,27.570093457943923,17,2,139.50000000000003,4,2,1,421,Potential Loyalists
14769.0,15514.11,17,11058,2009-12-16 09:17:00,2011-12-07 10:24:00,75.21,4.0,15438.900000000001,0.4847844961779953,3,17,15438.900000000001,4,4,4,444,Champions
14770.0,3637.64,8,1598,2010-02-25 18:58:00,2011-04-21 14:21:00,12.75,1.0,3624.89,0.35050197380719367,232,8,3624.89,2,4,4,244,At Risk
14771.0,594.62,2,622,2009-12-03 09:44:00,2010-03-28 12:52:00,14.7,1.0,579.92,2.4721670983148902,621,2,579.92,1,2,2,122,Lost Customers
14772.0,139.26,1,82,2011-08-19 15:04:00,2011-08-19 15:04:00,0.0,0.0,139.26,0.0,112,1,139.26,2,1,1,211,Regular Customers
14773.0,140.55,1,53,2010-04-26 10:29:00,2010-04-26 10:29:00,14.850000000000001,1.0,125.70000000000002,10.56563500533618,593,1,125.70000000000002,1,1,1,111,Lost Customers
14774.0,241.45,1,99,2010-06-29 12:26:00,2010-06-29 12:26:00,0.0,0.0,241.45,0.0,529,1,241.45,1,1,1,111,Lost Customers
14775.0,1011.9,3,1174,2010-12-02 16:38:00,2011-10-12 15:27:00,0.0,0.0,1011.9,0.0,58,3,1011.9,3,2,3,323,Potential Loyalists
14776.0,3708.3,15,4658,2010-09-19 14:12:00,2011-10-19 15:34:00,369.28000000000003,4.0,3339.02,9.958201871477497,51,15,3339.02,3,4,4,344,Champions
14777.0,307.56,1,212,2010-11-01 12:50:00,2010-11-01 12:50:00,68.3,3.0,239.26,22.207049031083365,404,1,239.26,1,1,1,111,Lost Customers
14778.0,730.86,2,306,2011-02-04 11:43:00,2011-08-04 15:23:00,0.0,0.0,730.86,0.0,127,2,730.86,2,2,2,222,Regular Customers
14779.0,386.15,3,84,2011-01-20 12:04:00,2011-03-04 12:42:00,0.0,0.0,386.15,0.0,281,3,386.15,2,2,2,222,Regular Customers
14780.0,447.68,2,310,2011-09-21 15:15:00,2011-10-16 12:46:00,0.0,0.0,447.68,0.0,55,2,447.68,3,2,2,322,Potential Loyalists
14782.0,200.10000000000002,1,114,2011-01-24 11:12:00,2011-01-24 11:12:00,0.0,0.0,200.10000000000002,0.0,320,1,200.10000000000002,2,1,1,211,Regular Customers
14783.0,307.3,1,262,2010-02-18 16:16:00,2010-02-18 16:16:00,1.95,1.0,305.35,0.6345590628050765,659,1,305.35,1,1,1,111,Lost Customers
14784.0,449.93,3,363,2010-11-15 09:49:00,2011-11-13 13:30:00,0.0,0.0,449.93,0.0,26,3,449.93,3,2,2,322,Potential Loyalists
14785.0,77.4,2,84,2011-11-24 13:40:00,2011-11-29 13:21:00,0.0,0.0,77.4,0.0,10,2,77.4,4,2,1,421,Potential Loyalists
14786.0,90.96,1,112,2010-06-07 13:42:00,2010-06-07 13:42:00,0.0,0.0,90.96,0.0,550,1,90.96,1,1,1,111,Lost Customers
14787.0,110.65,1,59,2010-08-25 14:38:00,2010-08-25 14:38:00,0.0,0.0,110.65,0.0,471,1,110.65,1,1,1,111,Lost Customers
14788.0,1156.32,3,719,2010-04-22 18:16:00,2011-12-02 17:06:00,0.0,0.0,1156.32,0.0,7,3,1156.32,4,2,3,423,Potential Loyalists
14789.0,197.64,1,116,2011-11-11 08:59:00,2011-11-11 08:59:00,0.0,0.0,197.64,0.0,29,1,197.64,3,1,1,311,Potential Loyalists
14790.0,2526.62,10,2642,2009-12-11 14:37:00,2011-11-23 09:28:00,0.0,0.0,2526.62,0.0,17,10,2526.62,4,4,4,444,Champions
14791.0,303.63,1,127,2010-04-12 10:24:00,2010-04-12 10:24:00,0.0,0.0,303.63,0.0,607,1,303.63,1,1,1,111,Lost Customers
14793.0,625.9,2,361,2010-06-22 16:54:00,2011-11-18 14:50:00,14.850000000000001,1.0,611.05,2.372583479789104,21,2,611.05,4,2,2,422,Potential Loyalists
14794.0,1953.9,10,783,2010-08-09 15:44:00,2011-12-07 10:11:00,64.75,3.0,1889.15,3.3138850504119963,3,10,1889.15,4,4,3,443,Champions
14795.0,131.45000000000002,1,17,2011-06-26 13:04:00,2011-06-26 13:04:00,0.0,0.0,131.45000000000002,0.0,166,1,131.45000000000002,2,1,1,211,Regular Customers
14796.0,10169.33,27,7188,2009-12-14 15:06:00,2011-12-08 15:31:00,196.57,12.0,9972.76,1.9329690353248445,1,27,9972.76,4,4,4,444,Champions
14797.0,300.31,1,99,2010-07-20 14:07:00,2010-07-20 14:07:00,0.0,0.0,300.31,0.0,507,1,300.31,1,1,1,111,Lost Customers
14798.0,724.31,8,601,2010-03-01 08:38:00,2011-10-18 10:58:00,9.2,1.0,715.1099999999999,1.2701743728514034,53,8,715.1099999999999,3,4,2,342,Loyal Customers
14799.0,338.15,2,495,2009-12-02 11:18:00,2011-10-19 16:16:00,0.0,0.0,338.15,0.0,51,2,338.15,3,2,2,322,Potential Loyalists
14800.0,7191.33,17,6501,2010-09-30 14:38:00,2011-10-23 12:46:00,358.73,6.0,6832.6,4.98836793750252,48,17,6832.6,3,4,4,344,Champions
14801.0,189.34,1,173,2011-10-09 15:24:00,2011-10-09 15:24:00,0.0,0.0,189.34,0.0,61,1,189.34,3,1,1,311,Potential Loyalists
14803.0,845.55,3,370,2011-02-20 13:21:00,2011-06-30 13:58:00,0.0,0.0,845.55,0.0,162,3,845.55,2,2,2,222,Regular Customers
14804.0,353.27,1,121,2011-12-01 11:20:00,2011-12-01 11:20:00,0.0,0.0,353.27,0.0,9,1,353.27,4,1,2,412,Potential Loyalists
14805.0,1082.55,7,416,2010-03-28 12:34:00,2011-11-24 16:20:00,0.0,0.0,1082.55,0.0,15,7,1082.55,4,4,3,443,Champions
14806.0,303.43,2,423,2010-09-26 15:50:00,2011-09-25 15:32:00,0.0,0.0,303.43,0.0,75,2,303.43,3,2,1,321,Potential Loyalists
14807.0,504.14,2,234,2010-02-28 11:33:00,2010-11-14 12:47:00,0.0,0.0,504.14,0.0,391,2,504.14,1,2,2,122,Lost Customers
14808.0,2718.6,8,2120,2011-06-20 12:53:00,2011-10-31 12:21:00,565.8,7.0,2152.8,20.81218274111675,40,8,2152.8,3,4,3,343,Champions
14809.0,686.76,2,232,2010-03-28 15:42:00,2010-03-28 15:44:00,0.0,0.0,686.76,0.0,621,2,686.76,1,2,2,122,Lost Customers
14810.0,2354.03,13,1162,2010-10-06 13:12:00,2011-10-30 11:19:00,0.0,0.0,2354.03,0.0,41,13,2354.03,3,4,4,344,Champions
14811.0,170.5,1,74,2010-11-17 13:09:00,2010-11-17 13:09:00,0.0,0.0,170.5,0.0,387,1,170.5,1,1,1,111,Lost Customers
14812.0,178.85,1,135,2010-04-20 12:13:00,2010-04-20 12:13:00,0.0,0.0,178.85,0.0,599,1,178.85,1,1,1,111,Lost Customers
14813.0,888.91,4,392,2010-04-08 11:49:00,2010-12-05 11:57:00,0.0,0.0,888.91,0.0,370,4,888.91,2,3,3,233,At Risk
14814.0,154.21,1,93,2010-05-07 14:10:00,2010-05-07 14:10:00,0.0,0.0,154.21,0.0,581,1,154.21,1,1,1,111,Lost Customers
14815.0,778.5,2,744,2011-10-03 11:36:00,2011-11-03 11:36:00,0.0,0.0,778.5,0.0,37,2,778.5,3,2,2,322,Potential Loyalists
14816.0,271.85,1,5,2011-05-26 13:16:00,2011-05-26 13:16:00,0.0,0.0,271.85,0.0,197,1,271.85,2,1,1,211,Regular Customers
14817.0,3959.86,7,2462,2010-03-22 12:10:00,2011-05-23 13:35:00,70.65,2.0,3889.21,1.7841539852419024,200,7,3889.21,2,4,4,244,At Risk
14818.0,1153.56,6,543,2010-03-02 12:48:00,2011-09-27 11:01:00,0.0,0.0,1153.56,0.0,74,6,1153.56,3,3,3,333,Champions
14819.0,456.41,4,170,2009-12-21 15:54:00,2011-10-06 13:41:00,0.0,0.0,456.41,0.0,64,4,456.41,3,3,2,332,Loyal Customers
14820.0,1274.76,9,724,2010-01-31 12:49:00,2011-11-18 15:41:00,0.0,0.0,1274.76,0.0,21,9,1274.76,4,4,3,443,Champions
14821.0,1230.15,7,459,2010-02-01 13:33:00,2010-12-08 08:43:00,0.0,0.0,1230.15,0.0,367,7,1230.15,2,4,3,243,At Risk
14822.0,157.70000000000002,1,94,2010-08-11 12:52:00,2010-08-11 12:52:00,0.0,0.0,157.70000000000002,0.0,485,1,157.70000000000002,1,1,1,111,Lost Customers
14823.0,321.43,3,88,2011-05-29 12:48:00,2011-06-12 13:12:00,0.0,0.0,321.43,0.0,180,3,321.43,2,2,1,221,Regular Customers
14824.0,4022.9100000000003,10,1954,2010-03-12 13:07:00,2011-11-29 14:20:00,70.4,2.0,3952.51,1.7499770066941593,10,10,3952.51,4,4,4,444,Champions
14825.0,4735.08,24,2774,2010-04-06 14:14:00,2011-12-06 11:38:00,38.8,3.0,4696.28,0.819415933838499,4,24,4696.28,4,4,4,444,Champions
14826.0,385.2,2,152,2010-01-13 13:08:00,2010-05-07 09:00:00,0.0,0.0,385.2,0.0,582,2,385.2,1,2,2,122,Lost Customers
14828.0,9839.460000000001,13,9718,2009-12-07 11:19:00,2011-05-27 10:16:00,36.0,1.0,9803.460000000001,0.36587373697337044,197,13,9803.460000000001,2,4,4,244,At Risk
14829.0,1455.8700000000001,7,957,2010-09-29 13:14:00,2011-11-10 16:16:00,52.9,2.0,1402.97,3.633566183793882,29,7,1402.97,3,4,3,343,Champions
14830.0,188.88,1,164,2011-10-17 14:29:00,2011-10-17 14:29:00,0.0,0.0,188.88,0.0,53,1,188.88,3,1,1,311,Potential Loyalists
14831.0,1676.57,3,885,2009-12-02 09:21:00,2010-01-28 14:31:00,52.6,4.0,1623.97,3.1373578198345435,680,3,1623.97,1,2,3,123,Lost Customers
14833.0,94.8,1,58,2010-07-29 10:06:00,2010-07-29 10:06:00,0.0,0.0,94.8,0.0,499,1,94.8,1,1,1,111,Lost Customers
14834.0,2206.16,7,872,2010-10-28 17:37:00,2011-11-22 10:30:00,21.95,2.0,2184.21,0.9949414367045002,18,7,2184.21,4,4,4,444,Champions
14835.0,297.0,2,180,2010-04-01 19:34:00,2010-06-29 10:08:00,3.9,1.0,293.1,1.3131313131313131,529,2,293.1,1,2,1,121,Lost Customers
14836.0,102.44999999999999,3,45,2011-11-09 13:26:00,2011-11-29 16:45:00,0.0,0.0,102.44999999999999,0.0,10,3,102.44999999999999,4,2,1,421,Potential Loyalists
14837.0,3460.32,9,3030,2010-01-24 10:20:00,2011-09-11 10:58:00,14.5,3.0,3445.82,0.4190363896980626,90,9,3445.82,3,4,4,344,Champions
14838.0,769.9200000000001,2,361,2009-12-03 09:52:00,2010-10-12 15:46:00,0.0,0.0,769.9200000000001,0.0,423,2,769.9200000000001,1,2,2,122,Lost Customers
14839.0,915.28,3,927,2010-01-04 16:29:00,2010-10-17 13:01:00,0.0,0.0,915.28,0.0,418,3,915.28,1,2,3,123,Lost Customers
14840.0,362.71,2,179,2010-06-18 15:42:00,2011-03-17 12:00:00,22.5,1.0,340.21,6.203302914173858,268,2,340.21,2,2,2,222,Regular Customers
14841.0,7163.0,14,4164,2009-12-02 16:49:00,2011-10-17 15:03:00,0.0,0.0,7163.0,0.0,53,14,7163.0,3,4,4,344,Champions
14842.0,2824.69,4,1166,2011-02-04 15:32:00,2011-10-27 12:37:00,367.89,4.0,2456.8,13.024084058781671,44,4,2456.8,3,3,4,334,Champions
14843.0,211.79999999999998,1,132,2010-09-29 12:39:00,2010-09-29 12:39:00,0.0,0.0,211.79999999999998,0.0,437,1,211.79999999999998,1,1,1,111,Lost Customers
14844.0,6702.43,10,4369,2010-04-12 12:50:00,2011-10-07 10:41:00,14.0,2.0,6688.43,0.20887946610408464,64,10,6688.43,3,4,4,344,Champions
14845.0,150.0,1,600,2010-04-19 10:19:00,2010-04-19 10:19:00,0.0,0.0,150.0,0.0,600,1,150.0,1,1,1,111,Lost Customers
14846.0,437.4,1,193,2010-10-08 17:07:00,2010-10-08 17:07:00,30.599999999999998,1.0,406.79999999999995,6.995884773662551,427,1,406.79999999999995,1,1,2,112,Lost Customers
14847.0,1348.95,3,533,2010-05-24 12:29:00,2011-07-14 10:52:00,28.35,1.0,1320.6000000000001,2.1016346046925385,149,3,1320.6000000000001,2,2,3,223,Regular Customers
14848.0,310.56,1,260,2010-10-31 12:22:00,2010-10-31 12:22:00,0.0,0.0,310.56,0.0,405,1,310.56,1,1,1,111,Lost Customers
14849.0,15407.61,43,11838,2010-01-10 11:40:00,2011-11-18 10:58:00,221.01,7.0,15186.6,1.4344210425886947,22,43,15186.6,4,4,4,444,Champions
14850.0,1770.96,7,1393,2010-05-20 13:28:00,2011-02-01 11:21:00,171.2,2.0,1599.76,9.667073225821023,312,7,1599.76,2,4,3,243,At Risk
14851.0,829.4100000000001,3,631,2010-03-19 11:52:00,2011-11-16 14:20:00,0.0,0.0,829.4100000000001,0.0,23,3,829.4100000000001,4,2,2,422,Potential Loyalists
14852.0,6132.43,18,4366,2010-03-05 14:51:00,2011-10-12 13:20:00,23.549999999999997,3.0,6108.88,0.38402395135370476,58,18,6108.88,3,4,4,344,Champions
14853.0,1376.87,5,345,2010-04-13 09:26:00,2011-11-15 16:56:00,25.5,2.0,1351.37,1.852026698235854,24,5,1351.37,4,3,3,433,Champions
14854.0,4303.06,11,2987,2010-01-22 09:48:00,2011-09-22 17:00:00,20.689999999999998,3.0,4282.370000000001,0.4808206253224449,78,11,4282.370000000001,3,4,4,344,Champions
14855.0,6520.3,7,3510,2010-04-08 10:30:00,2011-08-12 14:02:00,0.0,0.0,6520.3,0.0,119,7,6520.3,2,4,4,244,At Risk
14856.0,1290.53,3,711,2011-10-14 09:35:00,2011-11-03 14:53:00,0.0,0.0,1290.53,0.0,36,3,1290.53,3,2,3,323,Potential Loyalists
14857.0,3651.851,7,2081,2010-03-15 11:00:00,2011-10-11 09:23:00,72.92,3.0,3578.931,1.9967955976298049,60,7,3578.931,3,4,4,344,Champions
14858.0,180.75,1,105,2010-07-22 10:51:00,2010-07-22 10:51:00,0.0,0.0,180.75,0.0,506,1,180.75,1,1,1,111,Lost Customers
14859.0,1705.64,5,888,2010-06-03 10:26:00,2011-11-27 11:18:00,1.7,1.0,1703.94,0.0996693323327314,13,5,1703.94,4,3,3,433,Champions
14860.0,170.32,1,232,2011-11-20 14:17:00,2011-11-20 14:17:00,1.7,1.0,168.62,0.9981211836542978,19,1,168.62,4,1,1,411,Potential Loyalists
14861.0,1380.73,10,1076,2009-12-08 12:12:00,2011-10-18 12:54:00,62.33,4.0,1318.4,4.514278678669979,52,10,1318.4,3,4,3,343,Champions
14862.0,841.1999999999999,2,772,2011-07-14 11:20:00,2011-11-14 10:01:00,0.0,0.0,841.1999999999999,0.0,26,2,841.1999999999999,3,2,2,322,Potential Loyalists
14863.0,266.76,1,132,2011-11-10 15:04:00,2011-11-10 15:04:00,0.0,0.0,266.76,0.0,29,1,266.76,3,1,1,311,Potential Loyalists
14865.0,92.52000000000001,4,204,2009-12-01 16:05:00,2011-12-02 16:25:00,0.0,0.0,92.52000000000001,0.0,7,4,92.52000000000001,4,3,1,431,Loyal Customers
14866.0,20746.54,19,9089,2010-08-26 11:54:00,2011-11-29 11:45:00,192.45000000000002,1.0,20554.09,0.9276245581190887,11,19,20554.09,4,4,4,444,Champions
14867.0,2952.06,16,996,2009-12-05 15:47:00,2011-06-07 11:39:00,41.65,3.0,2910.41,1.410879182672439,186,16,2910.41,2,4,4,244,At Risk
14868.0,4184.01,12,2230,2010-10-15 14:52:00,2011-12-06 14:49:00,13.95,1.0,4170.06,0.3334122050377508,3,12,4170.06,4,4,4,444,Champions
14869.0,2778.14,6,2130,2009-12-16 11:43:00,2011-12-01 12:36:00,27.439999999999998,3.0,2750.7,0.9877112024591992,9,6,2750.7,4,3,4,434,Champions
14870.0,1838.95,6,483,2010-01-25 09:05:00,2011-03-23 10:51:00,44.349999999999994,3.0,1794.6000000000001,2.4117023301340437,262,6,1794.6000000000001,2,3,3,233,At Risk
14871.0,1228.17,9,446,2009-12-01 11:57:00,2011-12-06 13:42:00,0.0,0.0,1228.17,0.0,3,9,1228.17,4,4,3,443,Champions
14872.0,816.6,3,662,2010-03-16 14:41:00,2010-08-13 12:34:00,13.919999999999998,1.0,802.6800000000001,1.7046289493019835,484,3,802.6800000000001,1,2,2,122,Lost Customers
14873.0,854.13,2,311,2010-03-16 10:51:00,2011-05-13 13:52:00,0.0,0.0,854.13,0.0,210,2,854.13,2,2,3,223,Regular Customers
14874.0,116.18,1,148,2010-06-22 14:58:00,2010-06-22 14:58:00,0.0,0.0,116.18,0.0,535,1,116.18,1,1,1,111,Lost Customers
14875.0,2862.4,3,1332,2010-09-24 10:28:00,2011-08-24 12:20:00,20.85,4.0,2841.55,0.7284097261039687,108,3,2841.55,2,2,4,224,Regular Customers
14876.0,256.7,2,162,2010-05-27 13:49:00,2010-07-06 14:57:00,0.0,0.0,256.7,0.0,521,2,256.7,1,2,1,121,Lost Customers
14877.0,425.85,2,168,2010-03-07 12:25:00,2010-10-17 13:09:00,0.0,0.0,425.85,0.0,418,2,425.85,1,2,2,122,Lost Customers
14878.0,4076.5,25,2416,2010-02-21 11:14:00,2011-11-27 11:15:00,293.02,3.0,3783.48,7.188028946400098,13,25,3783.48,4,4,4,444,Champions
14879.0,185.06,1,104,2010-01-24 11:35:00,2010-01-24 11:35:00,0.0,0.0,185.06,0.0,685,1,185.06,1,1,1,111,Lost Customers
14880.0,690.59,3,365,2011-02-24 12:27:00,2011-09-23 13:42:00,0.0,0.0,690.59,0.0,77,3,690.59,3,2,2,322,Potential Loyalists
14881.0,255.4,1,316,2011-11-20 11:06:00,2011-11-20 11:06:00,0.0,0.0,255.4,0.0,20,1,255.4,4,1,1,411,Potential Loyalists
14882.0,3546.65,14,1614,2010-03-30 15:02:00,2011-11-13 12:47:00,201.6,1.0,3345.05,5.684237237956944,27,14,3345.05,3,4,4,344,Champions
14883.0,761.59,6,790,2011-05-12 09:49:00,2011-11-21 10:23:00,4.95,1.0,756.64,0.6499560130779027,19,6,756.64,4,3,2,432,Loyal Customers
14884.0,120.6,1,72,2010-02-08 12:56:00,2010-02-08 12:56:00,0.0,0.0,120.6,0.0,669,1,120.6,1,1,1,111,Lost Customers
14885.0,1598.12,3,1308,2010-08-31 10:11:00,2011-07-31 12:05:00,102.0,1.0,1496.12,6.382499436838285,132,3,1496.12,2,2,3,223,Regular Customers
14886.0,364.8,1,160,2011-04-01 08:56:00,2011-04-01 08:56:00,0.0,0.0,364.8,0.0,253,1,364.8,2,1,2,212,Regular Customers
14887.0,1862.0,1,1100,2011-09-21 15:32:00,2011-09-21 15:32:00,0.0,0.0,1862.0,0.0,79,1,1862.0,3,1,3,313,Potential Loyalists
14888.0,369.2,1,184,2011-05-16 14:58:00,2011-05-16 14:58:00,0.0,0.0,369.2,0.0,207,1,369.2,2,1,2,212,Regular Customers
14889.0,135.9,1,90,2011-01-07 15:19:00,2011-01-07 15:19:00,0.0,0.0,135.9,0.0,336,1,135.9,2,1,1,211,Regular Customers
14890.0,817.25,3,636,2010-02-18 09:00:00,2011-03-31 11:57:00,0.0,0.0,817.25,0.0,254,3,817.25,2,2,2,222,Regular Customers
14891.0,1106.73,4,788,2010-09-29 12:41:00,2011-07-14 18:08:00,0.0,0.0,1106.73,0.0,148,4,1106.73,2,3,3,233,At Risk
14892.0,202.35000000000002,1,79,2010-01-18 08:58:00,2010-01-18 08:58:00,0.0,0.0,202.35000000000002,0.0,691,1,202.35000000000002,1,1,1,111,Lost Customers
14893.0,1809.6100000000001,3,1047,2010-04-01 09:03:00,2011-11-30 12:31:00,27.35,3.0,1782.2600000000002,1.511375379225358,10,3,1782.2600000000002,4,2,3,423,Potential Loyalists
14894.0,1492.81,3,603,2009-12-02 10:42:00,2011-09-15 13:51:00,80.6,2.0,1412.21,5.399213563681915,85,3,1412.21,3,2,3,323,Potential Loyalists
14895.0,25119.54,38,10714,2009-12-10 14:22:00,2011-12-02 09:23:00,630.72,10.0,24488.82,2.5108740048583695,8,38,24488.82,4,4,4,444,Champions
14896.0,1826.0,8,931,2009-12-06 12:42:00,2011-05-19 10:20:00,98.7,2.0,1727.3,5.405257393209201,205,8,1727.3,2,4,3,243,At Risk
14897.0,3140.54,8,1162,2009-12-15 17:05:00,2011-12-02 10:32:00,39.8,1.0,3100.74,1.267297980602062,8,8,3100.74,4,4,4,444,Champions
14898.0,3365.95,14,2207,2009-12-03 16:40:00,2011-11-16 14:54:00,123.35000000000001,4.0,3242.6,3.6646414830879848,23,14,3242.6,4,4,4,444,Champions
14899.0,1331.38,1,570,2010-11-09 15:20:00,2010-11-09 15:20:00,0.0,0.0,1331.38,0.0,395,1,1331.38,1,1,3,113,Lost Customers
14900.0,13.919999999999998,1,48,2010-07-05 15:09:00,2010-07-05 15:09:00,0.0,0.0,13.919999999999998,0.0,522,1,13.919999999999998,1,1,1,111,Lost Customers
14901.0,1919.0,12,880,2010-07-29 11:11:00,2011-11-28 17:09:00,6.3,1.0,1912.7,0.32829598749348615,11,12,1912.7,4,4,3,443,Champions
14902.0,1035.6200000000001,3,716,2010-06-04 12:35:00,2011-11-14 10:34:00,35.35,2.0,1000.2700000000001,3.4134141866707863,26,3,1000.2700000000001,3,2,3,323,Potential Loyalists
14903.0,2795.33,5,1531,2011-03-06 11:50:00,2011-11-18 16:07:00,66.15,5.0,2729.18,2.3664468953576145,21,5,2729.18,4,3,4,434,Champions
14904.0,1630.49,4,2522,2010-10-08 12:48:00,2011-12-07 12:55:00,0.0,0.0,1630.49,0.0,2,4,1630.49,4,3,3,433,Champions
14905.0,1971.39,8,1009,2009-12-03 14:36:00,2011-07-05 12:41:00,31.7,2.0,1939.69,1.6080024754107507,158,8,1939.69,2,4,3,243,At Risk
14907.0,5547.72,16,2583,2010-04-16 13:40:00,2011-12-06 14:14:00,71.1,7.0,5476.62,1.2816075793298867,3,16,5476.62,4,4,4,444,Champions
14908.0,381.9,2,182,2010-09-02 16:39:00,2011-09-26 12:56:00,0.0,0.0,381.9,0.0,74,2,381.9,3,2,2,322,Potential Loyalists
14909.0,1404.68,3,888,2010-02-14 15:47:00,2010-09-28 16:56:00,23.7,2.0,1380.98,1.6872170173989804,437,3,1380.98,1,2,3,123,Lost Customers
14910.0,434.35,4,238,2011-10-16 11:06:00,2011-12-07 10:06:00,44.489999999999995,3.0,389.86,10.24289167721883,3,4,389.86,4,3,2,432,Loyal Customers
14911.0,291420.81,398,147972,2009-12-01 11:41:00,2011-12-08 15:54:00,25662.9,112.0,265757.91,8.806131586827997,1,398,265757.91,4,4,4,444,Champions
14912.0,1889.25,6,1819,2010-01-26 16:29:00,2011-11-23 09:20:00,1140.67,5.0,748.5799999999999,60.37686912796083,17,6,748.5799999999999,4,3,2,432,Loyal Customers
14913.0,4073.13,8,3955,2010-08-11 08:40:00,2011-11-04 08:29:00,0.0,0.0,4073.13,0.0,36,8,4073.13,3,4,4,344,Champions
14915.0,1811.25,11,707,2009-12-03 10:17:00,2011-09-09 13:34:00,58.599999999999994,2.0,1752.65,3.2353347135955826,91,11,1752.65,3,4,3,343,Champions
14916.0,3042.95,8,2415,2010-04-01 10:57:00,2011-09-30 09:20:00,154.73999999999998,3.0,2888.21,5.085196930610098,71,8,2888.21,3,4,4,344,Champions
14917.0,1123.75,2,891,2010-04-22 09:44:00,2010-04-22 11:28:00,0.0,0.0,1123.75,0.0,597,2,1123.75,1,2,3,123,Lost Customers
14918.0,5955.81,9,2551,2010-04-08 11:18:00,2011-08-16 11:50:00,0.0,0.0,5955.81,0.0,116,9,5955.81,2,4,4,244,At Risk
14919.0,359.35,1,129,2010-06-18 13:06:00,2010-06-18 13:06:00,0.0,0.0,359.35,0.0,539,1,359.35,1,1,2,112,Lost Customers
14920.0,1607.17,3,886,2010-05-23 15:25:00,2011-05-11 10:32:00,0.0,0.0,1607.17,0.0,213,3,1607.17,2,2,3,223,Regular Customers
14921.0,1316.07,2,953,2011-05-22 12:51:00,2011-11-09 13:17:00,0.0,0.0,1316.07,0.0,30,2,1316.07,3,2,3,323,Potential Loyalists
14922.0,843.74,2,376,2010-07-20 09:45:00,2010-11-11 11:14:00,0.0,0.0,843.74,0.0,394,2,843.74,1,2,2,122,Lost Customers
14923.0,749.1,1,418,2011-10-20 11:51:00,2011-10-20 11:51:00,0.0,0.0,749.1,0.0,51,1,749.1,3,1,2,312,Potential Loyalists
14924.0,931.01,3,312,2010-03-10 12:51:00,2011-04-08 09:25:00,0.0,0.0,931.01,0.0,246,3,931.01,2,2,3,223,Regular Customers
14926.0,359.4,2,204,2010-04-20 09:59:00,2010-11-23 07:13:00,21.75,1.0,337.65,6.051752921535893,382,2,337.65,1,2,2,122,Lost Customers
14927.0,308.2,1,196,2010-11-08 12:30:00,2010-11-08 12:30:00,0.0,0.0,308.2,0.0,397,1,308.2,1,1,1,111,Lost Customers
14928.0,223.91000000000003,1,268,2010-03-22 09:14:00,2010-03-22 09:14:00,19.450000000000003,1.0,204.46000000000004,8.686525836273503,628,1,204.46000000000004,1,1,1,111,Lost Customers
14929.0,836.69,2,487,2010-10-14 12:22:00,2011-11-07 17:21:00,0.0,0.0,836.69,0.0,32,2,836.69,3,2,2,322,Potential Loyalists
14930.0,5236.7300000000005,6,2193,2010-04-12 11:22:00,2011-08-23 10:31:00,109.99000000000001,3.0,5126.740000000001,2.1003565201948544,109,6,5126.740000000001,2,3,4,234,At Risk
14931.0,1257.68,5,417,2011-04-13 09:32:00,2011-12-05 10:19:00,293.0,1.0,964.6800000000001,23.2968640671713,5,5,964.6800000000001,4,3,3,433,Champions
14932.0,666.13,2,257,2010-11-19 09:16:00,2010-12-09 11:48:00,0.0,0.0,666.13,0.0,366,2,666.13,2,2,2,222,Regular Customers
14933.0,1770.0,4,600,2010-09-21 17:29:00,2010-09-22 10:47:00,885.0,1.0,885.0,50.0,444,4,885.0,1,3,3,133,At Risk
14934.0,3503.5,5,2100,2010-09-24 12:08:00,2011-09-19 10:10:00,1059.4,4.0,2444.1,30.238333095475955,82,5,2444.1,3,3,4,334,Champions
14935.0,2849.83,2,1931,2010-03-30 11:48:00,2011-02-15 14:44:00,0.0,0.0,2849.83,0.0,297,2,2849.83,2,2,4,224,Regular Customers
14936.0,12410.81,12,6274,2010-05-05 12:26:00,2011-11-06 10:30:00,32.349999999999994,2.0,12378.46,0.2606598602347469,34,12,12378.46,3,4,4,344,Champions
14937.0,1621.88,3,484,2011-08-01 14:16:00,2011-10-14 12:29:00,4.25,1.0,1617.63,0.26204158137470096,57,3,1617.63,3,2,3,323,Potential Loyalists
14938.0,2322.43,2,1369,2010-05-26 13:35:00,2010-05-26 13:38:00,33.0,2.0,2289.43,1.4209254961398192,562,2,2289.43,1,2,4,124,Lost Customers
14940.0,531.49,2,384,2009-12-06 15:46:00,2010-10-18 10:47:00,0.0,0.0,531.49,0.0,418,2,531.49,1,2,2,122,Lost Customers
14941.0,182.1,1,80,2010-05-10 11:30:00,2010-05-10 11:30:00,0.0,0.0,182.1,0.0,579,1,182.1,1,1,1,111,Lost Customers
14942.0,746.56,4,354,2009-12-10 10:32:00,2010-11-03 10:51:00,40.0,1.0,706.56,5.3579082726103735,402,4,706.56,1,3,2,132,Regular Customers
14943.0,107.62,1,46,2010-02-14 16:04:00,2010-02-14 16:04:00,0.0,0.0,107.62,0.0,663,1,107.62,1,1,1,111,Lost Customers
14944.0,9784.67,19,4864,2010-02-17 08:47:00,2011-11-10 09:10:00,109.75,5.0,9674.92,1.1216525442350125,30,19,9674.92,3,4,4,344,Champions
14945.0,179.4,1,156,2010-10-22 11:26:00,2010-10-22 11:26:00,0.0,0.0,179.4,0.0,414,1,179.4,1,1,1,111,Lost Customers
14946.0,100.9,1,22,2011-11-25 13:33:00,2011-11-25 13:33:00,0.0,0.0,100.9,0.0,14,1,100.9,4,1,1,411,Potential Loyalists
14947.0,1049.79,6,416,2010-03-25 11:29:00,2011-09-28 15:48:00,0.0,0.0,1049.79,0.0,72,6,1049.79,3,3,3,333,Champions
14948.0,1101.97,6,673,2011-05-04 14:52:00,2011-11-16 17:16:00,35.400000000000006,1.0,1066.57,3.2124286505077273,23,6,1066.57,4,3,3,433,Champions
14949.0,515.0,4,250,2009-12-18 15:28:00,2010-08-27 15:38:00,16.45,2.0,498.55,3.194174757281553,469,4,498.55,1,3,2,132,Regular Customers
14950.0,371.2,1,136,2011-11-20 13:48:00,2011-11-20 13:48:00,9.95,1.0,361.25,2.680495689655172,19,1,361.25,4,1,2,412,Potential Loyalists
14951.0,311.69,1,311,2011-09-21 15:15:00,2011-09-21 15:15:00,0.0,0.0,311.69,0.0,79,1,311.69,3,1,1,311,Potential Loyalists
14952.0,17629.35,32,6977,2009-12-03 15:34:00,2011-10-11 10:33:00,282.09999999999997,11.0,17347.25,1.6001724397099153,60,32,17347.25,3,4,4,344,Champions
14953.0,971.32,4,1014,2010-09-30 12:16:00,2011-11-14 14:59:00,8.4,1.0,962.9200000000001,0.8648025367541078,25,4,962.9200000000001,4,3,3,433,Champions
14954.0,462.12,2,209,2010-01-05 16:38:00,2011-11-27 14:30:00,0.0,0.0,462.12,0.0,12,2,462.12,4,2,2,422,Potential Loyalists
14955.0,163.77,1,74,2009-12-07 11:35:00,2009-12-07 11:35:00,0.0,0.0,163.77,0.0,733,1,163.77,1,1,1,111,Lost Customers
14956.0,1325.0,1,2500,2010-10-14 16:40:00,2010-10-14 16:40:00,0.0,0.0,1325.0,0.0,421,1,1325.0,1,1,3,113,Lost Customers
14957.0,261.69,2,97,2010-03-05 10:50:00,2011-03-31 17:59:00,0.0,0.0,261.69,0.0,253,2,261.69,2,2,1,221,Regular Customers
14958.0,941.99,6,248,2009-12-03 16:02:00,2011-07-15 14:20:00,0.0,0.0,941.99,0.0,147,6,941.99,2,3,3,233,At Risk
14959.0,695.42,4,494,2011-02-16 13:00:00,2011-10-06 18:23:00,10.45,1.0,684.9699999999999,1.5026890224612466,64,4,684.9699999999999,3,3,2,332,Loyal Customers
14960.0,221.27,2,221,2011-06-21 13:38:00,2011-12-01 12:54:00,0.0,0.0,221.27,0.0,8,2,221.27,4,2,1,421,Potential Loyalists
14961.0,16410.15,22,8372,2009-12-04 11:32:00,2011-11-29 09:42:00,81.25,6.0,16328.900000000001,0.49512039804633107,11,22,16328.900000000001,4,4,4,444,Champions
14962.0,366.91,4,123,2010-05-04 14:57:00,2011-03-14 09:42:00,0.0,0.0,366.91,0.0,271,4,366.91,2,3,2,232,Regular Customers
14963.0,3123.57,12,2287,2010-07-02 12:43:00,2011-11-30 12:16:00,5.85,1.0,3117.7200000000003,0.18728570193720645,10,12,3117.7200000000003,4,4,4,444,Champions
14964.0,206.21,1,143,2011-04-06 14:13:00,2011-04-06 14:13:00,0.0,0.0,206.21,0.0,247,1,206.21,2,1,1,211,Regular Customers
14965.0,596.09,2,363,2011-09-04 13:15:00,2011-09-04 13:20:00,0.0,0.0,596.09,0.0,96,2,596.09,2,2,2,222,Regular Customers
14966.0,1064.26,6,1060,2009-12-15 13:48:00,2011-11-25 12:20:00,0.0,0.0,1064.26,0.0,15,6,1064.26,4,3,3,433,Champions
14967.0,1982.6100000000001,6,652,2009-12-03 14:07:00,2011-10-21 11:06:00,302.09,1.0,1680.5200000000002,15.236985589702462,50,6,1680.5200000000002,3,3,3,333,Champions
14968.0,501.24,2,257,2010-09-07 13:28:00,2011-11-09 13:58:00,0.0,0.0,501.24,0.0,30,2,501.24,3,2,2,322,Potential Loyalists
14969.0,906.23,1,665,2010-01-05 12:43:00,2010-01-05 12:43:00,0.0,0.0,906.23,0.0,704,1,906.23,1,1,3,113,Lost Customers
14970.0,4919.35,12,982,2010-02-14 13:37:00,2011-10-02 13:44:00,1325.95,4.0,3593.4000000000005,26.953764216817262,68,12,3593.4000000000005,3,4,4,344,Champions
14971.0,1097.98,3,639,2011-10-27 13:33:00,2011-11-04 17:07:00,0.0,0.0,1097.98,0.0,35,3,1097.98,3,2,3,323,Potential Loyalists
14972.0,145.07,2,40,2010-11-23 16:17:00,2011-08-03 14:54:00,0.0,0.0,145.07,0.0,128,2,145.07,2,2,1,221,Regular Customers
14973.0,1314.45,3,369,2011-04-28 12:22:00,2011-08-24 15:51:00,0.0,0.0,1314.45,0.0,107,3,1314.45,2,2,3,223,Regular Customers
14974.0,89.94,1,37,2011-11-02 13:01:00,2011-11-02 13:01:00,0.0,0.0,89.94,0.0,37,1,89.94,3,1,1,311,Potential Loyalists
14975.0,472.39,2,507,2010-10-14 14:11:00,2011-10-13 14:08:00,0.0,0.0,472.39,0.0,57,2,472.39,3,2,2,322,Potential Loyalists
14976.0,790.86,7,234,2011-01-17 11:09:00,2011-10-13 16:37:00,25.0,1.0,765.86,3.1611157474142075,57,7,765.86,3,4,2,342,Loyal Customers
14977.0,31.929999999999996,1,17,2009-12-14 10:37:00,2009-12-14 10:37:00,0.0,0.0,31.929999999999996,0.0,726,1,31.929999999999996,1,1,1,111,Lost Customers
14978.0,3112.19,10,736,2010-04-28 10:50:00,2011-09-28 13:07:00,35.8,2.0,3076.39,1.1503153727760835,72,10,3076.39,3,4,4,344,Champions
14979.0,429.66,1,209,2009-12-04 12:54:00,2009-12-04 12:54:00,0.0,0.0,429.66,0.0,735,1,429.66,1,1,2,112,Lost Customers
14980.0,150.68,1,79,2009-12-02 14:09:00,2009-12-02 14:09:00,0.0,0.0,150.68,0.0,737,1,150.68,1,1,1,111,Lost Customers
14981.0,372.92,2,241,2010-10-12 11:04:00,2011-04-07 13:45:00,59.400000000000006,1.0,313.52,15.928349243805643,246,2,313.52,2,2,1,221,Regular Customers
14982.0,237.78,1,125,2010-05-16 15:52:00,2010-05-16 15:52:00,0.0,0.0,237.78,0.0,572,1,237.78,1,1,1,111,Lost Customers
14983.0,183.20000000000002,1,90,2010-01-19 17:32:00,2010-01-19 17:32:00,0.0,0.0,183.20000000000002,0.0,689,1,183.20000000000002,1,1,1,111,Lost Customers
14984.0,1260.51,6,348,2010-01-11 13:22:00,2011-11-20 14:28:00,0.0,0.0,1260.51,0.0,19,6,1260.51,4,3,3,433,Champions
14985.0,292.01,2,256,2010-12-16 19:51:00,2011-05-25 14:29:00,0.0,0.0,292.01,0.0,198,2,292.01,2,2,1,221,Regular Customers
14986.0,563.1,2,338,2010-01-24 15:54:00,2010-11-28 15:25:00,0.0,0.0,563.1,0.0,376,2,563.1,2,2,2,222,Regular Customers
14987.0,1550.6499999999999,8,607,2009-12-02 14:56:00,2011-11-24 09:59:00,81.6,1.0,1469.05,5.262309354141811,16,8,1469.05,4,4,3,443,Champions
14988.0,2038.65,7,1260,2010-04-16 13:34:00,2011-05-12 12:05:00,0.0,0.0,2038.65,0.0,212,7,2038.65,2,4,3,243,At Risk
14989.0,342.4,1,200,2010-02-16 10:40:00,2010-02-16 10:40:00,0.0,0.0,342.4,0.0,662,1,342.4,1,1,2,112,Lost Customers
14990.0,304.17,2,129,2009-12-09 13:31:00,2010-04-06 13:54:00,0.0,0.0,304.17,0.0,612,2,304.17,1,2,1,121,Lost Customers
14991.0,314.67,1,191,2010-10-05 13:01:00,2010-10-05 13:01:00,0.0,0.0,314.67,0.0,430,1,314.67,1,1,1,111,Lost Customers
14992.0,210.5,1,145,2010-09-23 17:48:00,2010-09-23 17:48:00,0.0,0.0,210.5,0.0,442,1,210.5,1,1,1,111,Lost Customers
14993.0,36.13,1,21,2010-05-25 12:47:00,2010-05-25 12:47:00,0.0,0.0,36.13,0.0,564,1,36.13,1,1,1,111,Lost Customers
14994.0,946.72,5,568,2010-03-26 14:16:00,2010-11-22 12:59:00,74.3,3.0,872.4200000000001,7.848149400033801,382,5,872.4200000000001,1,3,3,133,At Risk
14995.0,231.98000000000002,2,102,2011-03-04 13:14:00,2011-11-01 11:39:00,0.0,0.0,231.98000000000002,0.0,39,2,231.98000000000002,3,2,1,321,Potential Loyalists
14996.0,442.28999999999996,2,404,2010-08-15 13:41:00,2010-08-15 13:44:00,0.0,0.0,442.28999999999996,0.0,481,2,442.28999999999996,1,2,2,122,Lost Customers
14997.0,776.5999999999999,4,1408,2010-02-22 12:11:00,2011-10-24 13:28:00,5.22,1.0,771.3799999999999,0.6721607004893124,46,4,771.3799999999999,3,3,2,332,Loyal Customers
14998.0,753.18,4,352,2010-04-13 16:07:00,2011-06-22 17:30:00,0.0,0.0,753.18,0.0,170,4,753.18,2,3,2,232,Regular Customers
14999.0,129.48000000000002,1,88,2010-04-26 10:47:00,2010-04-26 10:47:00,0.0,0.0,129.48000000000002,0.0,593,1,129.48000000000002,1,1,1,111,Lost Customers
15000.0,490.52,1,218,2011-10-23 11:42:00,2011-10-23 11:42:00,0.0,0.0,490.52,0.0,48,1,490.52,3,1,2,312,Potential Loyalists
15001.0,199.10999999999999,2,70,2010-11-10 13:31:00,2010-11-10 13:51:00,0.0,0.0,199.10999999999999,0.0,394,2,199.10999999999999,1,2,1,121,Lost Customers
15002.0,4138.08,9,2214,2010-01-12 11:40:00,2011-08-16 10:44:00,0.0,0.0,4138.08,0.0,116,9,4138.08,2,4,4,244,At Risk
15003.0,1027.03,6,525,2010-01-26 13:04:00,2010-08-23 15:44:00,5.0,1.0,1022.03,0.486840695987459,473,6,1022.03,1,3,3,133,At Risk
15004.0,1220.77,1,623,2011-07-15 14:05:00,2011-07-15 14:05:00,0.0,0.0,1220.77,0.0,147,1,1220.77,2,1,3,213,Regular Customers
15005.0,13754.58,56,8666,2009-12-01 14:19:00,2011-11-24 12:25:00,341.68,20.0,13412.9,2.484118017416744,16,56,13412.9,4,4,4,444,Champions
15006.0,757.78,2,387,2010-09-12 13:03:00,2011-10-19 15:08:00,0.0,0.0,757.78,0.0,51,2,757.78,3,2,2,322,Potential Loyalists
15007.0,156.91,1,69,2011-07-03 16:00:00,2011-07-03 16:00:00,0.0,0.0,156.91,0.0,159,1,156.91,2,1,1,211,Regular Customers
15008.0,360.0,2,1500,2010-03-12 11:13:00,2010-08-16 13:09:00,0.0,0.0,360.0,0.0,480,2,360.0,1,2,2,122,Lost Customers
15009.0,1259.43,3,639,2011-11-14 17:40:00,2011-11-27 13:35:00,0.0,0.0,1259.43,0.0,12,3,1259.43,4,2,3,423,Potential Loyalists
15010.0,308.94,1,184,2011-11-04 12:42:00,2011-11-04 12:42:00,0.0,0.0,308.94,0.0,36,1,308.94,3,1,1,311,Potential Loyalists
15011.0,416.6,2,289,2010-10-19 12:05:00,2010-11-09 11:10:00,0.0,0.0,416.6,0.0,396,2,416.6,1,2,2,122,Lost Customers
15012.0,646.26,3,383,2010-05-12 11:49:00,2011-10-17 12:22:00,0.0,0.0,646.26,0.0,54,3,646.26,3,2,2,322,Potential Loyalists
15013.0,1610.82,10,1715,2010-01-31 12:15:00,2010-08-09 12:05:00,0.0,0.0,1610.82,0.0,488,10,1610.82,1,4,3,143,At Risk
15014.0,257.67,2,149,2011-06-16 19:40:00,2011-10-27 20:07:00,0.0,0.0,257.67,0.0,43,2,257.67,3,2,1,321,Potential Loyalists
15015.0,2354.97,13,1584,2009-12-14 14:46:00,2010-07-26 13:50:00,89.2,7.0,2265.77,3.787734026335792,501,13,2265.77,1,4,4,144,At Risk
15016.0,620.89,5,243,2010-06-14 13:06:00,2011-06-20 12:06:00,8.0,1.0,612.89,1.2884729984377266,173,5,612.89,2,3,2,232,Regular Customers
15017.0,125.58,1,63,2011-11-06 10:33:00,2011-11-06 10:33:00,0.0,0.0,125.58,0.0,34,1,125.58,3,1,1,311,Potential Loyalists
15018.0,496.21000000000004,3,189,2010-12-07 10:47:00,2011-11-01 12:47:00,39.95,1.0,456.26000000000005,8.051026783015255,39,3,456.26000000000005,3,2,2,322,Potential Loyalists
15019.0,252.81,1,150,2011-03-18 12:35:00,2011-03-18 12:35:00,0.0,0.0,252.81,0.0,267,1,252.81,2,1,1,211,Regular Customers
15020.0,198.47,1,111,2010-11-25 13:29:00,2010-11-25 13:29:00,0.0,0.0,198.47,0.0,379,1,198.47,2,1,1,211,Regular Customers
15021.0,2500.59,12,1079,2010-07-29 16:35:00,2011-12-01 11:53:00,78.24000000000001,5.0,2422.3500000000004,3.128861588665075,9,12,2422.3500000000004,4,4,4,444,Champions
15022.0,1133.44,5,640,2010-01-31 16:02:00,2011-11-28 12:35:00,0.0,0.0,1133.44,0.0,12,5,1133.44,4,3,3,433,Champions
15023.0,11578.65,20,4758,2010-02-03 15:45:00,2011-12-06 17:23:00,78.49000000000001,3.0,11500.16,0.677885591152682,3,20,11500.16,4,4,4,444,Champions
15024.0,3559.39,16,1924,2010-10-11 16:14:00,2011-11-30 12:06:00,0.0,0.0,3559.39,0.0,10,16,3559.39,4,4,4,444,Champions
15025.0,979.79,2,503,2010-05-20 13:28:00,2011-11-06 15:20:00,0.0,0.0,979.79,0.0,33,2,979.79,3,2,3,323,Potential Loyalists
15026.0,1048.8899999999999,5,655,2010-09-17 13:52:00,2011-09-20 13:52:00,0.0,0.0,1048.8899999999999,0.0,80,5,1048.8899999999999,3,3,3,333,Champions
15027.0,3195.6,10,2782,2010-03-25 14:39:00,2011-11-09 10:16:00,221.55999999999997,3.0,2974.04,6.933283264488671,31,10,2974.04,3,4,4,344,Champions
15028.0,962.94,6,673,2010-11-10 14:32:00,2011-12-01 14:06:00,0.0,0.0,962.94,0.0,8,6,962.94,4,3,3,433,Champions
15029.0,365.1,1,234,2010-03-30 12:16:00,2010-03-30 12:16:00,2.95,1.0,362.15000000000003,0.8079978088195016,620,1,362.15000000000003,1,1,2,112,Lost Customers
15030.0,1979.91,8,1225,2010-03-04 17:10:00,2011-09-29 10:50:00,15.25,1.0,1964.66,0.7702370309761554,72,8,1964.66,3,4,3,343,Champions
15031.0,3102.94,14,1576,2009-12-08 13:38:00,2011-12-05 14:19:00,299.21000000000004,2.0,2803.73,9.64279038589209,4,14,2803.73,4,4,4,444,Champions
15032.0,11010.05,8,6601,2009-12-10 15:27:00,2011-03-28 15:03:00,495.0,2.0,10515.05,4.495892389226207,256,8,10515.05,2,4,4,244,At Risk
15033.0,2557.18,10,1672,2011-01-14 13:28:00,2011-12-05 12:40:00,15.65,1.0,2541.5299999999997,0.6120022837657108,5,10,2541.5299999999997,4,4,4,444,Champions
15034.0,8231.2,14,4748,2010-05-11 13:30:00,2011-11-24 12:11:00,30.95,3.0,8200.25,0.3760083584410535,16,14,8200.25,4,4,4,444,Champions
15035.0,252.73000000000002,1,245,2011-09-11 11:08:00,2011-09-11 11:08:00,0.0,0.0,252.73000000000002,0.0,90,1,252.73000000000002,3,1,1,311,Potential Loyalists
15036.0,429.56,3,316,2011-06-13 12:19:00,2011-09-28 15:42:00,0.0,0.0,429.56,0.0,72,3,429.56,3,2,2,322,Potential Loyalists
15037.0,397.76,2,298,2010-11-28 12:14:00,2010-11-28 13:05:00,0.0,0.0,397.76,0.0,376,2,397.76,2,2,2,222,Regular Customers
15038.0,1146.53,9,381,2010-10-10 14:35:00,2011-10-12 11:33:00,39.9,1.0,1106.6299999999999,3.480065938091458,59,9,1106.6299999999999,3,4,3,343,Champions
15039.0,39141.48,93,17780,2009-12-10 11:39:00,2011-11-30 11:31:00,288.44,14.0,38853.04,0.7369164374980199,10,93,38853.04,4,4,4,444,Champions
15040.0,7.49,1,1,2010-06-16 11:40:00,2010-06-16 11:40:00,0.0,0.0,7.49,0.0,542,1,7.49,1,1,1,111,Lost Customers
15041.0,289.4,2,194,2010-09-21 13:16:00,2011-06-22 16:16:00,0.0,0.0,289.4,0.0,170,2,289.4,2,2,1,221,Regular Customers
15042.0,315.45,2,238,2010-04-23 14:01:00,2011-05-24 16:25:00,0.0,0.0,315.45,0.0,199,2,315.45,2,2,1,221,Regular Customers
15043.0,2870.3199999999997,6,1019,2010-06-24 15:50:00,2011-11-08 14:26:00,0.0,0.0,2870.3199999999997,0.0,31,6,2870.3199999999997,3,3,4,334,Champions
15044.0,16024.15,35,5241,2009-12-16 15:13:00,2011-11-20 13:20:00,362.8,12.0,15661.35,2.264082650249779,19,35,15661.35,4,4,4,444,Champions
15045.0,735.66,2,114,2011-03-27 11:44:00,2011-07-11 11:33:00,102.0,1.0,633.66,13.865100725878804,152,2,633.66,2,2,2,222,Regular Customers
15046.0,7623.79,25,4585,2010-01-14 14:29:00,2011-11-30 15:50:00,229.01,3.0,7394.78,3.0038865183852126,9,25,7394.78,4,4,4,444,Champions
15047.0,343.62,1,222,2011-03-15 10:49:00,2011-03-15 10:49:00,0.0,0.0,343.62,0.0,270,1,343.62,2,1,2,212,Regular Customers
15048.0,381.0,4,192,2010-12-06 12:15:00,2011-10-05 14:55:00,3.4799999999999995,1.0,377.52,0.9133858267716535,65,4,377.52,3,3,2,332,Loyal Customers
15049.0,121.17000000000002,1,63,2011-03-11 12:13:00,2011-03-11 12:13:00,0.0,0.0,121.17000000000002,0.0,274,1,121.17000000000002,2,1,1,211,Regular Customers
15050.0,4087.19,5,2600,2010-08-16 12:00:00,2011-11-14 16:17:00,54.919999999999995,2.0,4032.27,1.3437104710081986,25,5,4032.27,4,3,4,434,Champions
15051.0,3926.91,9,3052,2009-12-01 13:29:00,2011-11-16 15:38:00,15.0,1.0,3911.91,0.3819797245162227,23,9,3911.91,4,4,4,444,Champions
15052.0,207.73000000000002,1,79,2011-01-24 15:52:00,2011-01-24 15:52:00,0.0,0.0,207.73000000000002,0.0,319,1,207.73000000000002,2,1,1,211,Regular Customers
15053.0,693.95,3,984,2011-03-03 12:06:00,2011-12-05 12:08:00,0.0,0.0,693.95,0.0,5,3,693.95,4,2,2,422,Potential Loyalists
15054.0,302.1,2,198,2011-10-30 14:33:00,2011-11-27 15:02:00,0.0,0.0,302.1,0.0,12,2,302.1,4,2,1,421,Potential Loyalists
15055.0,549.12,3,225,2009-12-16 15:48:00,2010-08-22 11:06:00,0.0,0.0,549.12,0.0,475,3,549.12,1,2,2,122,Lost Customers
15056.0,113.64999999999999,1,69,2010-07-07 15:58:00,2010-07-07 15:58:00,0.0,0.0,113.64999999999999,0.0,520,1,113.64999999999999,1,1,1,111,Lost Customers
15057.0,3255.96,5,1394,2009-12-05 15:27:00,2011-03-09 15:17:00,71.4,1.0,3184.56,2.1929016326981907,275,5,3184.56,2,3,4,234,At Risk
15058.0,3387.58,16,1645,2010-02-24 14:07:00,2011-11-14 14:57:00,32.849999999999994,1.0,3354.73,0.9697187963088694,25,16,3354.73,4,4,4,444,Champions
15059.0,3491.2,19,1599,2009-12-06 12:17:00,2011-10-30 11:35:00,95.95,8.0,3395.25,2.748338680109991,41,19,3395.25,3,4,4,344,Champions
15060.0,294.25,4,257,2011-11-30 14:03:00,2011-12-01 13:47:00,0.0,0.0,294.25,0.0,8,4,294.25,4,3,1,431,Loyal Customers
15061.0,126389.02,127,74280,2009-12-01 12:18:00,2011-12-06 12:06:00,1427.04,11.0,124961.98000000001,1.1290854221355622,4,127,124961.98000000001,4,4,4,444,Champions
15062.0,2585.62,8,1872,2010-04-08 15:41:00,2011-09-29 16:51:00,0.0,0.0,2585.62,0.0,71,8,2585.62,3,4,4,344,Champions
15063.0,370.79999999999995,1,56,2011-05-10 13:25:00,2011-05-10 13:25:00,0.0,0.0,370.79999999999995,0.0,213,1,370.79999999999995,2,1,2,212,Regular Customers
15064.0,1254.41,4,810,2009-12-22 16:17:00,2010-10-25 14:32:00,0.0,0.0,1254.41,0.0,410,4,1254.41,1,3,3,133,At Risk
15065.0,3326.86,5,1446,2010-10-25 09:13:00,2011-11-02 09:45:00,22.15,2.0,3304.71,0.6657929699476383,38,5,3304.71,3,3,4,334,Champions
15066.0,893.59,1,317,2011-10-17 13:25:00,2011-10-17 13:25:00,133.0,1.0,760.59,14.883783390593,53,1,760.59,3,1,2,312,Potential Loyalists
15067.0,3862.88,5,2151,2010-04-11 15:54:00,2011-09-22 13:20:00,12.75,1.0,3850.13,0.33006461500227813,78,5,3850.13,3,3,4,334,Champions
15068.0,1174.9,4,832,2010-03-28 13:18:00,2011-10-24 14:47:00,0.0,0.0,1174.9,0.0,46,4,1174.9,3,3,3,333,Champions
15069.0,1109.53,1,520,2011-06-13 14:16:00,2011-06-13 14:16:00,0.0,0.0,1109.53,0.0,179,1,1109.53,2,1,3,213,Regular Customers
15070.0,737.0500000000001,3,339,2009-12-15 13:49:00,2010-12-02 11:23:00,0.0,0.0,737.0500000000001,0.0,373,3,737.0500000000001,2,2,2,222,Regular Customers
15071.0,1455.56,4,416,2010-05-18 12:45:00,2011-09-07 11:43:00,0.0,0.0,1455.56,0.0,94,4,1455.56,3,3,3,333,Champions
15072.0,187.51999999999998,1,164,2010-08-17 15:46:00,2010-08-17 15:46:00,0.0,0.0,187.51999999999998,0.0,479,1,187.51999999999998,1,1,1,111,Lost Customers
15073.0,2788.02,8,1410,2010-01-27 08:48:00,2011-11-30 10:44:00,430.98,1.0,2357.04,15.45828222179181,10,8,2357.04,4,4,4,444,Champions
15074.0,1553.1299999999999,3,1039,2010-08-29 11:47:00,2011-08-26 14:45:00,0.0,0.0,1553.1299999999999,0.0,105,3,1553.1299999999999,2,2,3,223,Regular Customers
15075.0,773.03,1,447,2011-09-23 12:27:00,2011-09-23 12:27:00,0.0,0.0,773.03,0.0,78,1,773.03,3,1,2,312,Potential Loyalists
15076.0,1447.74,3,866,2010-07-05 14:11:00,2011-06-20 08:23:00,21.9,2.0,1425.84,1.51270255708898,173,3,1425.84,2,2,3,223,Regular Customers
15077.0,2428.08,2,528,2009-12-09 17:10:00,2010-08-02 11:13:00,4.2,2.0,2423.88,0.1729761787091035,495,2,2423.88,1,2,4,124,Lost Customers
15078.0,17286.73,53,8777,2009-12-04 12:03:00,2011-12-02 15:41:00,185.36,11.0,17101.37,1.0722675717154142,7,53,17101.37,4,4,4,444,Champions
15079.0,3625.4,11,1459,2009-12-08 11:22:00,2011-05-11 12:45:00,80.6,6.0,3544.8,2.223202956915099,213,11,3544.8,2,4,4,244,At Risk
15080.0,546.25,2,287,2010-07-26 10:03:00,2010-10-08 11:52:00,0.0,0.0,546.25,0.0,428,2,546.25,1,2,2,122,Lost Customers
15081.0,1854.57,12,749,2010-06-22 10:25:00,2011-11-17 17:08:00,17.45,1.0,1837.12,0.940918919210383,22,12,1837.12,4,4,3,443,Champions
15082.0,93.35000000000001,1,43,2010-02-09 10:23:00,2010-02-09 10:23:00,0.0,0.0,93.35000000000001,0.0,669,1,93.35000000000001,1,1,1,111,Lost Customers
15083.0,88.2,1,38,2011-03-28 12:18:00,2011-03-28 12:18:00,0.0,0.0,88.2,0.0,257,1,88.2,2,1,1,211,Regular Customers
15084.0,965.2,2,600,2010-03-04 10:45:00,2010-11-25 11:58:00,0.0,0.0,965.2,0.0,380,2,965.2,1,2,3,123,Lost Customers
15085.0,347.54,1,169,2009-12-10 11:47:00,2009-12-10 11:47:00,0.0,0.0,347.54,0.0,730,1,347.54,1,1,2,112,Lost Customers
15086.0,218.53,2,95,2010-03-24 13:56:00,2010-05-24 12:27:00,0.0,0.0,218.53,0.0,565,2,218.53,1,2,1,121,Lost Customers
15087.0,306.94,1,470,2011-03-03 10:34:00,2011-03-03 10:34:00,0.0,0.0,306.94,0.0,282,1,306.94,2,1,1,211,Regular Customers
15088.0,1160.07,2,460,2011-10-03 14:05:00,2011-11-18 13:14:00,19.8,1.0,1140.27,1.7067935555613023,21,2,1140.27,4,2,3,423,Potential Loyalists
15089.0,2420.84,6,1359,2011-08-03 14:14:00,2011-11-29 16:31:00,0.0,0.0,2420.84,0.0,10,6,2420.84,4,3,4,434,Champions
15090.0,381.32,1,208,2011-02-04 14:03:00,2011-02-04 14:03:00,0.0,0.0,381.32,0.0,308,1,381.32,2,1,2,212,Regular Customers
15091.0,1046.6100000000001,3,582,2010-02-03 11:46:00,2011-10-03 12:47:00,23.5,3.0,1023.1100000000001,2.2453444931731967,68,3,1023.1100000000001,3,2,3,323,Potential Loyalists
15092.0,776.46,3,230,2010-09-03 12:33:00,2011-05-08 14:10:00,3.3,1.0,773.1600000000001,0.42500579553357537,215,3,773.1600000000001,2,2,2,222,Regular Customers
15093.0,13702.38,23,10778,2009-12-08 12:46:00,2011-11-21 13:09:00,668.23,11.0,13034.15,4.876744040086467,18,23,13034.15,4,4,4,444,Champions
15094.0,83.0,2,28,2010-03-05 12:56:00,2010-09-02 16:55:00,0.0,0.0,83.0,0.0,463,2,83.0,1,2,1,121,Lost Customers
15095.0,3141.64,10,2233,2010-01-21 09:37:00,2011-08-28 12:01:00,5.9,1.0,3135.74,0.18780000254644075,104,10,3135.74,2,4,4,244,At Risk
15096.0,219.39000000000001,1,120,2011-10-28 10:27:00,2011-10-28 10:27:00,0.0,0.0,219.39000000000001,0.0,43,1,219.39000000000001,3,1,1,311,Potential Loyalists
15097.0,908.35,3,424,2010-05-05 14:22:00,2011-12-05 14:03:00,321.3,2.0,587.05,35.37182803985248,4,3,587.05,4,2,2,422,Potential Loyalists
15098.0,39916.5,3,121,2011-06-10 15:22:00,2011-06-10 15:33:00,39267.0,2.0,649.5,98.37285333132914,182,3,649.5,2,2,2,222,Regular Customers
15099.0,410.48,1,343,2011-09-16 13:13:00,2011-09-16 13:13:00,0.0,0.0,410.48,0.0,84,1,410.48,3,1,2,312,Potential Loyalists
15100.0,2193.8999999999996,7,270,2010-01-07 14:33:00,2011-01-10 10:35:00,443.79999999999995,7.0,1750.0999999999997,20.228816263275448,334,7,1750.0999999999997,2,4,3,243,At Risk
15101.0,1477.94,6,676,2010-04-28 15:00:00,2011-12-01 10:18:00,174.45,5.0,1303.49,11.803591485445958,9,6,1303.49,4,3,3,433,Champions
15102.0,554.67,2,339,2010-06-11 10:16:00,2010-06-27 12:16:00,0.0,0.0,554.67,0.0,531,2,554.67,1,2,2,122,Lost Customers
15103.0,703.36,2,329,2011-09-14 13:54:00,2011-11-08 14:53:00,0.0,0.0,703.36,0.0,31,2,703.36,3,2,2,322,Potential Loyalists
15104.0,993.54,2,635,2011-03-02 14:16:00,2011-05-27 12:29:00,24.9,1.0,968.64,2.506189987318075,197,2,968.64,2,2,3,223,Regular Customers
15105.0,3094.91,9,1747,2010-03-23 12:18:00,2011-11-21 16:54:00,0.0,0.0,3094.91,0.0,18,9,3094.91,4,4,4,444,Champions
15106.0,1422.52,5,1181,2011-03-15 12:52:00,2011-11-22 09:16:00,14.79,2.0,1407.73,1.0397041869358603,18,5,1407.73,4,3,3,433,Champions
15107.0,824.35,9,330,2010-09-14 10:47:00,2011-02-01 14:46:00,84.09,3.0,740.26,10.200764238490931,311,9,740.26,2,4,2,242,Regular Customers
15108.0,1300.25,4,499,2011-04-26 10:54:00,2011-07-21 10:24:00,8.5,1.0,1291.75,0.6537204383772351,142,4,1291.75,2,3,3,233,At Risk
15109.0,983.1,3,258,2009-12-04 12:33:00,2011-04-08 09:58:00,21.2,1.0,961.9,2.1564439019428336,246,3,961.9,2,2,3,223,Regular Customers
15110.0,1505.8500000000001,6,337,2010-08-11 15:49:00,2011-11-16 11:16:00,22.9,3.0,1482.95,1.5207357970581397,24,6,1482.95,4,3,3,433,Champions
15111.0,2442.37,5,1058,2010-04-26 13:12:00,2011-11-10 16:58:00,0.0,0.0,2442.37,0.0,29,5,2442.37,3,3,4,334,Champions
15112.0,209.4,1,72,2010-04-07 14:17:00,2010-04-07 14:17:00,0.0,0.0,209.4,0.0,611,1,209.4,1,1,1,111,Lost Customers
15113.0,3509.43,3,2344,2011-10-16 15:27:00,2011-11-30 08:23:00,169.92000000000002,1.0,3339.5099999999998,4.841811918174747,10,3,3339.5099999999998,4,2,4,424,Potential Loyalists
15114.0,3400.12,12,3532,2010-10-14 16:44:00,2011-11-09 15:05:00,0.0,0.0,3400.12,0.0,30,12,3400.12,3,4,4,344,Champions
15115.0,531.85,2,245,2009-12-07 11:20:00,2011-11-21 14:59:00,3.75,1.0,528.1,0.7050860204945003,18,2,528.1,4,2,2,422,Potential Loyalists
15116.0,1352.75,4,648,2011-05-19 08:50:00,2011-11-22 12:25:00,0.0,0.0,1352.75,0.0,18,4,1352.75,4,3,3,433,Champions
15117.0,2485.9700000000003,8,3093,2010-03-15 13:39:00,2011-11-25 08:12:00,1.65,1.0,2484.32,0.06637248237106641,15,8,2484.32,4,4,4,444,Champions
15118.0,244.8,1,1440,2011-07-28 14:54:00,2011-07-28 14:54:00,0.0,0.0,244.8,0.0,134,1,244.8,2,1,1,211,Regular Customers
15119.0,266.4,1,88,2011-04-08 09:08:00,2011-04-08 09:08:00,0.0,0.0,266.4,0.0,246,1,266.4,2,1,1,211,Regular Customers
15120.0,358.82,1,296,2011-07-29 09:48:00,2011-07-29 09:48:00,15.0,1.0,343.82,4.18036898723594,134,1,343.82,2,1,2,212,Regular Customers
15121.0,457.72,2,199,2011-02-24 12:41:00,2011-10-20 14:51:00,0.0,0.0,457.72,0.0,50,2,457.72,3,2,2,322,Potential Loyalists
15122.0,4487.27,11,2033,2010-03-30 14:05:00,2011-08-17 16:48:00,36.05,5.0,4451.22,0.8033837946011715,114,11,4451.22,2,4,4,244,At Risk
15123.0,4656.17,5,2524,2010-03-16 09:49:00,2011-12-02 13:12:00,0.0,0.0,4656.17,0.0,7,5,4656.17,4,3,4,434,Champions
15124.0,450.82,4,462,2010-02-26 10:49:00,2011-11-17 10:09:00,0.0,0.0,450.82,0.0,23,4,450.82,4,3,2,432,Loyal Customers
15125.0,17024.87,24,8433,2010-03-31 13:29:00,2011-11-14 13:57:00,900.54,12.0,16124.329999999998,5.289555808649347,25,24,16124.329999999998,4,4,4,444,Champions
15126.0,449.49,2,273,2010-01-21 17:09:00,2010-06-21 12:31:00,0.0,0.0,449.49,0.0,537,2,449.49,1,2,2,122,Lost Customers
15127.0,711.5,2,464,2010-07-08 10:07:00,2011-10-05 10:30:00,0.0,0.0,711.5,0.0,66,2,711.5,3,2,2,322,Potential Loyalists
15128.0,1783.68,5,1583,2010-10-05 16:46:00,2011-10-10 13:54:00,51.46,4.0,1732.22,2.885046645138141,60,5,1732.22,3,3,3,333,Champions
15129.0,6860.18,23,4002,2010-04-08 17:15:00,2011-10-20 14:40:00,0.0,0.0,6860.18,0.0,50,23,6860.18,3,4,4,344,Champions
15130.0,330.11,1,197,2011-06-23 10:15:00,2011-06-23 10:15:00,0.0,0.0,330.11,0.0,170,1,330.11,2,1,1,211,Regular Customers
15131.0,80.28,1,88,2010-11-10 12:07:00,2010-11-10 12:07:00,0.0,0.0,80.28,0.0,395,1,80.28,1,1,1,111,Lost Customers
15132.0,977.9300000000001,5,679,2011-03-22 12:02:00,2011-11-21 17:10:00,0.0,0.0,977.9300000000001,0.0,18,5,977.9300000000001,4,3,3,433,Champions
15133.0,1806.9,5,960,2010-07-07 12:31:00,2011-08-04 10:44:00,0.0,0.0,1806.9,0.0,128,5,1806.9,2,3,3,233,At Risk
15134.0,1596.29,10,1057,2010-10-13 12:44:00,2011-11-25 08:55:00,0.0,0.0,1596.29,0.0,15,10,1596.29,4,4,3,443,Champions
15135.0,305.68,2,84,2010-06-01 13:33:00,2011-04-14 19:16:00,11.9,1.0,293.78000000000003,3.892959958126145,239,2,293.78000000000003,2,2,1,221,Regular Customers
15136.0,1286.7,4,776,2011-09-04 16:05:00,2011-12-07 12:26:00,4.25,1.0,1282.45,0.3303023237739955,3,4,1282.45,4,3,3,433,Champions
15137.0,823.4,2,596,2010-01-28 15:45:00,2010-07-07 09:41:00,75.85000000000001,3.0,747.55,9.211804712169057,521,2,747.55,1,2,2,122,Lost Customers
15138.0,502.52,1,300,2010-11-11 09:16:00,2010-11-11 09:16:00,15.93,1.0,486.59,3.1700230836583616,394,1,486.59,1,1,2,112,Lost Customers
15139.0,178.96,2,208,2011-01-07 12:44:00,2011-04-14 11:39:00,0.0,0.0,178.96,0.0,240,2,178.96,2,2,1,221,Regular Customers
15140.0,3243.69,8,2010,2010-09-23 13:07:00,2011-10-18 14:07:00,4.25,1.0,3239.44,0.1310236181632647,52,8,3239.44,3,4,4,344,Champions
15141.0,1388.47,7,1197,2010-03-28 15:58:00,2010-09-08 11:33:00,10.16,2.0,1378.31,0.7317406929930067,458,7,1378.31,1,4,3,143,At Risk
15142.0,2619.92,6,2155,2010-07-27 09:05:00,2011-10-24 12:51:00,10.95,1.0,2608.9700000000003,0.4179516931814712,46,6,2608.9700000000003,3,3,4,334,Champions
15143.0,563.63,2,320,2010-10-03 13:58:00,2011-04-28 12:03:00,0.0,0.0,563.63,0.0,226,2,563.63,2,2,2,222,Regular Customers
15144.0,12160.31,29,5251,2009-12-13 11:35:00,2011-12-01 15:12:00,153.8,4.0,12006.51,1.2647703882549048,8,29,12006.51,4,4,4,444,Champions
15145.0,1194.73,4,756,2011-04-05 15:20:00,2011-12-05 17:21:00,0.0,0.0,1194.73,0.0,4,4,1194.73,4,3,3,433,Champions
15146.0,1327.16,2,1473,2011-02-21 13:07:00,2011-06-28 12:09:00,13.5,1.0,1313.66,1.0172096808222069,165,2,1313.66,2,2,3,223,Regular Customers
15147.0,623.5,1,366,2011-04-13 15:57:00,2011-04-13 15:57:00,14.850000000000001,1.0,608.65,2.381716118684844,240,1,608.65,2,1,2,212,Regular Customers
15148.0,301.29,1,187,2011-11-29 08:21:00,2011-11-29 08:21:00,0.0,0.0,301.29,0.0,11,1,301.29,4,1,1,411,Potential Loyalists
15149.0,1554.6100000000001,5,380,2010-02-28 11:13:00,2011-07-29 10:58:00,0.0,0.0,1554.6100000000001,0.0,134,5,1554.6100000000001,2,3,3,233,At Risk
15150.0,8977.94,13,6167,2010-06-14 12:01:00,2011-11-22 12:52:00,10.5,1.0,8967.44,0.11695333227889693,17,13,8967.44,4,4,4,444,Champions
15151.0,2085.61,2,795,2010-07-18 12:19:00,2010-10-12 16:37:00,0.0,0.0,2085.61,0.0,423,2,2085.61,1,2,3,123,Lost Customers
15152.0,5263.83,14,2994,2010-01-07 15:15:00,2011-11-30 12:32:00,65.86,4.0,5197.97,1.2511802242853587,10,14,5197.97,4,4,4,444,Champions
15153.0,329.25,1,198,2011-11-08 17:09:00,2011-11-08 17:09:00,0.0,0.0,329.25,0.0,31,1,329.25,3,1,1,311,Potential Loyalists
15154.0,1343.72,3,333,2010-08-18 17:41:00,2011-09-25 16:05:00,29.55,1.0,1314.17,2.199118864049058,75,3,1314.17,3,2,3,323,Potential Loyalists
15155.0,383.96999999999997,1,192,2010-11-21 12:59:00,2010-11-21 12:59:00,0.0,0.0,383.96999999999997,0.0,383,1,383.96999999999997,1,1,2,112,Lost Customers
15156.0,961.49,3,597,2011-11-06 12:41:00,2011-12-08 18:22:00,0.0,0.0,961.49,0.0,1,3,961.49,4,2,3,423,Potential Loyalists
15157.0,2654.11,5,3466,2009-12-10 14:44:00,2011-12-06 11:28:00,66.57,2.0,2587.54,2.5081854180874186,4,5,2587.54,4,3,4,434,Champions
15158.0,606.02,2,219,2010-11-03 13:46:00,2011-10-25 13:53:00,168.36,1.0,437.65999999999997,27.78126134451008,45,2,437.65999999999997,3,2,2,322,Potential Loyalists
15159.0,22116.73,34,13512,2010-10-04 09:31:00,2011-12-08 12:05:00,67.33,4.0,22049.399999999998,0.3044301757086152,2,34,22049.399999999998,4,4,4,444,Champions
15160.0,589.27,4,307,2010-10-14 15:26:00,2010-12-17 14:15:00,0.0,0.0,589.27,0.0,357,4,589.27,2,3,2,232,Regular Customers
15161.0,119.92,1,144,2010-11-16 16:08:00,2010-11-16 16:08:00,0.0,0.0,119.92,0.0,388,1,119.92,1,1,1,111,Lost Customers
15162.0,312.9,1,74,2009-12-08 13:14:00,2009-12-08 13:14:00,71.4,1.0,241.49999999999997,22.81879194630873,731,1,241.49999999999997,1,1,1,111,Lost Customers
15163.0,304.47,2,186,2011-05-31 15:22:00,2011-11-21 13:10:00,0.0,0.0,304.47,0.0,18,2,304.47,4,2,1,421,Potential Loyalists
15164.0,2028.1100000000001,9,912,2010-01-18 13:34:00,2011-10-02 12:05:00,16.9,1.0,2011.21,0.8332881352589355,69,9,2011.21,3,4,3,343,Champions
15165.0,487.75,1,160,2010-12-01 14:03:00,2010-12-01 14:03:00,0.0,0.0,487.75,0.0,373,1,487.75,2,1,2,212,Regular Customers
15166.0,167.16,1,140,2010-08-29 12:31:00,2010-08-29 12:31:00,0.0,0.0,167.16,0.0,468,1,167.16,1,1,1,111,Lost Customers
15167.0,1627.62,5,863,2010-02-04 14:13:00,2011-01-23 12:41:00,0.0,0.0,1627.62,0.0,321,5,1627.62,2,3,3,233,At Risk
15168.0,106.56,1,52,2011-11-14 11:26:00,2011-11-14 11:26:00,0.0,0.0,106.56,0.0,26,1,106.56,3,1,1,311,Potential Loyalists
15169.0,569.22,2,356,2009-12-13 11:16:00,2010-11-22 13:04:00,0.0,0.0,569.22,0.0,382,2,569.22,1,2,2,122,Lost Customers
15170.0,81.15,1,33,2010-10-29 10:34:00,2010-10-29 10:34:00,0.0,0.0,81.15,0.0,407,1,81.15,1,1,1,111,Lost Customers
15171.0,1289.5,1,290,2011-01-12 15:36:00,2011-01-12 15:36:00,254.99999999999997,1.0,1034.5,19.775106630476927,331,1,1034.5,2,1,3,213,Regular Customers
15172.0,1624.05,5,1611,2011-04-17 11:56:00,2011-12-01 11:51:00,0.0,0.0,1624.05,0.0,9,5,1624.05,4,3,3,433,Champions
15173.0,1494.6,7,840,2010-04-01 12:26:00,2010-11-24 10:21:00,95.34,1.0,1399.26,6.378964271376958,381,7,1399.26,1,4,3,143,At Risk
15174.0,481.46,2,382,2010-10-25 09:40:00,2011-01-21 09:06:00,0.0,0.0,481.46,0.0,323,2,481.46,2,2,2,222,Regular Customers
15175.0,224.14,1,454,2011-09-29 11:31:00,2011-09-29 11:31:00,0.0,0.0,224.14,0.0,72,1,224.14,3,1,1,311,Potential Loyalists
15176.0,988.04,1,448,2010-02-10 10:36:00,2010-02-10 10:36:00,2.95,1.0,985.0899999999999,0.29857090806040243,668,1,985.0899999999999,1,1,3,113,Lost Customers
15177.0,948.93,1,485,2010-10-10 12:48:00,2010-10-10 12:48:00,0.0,0.0,948.93,0.0,426,1,948.93,1,1,3,113,Lost Customers
15178.0,40.5,1,30,2011-03-24 15:12:00,2011-03-24 15:12:00,0.0,0.0,40.5,0.0,260,1,40.5,2,1,1,211,Regular Customers
15179.0,7491.92,13,5416,2009-12-03 12:27:00,2011-11-21 12:53:00,65.1,4.0,7426.82,0.8689361338615467,18,13,7426.82,4,4,4,444,Champions
15180.0,816.9300000000001,3,654,2010-04-29 15:27:00,2010-12-07 14:57:00,0.0,0.0,816.9300000000001,0.0,367,3,816.9300000000001,2,2,2,222,Regular Customers
15181.0,1200.2,5,688,2009-12-08 19:02:00,2011-10-04 13:58:00,246.8,3.0,953.4000000000001,20.563239460089985,66,5,953.4000000000001,3,3,3,333,Champions
15182.0,2998.952,11,1186,2010-02-21 12:03:00,2011-07-08 13:37:00,56.2,3.0,2942.7520000000004,1.8739879798009438,154,11,2942.7520000000004,2,4,4,244,At Risk
15183.0,639.93,3,297,2010-05-04 11:31:00,2010-06-10 10:43:00,2.9,1.0,637.03,0.45317456596815275,548,3,637.03,1,2,2,122,Lost Customers
15184.0,685.39,4,462,2009-12-16 12:06:00,2011-11-10 13:41:00,0.0,0.0,685.39,0.0,29,4,685.39,3,3,2,332,Loyal Customers
15185.0,310.62,1,666,2011-09-30 14:06:00,2011-09-30 14:06:00,0.0,0.0,310.62,0.0,70,1,310.62,3,1,1,311,Potential Loyalists
15186.0,1403.2,5,716,2010-01-12 10:14:00,2011-11-25 14:58:00,0.0,0.0,1403.2,0.0,14,5,1403.2,4,3,3,433,Champions
15187.0,4777.18,16,1887,2011-05-11 13:49:00,2011-12-08 11:56:00,107.1,2.0,4670.08,2.2419084062145447,2,16,4670.08,4,4,4,444,Champions
15188.0,310.43,1,233,2009-12-14 13:30:00,2009-12-14 13:30:00,0.0,0.0,310.43,0.0,725,1,310.43,1,1,1,111,Lost Customers
15189.0,17524.38,46,6902,2010-07-18 13:37:00,2011-12-08 13:22:00,423.25,12.0,17101.13,2.415206700607953,1,46,17101.13,4,4,4,444,Champions
15190.0,834.4399999999999,1,790,2010-10-01 13:09:00,2010-10-01 13:09:00,0.0,0.0,834.4399999999999,0.0,434,1,834.4399999999999,1,1,2,112,Lost Customers
15191.0,588.05,3,287,2010-01-20 12:35:00,2010-09-02 15:37:00,0.0,0.0,588.05,0.0,463,3,588.05,1,2,2,122,Lost Customers
15192.0,1666.39,5,1448,2010-01-29 10:13:00,2011-08-12 11:41:00,0.0,0.0,1666.39,0.0,120,5,1666.39,2,3,3,233,At Risk
15193.0,499.32,1,144,2011-10-10 08:23:00,2011-10-10 08:23:00,0.0,0.0,499.32,0.0,61,1,499.32,3,1,2,312,Potential Loyalists
15194.0,12021.53,28,8922,2009-12-03 10:37:00,2011-12-06 15:10:00,240.01000000000002,11.0,11781.52,1.9965012772916593,3,28,11781.52,4,4,4,444,Champions
15195.0,3861.0,1,1404,2011-12-07 12:20:00,2011-12-07 12:20:00,0.0,0.0,3861.0,0.0,3,1,3861.0,4,1,4,414,Potential Loyalists
15196.0,313.7,2,130,2009-12-13 11:14:00,2010-10-03 10:50:00,0.0,0.0,313.7,0.0,433,2,313.7,1,2,1,121,Lost Customers
15197.0,1877.51,6,1058,2009-12-11 12:56:00,2011-11-29 10:00:00,449.67,4.0,1427.84,23.950338480221145,11,6,1427.84,4,3,3,433,Champions
15198.0,571.35,5,327,2010-01-19 10:01:00,2011-09-08 14:42:00,11.9,1.0,559.45,2.08278638312768,92,5,559.45,3,3,2,332,Loyal Customers
15199.0,3122.4,10,894,2010-05-13 10:14:00,2011-10-11 15:12:00,0.0,0.0,3122.4,0.0,59,10,3122.4,3,4,4,344,Champions
15200.0,549.05,1,195,2010-08-02 09:38:00,2010-08-02 09:38:00,0.0,0.0,549.05,0.0,495,1,549.05,1,1,2,112,Lost Customers
15201.0,1842.95,7,1660,2010-04-07 14:50:00,2011-09-13 14:53:00,317.05,7.0,1525.9,17.20339672807184,87,7,1525.9,3,4,3,343,Champions
15203.0,4400.18,15,4182,2009-12-08 18:06:00,2011-11-14 08:16:00,0.0,0.0,4400.18,0.0,26,15,4400.18,3,4,4,344,Champions
15204.0,316.58,1,258,2010-12-17 13:49:00,2010-12-17 13:49:00,0.0,0.0,316.58,0.0,357,1,316.58,2,1,1,211,Regular Customers
15205.0,653.24,2,378,2011-08-04 16:07:00,2011-09-15 19:36:00,4.41,1.0,648.83,0.675096442348907,85,2,648.83,3,2,2,322,Potential Loyalists
15206.0,420.29999999999995,4,162,2011-03-09 08:59:00,2011-11-29 13:41:00,0.0,0.0,420.29999999999995,0.0,10,4,420.29999999999995,4,3,2,432,Loyal Customers
15207.0,683.9200000000001,3,428,2010-06-10 17:29:00,2010-10-19 13:29:00,30.15,2.0,653.7700000000001,4.408410340390688,416,3,653.7700000000001,1,2,2,122,Lost Customers
15208.0,970.52,6,356,2010-10-12 12:17:00,2011-12-08 17:24:00,2.5,1.0,968.02,0.25759386720520955,1,6,968.02,4,3,3,433,Champions
15209.0,178.98000000000002,1,94,2009-12-09 17:26:00,2009-12-09 17:26:00,0.0,0.0,178.98000000000002,0.0,730,1,178.98000000000002,1,1,1,111,Lost Customers
15210.0,1176.19,3,841,2010-05-13 14:42:00,2011-04-28 16:11:00,0.0,0.0,1176.19,0.0,225,3,1176.19,2,2,3,223,Regular Customers
15211.0,894.4100000000001,2,240,2010-12-09 16:08:00,2011-10-10 13:31:00,0.0,0.0,894.4100000000001,0.0,60,2,894.4100000000001,3,2,3,323,Potential Loyalists
15212.0,208.28,2,84,2010-11-28 10:45:00,2011-04-12 13:45:00,12.85,1.0,195.43,6.169579412329556,241,2,195.43,2,2,1,221,Regular Customers
15213.0,328.35,2,272,2011-01-14 11:05:00,2011-01-25 12:21:00,3.3,1.0,325.05,1.0050251256281406,319,2,325.05,2,2,1,221,Regular Customers
15214.0,1661.44,8,1254,2011-04-11 09:46:00,2011-12-08 12:07:00,0.0,0.0,1661.44,0.0,2,8,1661.44,4,4,3,443,Champions
15215.0,2422.43,7,776,2010-04-06 11:21:00,2011-10-24 11:41:00,925.97,4.0,1496.4599999999998,38.224840346263875,47,7,1496.4599999999998,3,4,3,343,Champions
15216.0,486.09,2,217,2010-03-31 09:52:00,2011-09-13 11:41:00,0.0,0.0,486.09,0.0,88,2,486.09,3,2,2,322,Potential Loyalists
15217.0,426.24,1,190,2010-05-25 13:51:00,2010-05-25 13:51:00,0.0,0.0,426.24,0.0,563,1,426.24,1,1,2,112,Lost Customers
15218.0,11468.83,22,6530,2010-01-26 11:33:00,2011-11-29 11:48:00,60.57,3.0,11408.26,0.5281271062523378,11,22,11408.26,4,4,4,444,Champions
15219.0,685.45,2,271,2010-03-01 11:33:00,2011-06-16 16:57:00,0.0,0.0,685.45,0.0,176,2,685.45,2,2,2,222,Regular Customers
15220.0,1778.96,6,1393,2011-03-04 10:24:00,2011-10-19 12:39:00,20.04,1.0,1758.92,1.12650087691685,52,6,1758.92,3,3,3,333,Champions
15221.0,2062.2000000000003,4,244,2010-03-12 10:40:00,2010-12-08 13:08:00,360.2,3.0,1702.0000000000002,17.46678304723111,366,4,1702.0000000000002,2,3,3,233,At Risk
15222.0,3550.91,11,4458,2009-12-16 13:49:00,2011-01-25 08:03:00,135.25,6.0,3415.66,3.8088827934247846,319,11,3415.66,2,4,4,244,At Risk
15223.0,1417.95,5,385,2009-12-05 11:19:00,2011-04-28 11:31:00,300.85,1.0,1117.1,21.217250255650765,226,5,1117.1,2,3,3,233,At Risk
15224.0,871.36,5,443,2010-01-15 16:14:00,2010-12-16 15:02:00,34.1,3.0,837.26,3.913422695556372,358,5,837.26,2,3,2,232,Regular Customers
15225.0,409.40000000000003,1,226,2011-04-19 14:51:00,2011-04-19 14:51:00,0.0,0.0,409.40000000000003,0.0,234,1,409.40000000000003,2,1,2,212,Regular Customers
15226.0,154.41,1,71,2011-02-02 11:41:00,2011-02-02 11:41:00,0.0,0.0,154.41,0.0,311,1,154.41,2,1,1,211,Regular Customers
15227.0,2488.4900000000002,9,1217,2010-03-16 08:23:00,2011-11-03 11:59:00,0.0,0.0,2488.4900000000002,0.0,37,9,2488.4900000000002,3,4,4,344,Champions
15228.0,5580.2699999999995,6,3375,2010-07-28 10:21:00,2011-10-04 13:56:00,9.75,1.0,5570.5199999999995,0.1747227284701278,66,6,5570.5199999999995,3,3,4,334,Champions
15229.0,160.5,1,114,2010-05-02 13:50:00,2010-05-02 13:50:00,0.0,0.0,160.5,0.0,586,1,160.5,1,1,1,111,Lost Customers
15230.0,429.6,2,351,2011-04-13 11:04:00,2011-04-14 14:39:00,0.0,0.0,429.6,0.0,239,2,429.6,2,2,2,222,Regular Customers
15231.0,250.26,1,190,2010-03-28 15:12:00,2010-03-28 15:12:00,21.900000000000002,1.0,228.35999999999999,8.75089906497243,621,1,228.35999999999999,1,1,1,111,Lost Customers
15232.0,612.06,2,686,2011-07-22 12:21:00,2011-08-18 16:27:00,0.0,0.0,612.06,0.0,113,2,612.06,2,2,2,222,Regular Customers
15233.0,59.400000000000006,1,12,2010-11-03 13:36:00,2010-11-03 13:36:00,0.0,0.0,59.400000000000006,0.0,401,1,59.400000000000006,1,1,1,111,Lost Customers
15234.0,197.0,1,196,2011-03-08 08:53:00,2011-03-08 08:53:00,0.0,0.0,197.0,0.0,277,1,197.0,2,1,1,211,Regular Customers
15235.0,2772.76,16,1676,2010-11-16 12:48:00,2011-05-06 09:44:00,0.0,0.0,2772.76,0.0,218,16,2772.76,2,4,4,244,At Risk
15236.0,321.05,1,269,2011-02-14 10:52:00,2011-02-14 10:52:00,0.0,0.0,321.05,0.0,299,1,321.05,2,1,1,211,Regular Customers
15237.0,1412.32,4,1071,2011-04-26 15:04:00,2011-12-08 09:46:00,0.0,0.0,1412.32,0.0,2,4,1412.32,4,3,3,433,Champions
15238.0,1071.99,3,692,2011-06-08 16:00:00,2011-11-10 14:28:00,15.45,2.0,1056.54,1.4412447877312287,29,3,1056.54,3,2,3,323,Potential Loyalists
15239.0,780.59,2,594,2011-09-22 09:53:00,2011-11-29 14:14:00,16.25,1.0,764.34,2.081758669724183,10,2,764.34,4,2,2,422,Potential Loyalists
15240.0,4459.98,12,3214,2009-12-05 14:57:00,2011-10-26 09:50:00,139.53,8.0,4320.45,3.1284893654231634,45,12,4320.45,3,4,4,344,Champions
15241.0,3050.16,11,3328,2010-02-23 13:59:00,2011-10-04 09:05:00,17.85,1.0,3032.31,0.585215201825478,67,11,3032.31,3,4,4,344,Champions
15242.0,302.04,1,196,2010-10-13 15:33:00,2010-10-13 15:33:00,0.0,0.0,302.04,0.0,422,1,302.04,1,1,1,111,Lost Customers
15243.0,927.2800000000001,2,543,2010-09-30 17:28:00,2011-09-26 14:12:00,0.0,0.0,927.2800000000001,0.0,74,2,927.2800000000001,3,2,3,323,Potential Loyalists
15244.0,912.08,3,472,2010-02-11 14:48:00,2011-10-05 13:19:00,61.900000000000006,1.0,850.1800000000001,6.786685378475572,65,3,850.1800000000001,3,2,3,323,Potential Loyalists
15245.0,4610.84,8,3021,2010-04-23 14:23:00,2011-07-28 18:56:00,0.0,0.0,4610.84,0.0,134,8,4610.84,2,4,4,244,At Risk
15246.0,780.4,3,359,2010-06-02 11:28:00,2011-04-15 14:45:00,0.0,0.0,780.4,0.0,238,3,780.4,2,2,2,222,Regular Customers
15247.0,976.06,3,514,2010-06-20 14:08:00,2011-08-09 12:52:00,8.95,1.0,967.1099999999999,0.9169518267319632,122,3,967.1099999999999,2,2,3,223,Regular Customers
15248.0,1893.93,3,1065,2010-06-23 14:34:00,2010-10-24 13:09:00,28.9,1.0,1865.03,1.52592756860074,411,3,1865.03,1,2,3,123,Lost Customers
15249.0,9266.0,18,4980,2010-03-26 14:51:00,2011-11-08 11:45:00,118.85,3.0,9147.15,1.2826462335419815,32,18,9147.15,3,4,4,344,Champions
15250.0,60.0,1,48,2010-03-09 07:35:00,2010-03-09 07:35:00,0.0,0.0,60.0,0.0,641,1,60.0,1,1,1,111,Lost Customers
15251.0,20324.54,21,12108,2010-01-29 12:42:00,2011-11-30 15:02:00,228.94,10.0,20095.600000000002,1.1264215573882606,9,21,20095.600000000002,4,4,4,444,Champions
15252.0,2103.41,5,1430,2010-04-07 10:24:00,2011-11-03 13:30:00,50.349999999999994,2.0,2053.06,2.393732082665766,36,5,2053.06,3,3,3,333,Champions
15253.0,2055.09,8,1588,2010-05-02 11:17:00,2011-11-23 16:22:00,21.8,4.0,2033.2900000000002,1.060780793055292,16,8,2033.2900000000002,4,4,3,443,Champions
15254.0,1088.35,3,711,2010-05-28 10:08:00,2011-08-04 15:04:00,14.95,1.0,1073.3999999999999,1.3736389948086554,127,3,1073.3999999999999,2,2,3,223,Regular Customers
15255.0,3706.02,9,2214,2009-12-03 09:10:00,2011-10-04 12:43:00,58.65,2.0,3647.37,1.5825602668091374,67,9,3647.37,3,4,4,344,Champions
15256.0,170.4,2,92,2010-05-27 11:41:00,2011-07-14 11:47:00,0.0,0.0,170.4,0.0,149,2,170.4,2,2,1,221,Regular Customers
15257.0,685.9,2,71,2010-10-21 14:03:00,2011-03-01 12:58:00,85.0,1.0,600.9,12.39247703746902,283,2,600.9,2,2,2,222,Regular Customers
15258.0,623.16,2,142,2011-05-06 14:16:00,2011-06-24 12:30:00,0.0,0.0,623.16,0.0,169,2,623.16,2,2,2,222,Regular Customers
15259.0,1182.3799999999999,4,631,2010-01-26 09:41:00,2010-07-15 08:47:00,0.0,0.0,1182.3799999999999,0.0,513,4,1182.3799999999999,1,3,3,133,At Risk
15260.0,8767.73,25,4468,2009-12-06 11:45:00,2011-08-31 13:55:00,89.85,5.0,8677.88,1.0247806444769627,100,25,8677.88,2,4,4,244,At Risk
15261.0,1508.0,4,806,2010-10-01 11:59:00,2011-07-27 15:20:00,0.0,0.0,1508.0,0.0,135,4,1508.0,2,3,3,233,At Risk
15262.0,418.82,3,218,2010-08-08 15:55:00,2011-01-20 12:16:00,0.0,0.0,418.82,0.0,324,3,418.82,2,2,2,222,Regular Customers
15263.0,156.51,1,89,2011-08-25 10:26:00,2011-08-25 10:26:00,0.0,0.0,156.51,0.0,107,1,156.51,2,1,1,211,Regular Customers
15264.0,848.4,2,443,2010-06-27 13:29:00,2011-10-06 13:49:00,4.2,1.0,844.1999999999999,0.49504950495049505,64,2,844.1999999999999,3,2,2,322,Potential Loyalists
15265.0,3345.64,4,1570,2009-12-01 17:08:00,2011-07-11 14:46:00,0.0,0.0,3345.64,0.0,151,4,3345.64,2,3,4,234,At Risk
15266.0,852.21,5,236,2010-01-07 12:19:00,2011-01-05 13:40:00,10.51,1.0,841.7,1.233264101571209,338,5,841.7,2,3,2,232,Regular Customers
15267.0,1717.36,5,944,2011-06-10 10:24:00,2011-11-17 15:59:00,0.0,0.0,1717.36,0.0,22,5,1717.36,4,3,3,433,Champions
15268.0,961.9000000000001,3,428,2010-04-13 11:27:00,2010-08-18 10:33:00,20.65,1.0,941.2500000000001,2.1467928059049792,479,3,941.2500000000001,1,2,3,123,Lost Customers
15269.0,1225.3600000000001,3,372,2010-11-14 12:58:00,2011-11-16 09:32:00,0.0,0.0,1225.3600000000001,0.0,24,3,1225.3600000000001,4,2,3,423,Potential Loyalists
15270.0,8524.86,21,4010,2009-12-17 15:02:00,2011-11-24 09:24:00,1283.67,10.0,7241.1900000000005,15.057959896115596,16,21,7241.1900000000005,4,4,4,444,Champions
15271.0,4528.54,24,2412,2010-08-05 14:57:00,2011-12-02 14:11:00,70.25,2.0,4458.29,1.5512725955826823,7,24,4458.29,4,4,4,444,Champions
15272.0,2030.95,6,665,2010-02-14 13:39:00,2011-10-13 12:59:00,0.0,0.0,2030.95,0.0,57,6,2030.95,3,3,3,333,Champions
15273.0,228.96,1,216,2010-04-19 11:31:00,2010-04-19 11:31:00,0.0,0.0,228.96,0.0,600,1,228.96,1,1,1,111,Lost Customers
15274.0,716.57,2,619,2011-11-21 14:17:00,2011-12-05 16:57:00,0.0,0.0,716.57,0.0,4,2,716.57,4,2,2,422,Potential Loyalists
15275.0,615.14,1,498,2011-11-02 11:20:00,2011-11-02 11:20:00,5.95,1.0,609.1899999999999,0.9672594856455441,38,1,609.1899999999999,3,1,2,312,Potential Loyalists
15276.0,619.8,4,317,2010-10-01 12:24:00,2011-10-04 16:39:00,18.5,1.0,601.3,2.984833817360439,66,4,601.3,3,3,2,332,Loyal Customers
15277.0,476.34,2,373,2010-10-10 16:02:00,2011-10-24 10:08:00,0.0,0.0,476.34,0.0,47,2,476.34,3,2,2,322,Potential Loyalists
15278.0,496.15999999999997,4,458,2010-02-12 14:53:00,2010-05-27 10:03:00,0.0,0.0,496.15999999999997,0.0,562,4,496.15999999999997,1,3,2,132,Regular Customers
15279.0,1580.54,5,802,2010-02-02 10:15:00,2010-12-20 10:48:00,25.700000000000003,2.0,1554.84,1.6260265478886964,355,5,1554.84,2,3,3,233,At Risk
15280.0,397.52,3,507,2010-05-17 14:17:00,2011-06-20 17:14:00,0.0,0.0,397.52,0.0,172,3,397.52,2,2,2,222,Regular Customers
15281.0,8543.57,16,5233,2010-10-08 12:14:00,2011-10-12 09:10:00,225.95,6.0,8317.619999999999,2.644678980800766,59,16,8317.619999999999,3,4,4,344,Champions
15282.0,348.59,1,395,2010-05-18 16:27:00,2010-05-18 16:27:00,0.0,0.0,348.59,0.0,570,1,348.59,1,1,2,112,Lost Customers
15283.0,148.33,3,27,2010-07-09 15:46:00,2010-11-14 14:54:00,12.9,1.0,135.43,8.696824647744892,390,3,135.43,1,2,1,121,Lost Customers
15284.0,24.75,1,5,2010-07-27 13:25:00,2010-07-27 13:25:00,0.0,0.0,24.75,0.0,500,1,24.75,1,1,1,111,Lost Customers
15285.0,94.92,1,120,2010-10-28 09:46:00,2010-10-28 09:46:00,0.0,0.0,94.92,0.0,408,1,94.92,1,1,1,111,Lost Customers
15286.0,240.55,1,55,2011-10-21 11:08:00,2011-10-21 11:08:00,0.0,0.0,240.55,0.0,50,1,240.55,3,1,1,311,Potential Loyalists
15287.0,856.03,5,1010,2009-12-02 12:13:00,2011-11-17 15:34:00,1.45,1.0,854.5799999999999,0.16938658691868277,22,5,854.5799999999999,4,3,3,433,Champions
15288.0,3715.38,10,1336,2010-02-12 15:27:00,2011-10-27 16:58:00,0.0,0.0,3715.38,0.0,43,10,3715.38,3,4,4,344,Champions
15289.0,1593.09,5,1627,2010-03-28 11:45:00,2011-11-10 13:49:00,22.380000000000003,2.0,1570.7099999999998,1.404817053650453,29,5,1570.7099999999998,3,3,3,333,Champions
15290.0,10496.28,26,6567,2010-02-24 10:15:00,2011-12-05 11:39:00,140.7,4.0,10355.58,1.340474911111365,5,26,10355.58,4,4,4,444,Champions
15291.0,13517.76,40,4905,2009-12-03 11:09:00,2011-11-14 11:02:00,395.32,13.0,13122.44,2.9244490211395973,26,40,13122.44,3,4,4,344,Champions
15292.0,178.39,1,55,2011-05-22 15:00:00,2011-05-22 15:00:00,0.0,0.0,178.39,0.0,201,1,178.39,2,1,1,211,Regular Customers
15293.0,247.5,1,178,2010-02-12 11:54:00,2010-02-12 11:54:00,0.0,0.0,247.5,0.0,666,1,247.5,1,1,1,111,Lost Customers
15294.0,233.35,1,97,2010-10-25 11:45:00,2010-10-25 11:45:00,11.049999999999999,1.0,222.29999999999998,4.735376044568245,411,1,222.29999999999998,1,1,1,111,Lost Customers
15295.0,207.04,1,139,2010-02-23 13:03:00,2010-02-23 13:03:00,0.0,0.0,207.04,0.0,654,1,207.04,1,1,1,111,Lost Customers
15296.0,10323.03,12,5452,2010-01-21 13:48:00,2011-10-20 11:47:00,118.89999999999999,8.0,10204.130000000001,1.1517936109843716,51,12,10204.130000000001,3,4,4,344,Champions
15297.0,641.94,3,292,2011-10-07 09:42:00,2011-11-29 16:32:00,6.9,1.0,635.0400000000001,1.0748668099822414,10,3,635.0400000000001,4,2,2,422,Potential Loyalists
15298.0,9061.77,23,6000,2009-12-08 17:04:00,2011-12-07 17:17:00,1103.34,6.0,7958.43,12.175766985919969,2,23,7958.43,4,4,4,444,Champions
15299.0,6156.53,10,3356,2010-01-12 11:34:00,2011-10-03 14:19:00,747.92,5.0,5408.61,12.14840177827445,67,10,5408.61,3,4,4,344,Champions
15300.0,496.44,1,292,2011-10-06 17:08:00,2011-10-06 17:08:00,0.0,0.0,496.44,0.0,64,1,496.44,3,1,2,312,Potential Loyalists
15301.0,6909.67,17,3763,2010-09-15 15:41:00,2011-10-20 09:57:00,42.23,2.0,6867.4400000000005,0.6111724583084286,51,17,6867.4400000000005,3,4,4,344,Champions
15302.0,308.0,1,102,2009-12-09 13:11:00,2009-12-09 13:11:00,16.95,1.0,291.05,5.503246753246753,730,1,291.05,1,1,1,111,Lost Customers
15303.0,1224.18,3,514,2010-01-25 09:42:00,2011-02-22 13:59:00,45.4,1.0,1178.78,3.708604943717427,290,3,1178.78,2,2,3,223,Regular Customers
15304.0,796.4000000000001,9,112,2010-10-14 10:24:00,2011-10-10 10:23:00,14.100000000000001,2.0,782.3000000000001,1.7704671019588145,61,9,782.3000000000001,3,4,2,342,Loyal Customers
15305.0,93.6,1,40,2010-06-02 13:50:00,2010-06-02 13:50:00,0.0,0.0,93.6,0.0,555,1,93.6,1,1,1,111,Lost Customers
15306.0,3484.73,9,3074,2010-02-18 17:12:00,2011-10-06 12:56:00,3.75,1.0,3480.98,0.10761235447222597,64,9,3480.98,3,4,4,344,Champions
15307.0,205.3,1,37,2011-09-05 11:38:00,2011-09-05 11:38:00,0.0,0.0,205.3,0.0,96,1,205.3,2,1,1,211,Regular Customers
15308.0,310.47,1,175,2011-03-10 13:08:00,2011-03-10 13:08:00,8.2,1.0,302.27000000000004,2.6411569555834697,274,1,302.27000000000004,2,1,1,211,Regular Customers
15309.0,797.96,4,440,2009-12-04 13:01:00,2010-04-08 11:11:00,82.43,6.0,715.53,10.330091733921499,611,4,715.53,1,3,2,132,Regular Customers
15310.0,1634.64,1,1476,2010-08-18 11:38:00,2010-08-18 11:38:00,0.0,0.0,1634.64,0.0,479,1,1634.64,1,1,3,113,Lost Customers
15311.0,114966.42,208,70149,2009-12-01 11:21:00,2011-12-09 12:00:00,3227.06,62.0,111739.36,2.8069587623934016,1,208,111739.36,4,4,4,444,Champions
15312.0,2930.19,12,1693,2009-12-16 09:23:00,2011-09-25 13:10:00,13.7,2.0,2916.4900000000002,0.46754647309560127,75,12,2916.4900000000002,3,4,4,344,Champions
15313.0,52.0,1,25,2011-08-21 16:02:00,2011-08-21 16:02:00,0.0,0.0,52.0,0.0,110,1,52.0,2,1,1,211,Regular Customers
15314.0,820.4499999999999,3,750,2010-10-07 15:41:00,2011-05-24 14:39:00,19.799999999999997,1.0,800.65,2.4133097690291914,199,3,800.65,2,2,2,222,Regular Customers
15315.0,570.5,2,862,2011-08-15 15:17:00,2011-10-06 12:51:00,18.96,1.0,551.54,3.323400525854514,64,2,551.54,3,2,2,322,Potential Loyalists
15316.0,165.0,1,100,2011-01-17 11:34:00,2011-01-17 11:34:00,0.0,0.0,165.0,0.0,327,1,165.0,2,1,1,211,Regular Customers
15317.0,129.75,1,45,2010-01-31 15:55:00,2010-01-31 15:55:00,17.700000000000003,1.0,112.05,13.641618497109828,677,1,112.05,1,1,1,111,Lost Customers
15318.0,312.62,1,642,2011-12-06 11:30:00,2011-12-06 11:30:00,0.0,0.0,312.62,0.0,4,1,312.62,4,1,1,411,Potential Loyalists
15319.0,204.5,1,175,2011-03-01 12:48:00,2011-03-01 12:48:00,0.0,0.0,204.5,0.0,284,1,204.5,2,1,1,211,Regular Customers
15320.0,267.13,1,326,2011-10-26 13:27:00,2011-10-26 13:27:00,0.0,0.0,267.13,0.0,44,1,267.13,3,1,1,311,Potential Loyalists
15321.0,6709.7300000000005,12,3653,2010-02-03 09:47:00,2011-09-30 09:40:00,136.33,6.0,6573.400000000001,2.0318254236757665,71,12,6573.400000000001,3,4,4,344,Champions
15322.0,1390.86,2,971,2010-08-20 13:10:00,2011-09-15 09:34:00,76.71,1.0,1314.1499999999999,5.515292696604978,86,2,1314.1499999999999,3,2,3,323,Potential Loyalists
15323.0,434.6,3,188,2010-02-16 09:21:00,2010-05-26 10:01:00,113.7,1.0,320.90000000000003,26.161988034974687,563,3,320.90000000000003,1,2,1,121,Lost Customers
15324.0,140.22000000000003,1,74,2010-01-07 14:37:00,2010-01-07 14:37:00,0.0,0.0,140.22000000000003,0.0,701,1,140.22000000000003,1,1,1,111,Lost Customers
15325.0,1601.46,8,1382,2010-02-16 13:30:00,2011-08-28 11:55:00,5.2,1.0,1596.26,0.32470370786657177,104,8,1596.26,2,4,3,243,At Risk
15326.0,1700.52,5,1351,2009-12-01 13:19:00,2011-01-10 11:38:00,170.7,5.0,1529.82,10.038105991108601,334,5,1529.82,2,3,3,233,At Risk
15327.0,208.75,1,116,2011-10-18 11:55:00,2011-10-18 11:55:00,0.0,0.0,208.75,0.0,53,1,208.75,3,1,1,311,Potential Loyalists
15328.0,107.24,1,88,2010-10-28 09:05:00,2010-10-28 09:05:00,0.0,0.0,107.24,0.0,408,1,107.24,1,1,1,111,Lost Customers
15329.0,2958.83,11,1217,2009-12-14 12:18:00,2011-10-31 15:36:00,223.65,9.0,2735.18,7.558730984882539,39,11,2735.18,3,4,4,344,Champions
15330.0,714.96,2,1312,2011-10-10 12:30:00,2011-11-07 17:50:00,0.0,0.0,714.96,0.0,32,2,714.96,3,2,2,322,Potential Loyalists
15331.0,767.91,3,701,2010-04-09 14:26:00,2010-07-28 09:42:00,12.5,1.0,755.41,1.6277949238843095,500,3,755.41,1,2,2,122,Lost Customers
15332.0,4892.68,6,2306,2010-07-14 13:01:00,2010-12-08 14:43:00,0.0,0.0,4892.68,0.0,366,6,4892.68,2,3,4,234,At Risk
15333.0,1028.56,1,344,2011-05-15 13:27:00,2011-05-15 13:27:00,0.0,0.0,1028.56,0.0,208,1,1028.56,2,1,3,213,Regular Customers
15334.0,350.82,3,273,2011-06-19 13:51:00,2011-07-06 11:22:00,0.0,0.0,350.82,0.0,157,3,350.82,2,2,2,222,Regular Customers
15335.0,170.22,1,79,2011-10-17 12:50:00,2011-10-17 12:50:00,0.0,0.0,170.22,0.0,54,1,170.22,3,1,1,311,Potential Loyalists
15336.0,240.5,1,84,2010-11-03 12:39:00,2010-11-03 12:39:00,0.0,0.0,240.5,0.0,402,1,240.5,1,1,1,111,Lost Customers
15337.0,373.02,1,200,2010-10-24 15:29:00,2010-10-24 15:29:00,28.3,1.0,344.71999999999997,7.586724572408987,411,1,344.71999999999997,1,1,2,112,Lost Customers
15338.0,277.93,1,148,2010-01-31 14:25:00,2010-01-31 14:25:00,0.0,0.0,277.93,0.0,677,1,277.93,1,1,1,111,Lost Customers
15339.0,1821.02,7,1138,2010-02-08 13:38:00,2011-10-04 12:51:00,193.75,4.0,1627.27,10.639641519587924,66,7,1627.27,3,4,3,343,Champions
15340.0,105.5,1,76,2010-05-27 10:27:00,2010-05-27 10:27:00,0.0,0.0,105.5,0.0,562,1,105.5,1,1,1,111,Lost Customers
15341.0,2402.7200000000003,2,1008,2010-09-16 16:41:00,2011-09-20 09:40:00,1.7,1.0,2401.0200000000004,0.0707531464340414,81,2,2401.0200000000004,3,2,4,324,Potential Loyalists
15342.0,406.09,1,283,2011-08-02 10:19:00,2011-08-02 10:19:00,14.33,1.0,391.76,3.528774409613632,130,1,391.76,2,1,2,212,Regular Customers
15343.0,364.5,1,84,2011-09-13 13:55:00,2011-09-13 13:55:00,0.0,0.0,364.5,0.0,87,1,364.5,3,1,2,312,Potential Loyalists
15344.0,563.94,3,116,2011-09-26 14:48:00,2011-12-09 10:45:00,87.36,2.0,476.58000000000004,15.49100968188105,1,3,476.58000000000004,4,2,2,422,Potential Loyalists
15345.0,393.54,1,81,2011-10-25 11:28:00,2011-10-25 11:28:00,25.85,1.0,367.69,6.568582609137572,46,1,367.69,3,1,2,312,Potential Loyalists
15346.0,596.12,3,260,2010-10-04 15:11:00,2011-01-11 11:18:00,4.47,1.0,591.65,0.7498490236865061,333,3,591.65,2,2,2,222,Regular Customers
15347.0,1162.0,4,542,2010-09-28 12:50:00,2010-12-08 15:25:00,29.700000000000003,2.0,1132.3,2.555938037865749,366,4,1132.3,2,3,3,233,At Risk
15348.0,158.04,1,84,2011-09-28 13:17:00,2011-09-28 13:17:00,0.0,0.0,158.04,0.0,72,1,158.04,3,1,1,311,Potential Loyalists
15349.0,463.90999999999997,2,321,2011-06-05 15:46:00,2011-07-04 16:06:00,0.0,0.0,463.90999999999997,0.0,158,2,463.90999999999997,2,2,2,222,Regular Customers
15350.0,547.6,2,272,2010-11-21 15:14:00,2010-12-01 13:33:00,0.0,0.0,547.6,0.0,373,2,547.6,2,2,2,222,Regular Customers
15351.0,3430.22,10,1350,2010-10-03 12:18:00,2011-11-27 12:52:00,109.72,5.0,3320.5,3.1986286593862787,12,10,3320.5,4,4,4,444,Champions
15352.0,111.15,1,40,2010-06-09 11:28:00,2010-06-09 11:28:00,0.0,0.0,111.15,0.0,549,1,111.15,1,1,1,111,Lost Customers
15353.0,2794.4700000000003,7,1391,2009-12-02 11:33:00,2011-03-30 12:15:00,21.9,1.0,2772.57,0.7836906461690409,255,7,2772.57,2,4,4,244,At Risk
15355.0,277.05,2,45,2011-10-17 15:22:00,2011-11-10 13:44:00,0.0,0.0,277.05,0.0,29,2,277.05,3,2,1,321,Potential Loyalists
15356.0,3239.57,13,1892,2010-10-13 13:12:00,2011-11-08 13:11:00,0.0,0.0,3239.57,0.0,31,13,3239.57,3,4,4,344,Champions
15358.0,16425.86,42,14902,2009-12-07 12:19:00,2011-12-05 09:04:00,212.21,13.0,16213.650000000001,1.291926267483103,5,42,16213.650000000001,4,4,4,444,Champions
15359.0,181.35,8,145,2010-01-15 11:30:00,2010-02-15 10:47:00,18.75,1.0,162.6,10.33912324234905,663,8,162.6,1,4,1,141,Regular Customers
15360.0,427.93,1,223,2011-10-31 09:35:00,2011-10-31 09:35:00,0.0,0.0,427.93,0.0,40,1,427.93,3,1,2,312,Potential Loyalists
15361.0,689.07,4,373,2010-06-14 13:27:00,2010-12-13 09:52:00,0.0,0.0,689.07,0.0,362,4,689.07,2,3,2,232,Regular Customers
15362.0,613.08,2,368,2009-12-01 09:08:00,2010-09-17 10:37:00,0.0,0.0,613.08,0.0,449,2,613.08,1,2,2,122,Lost Customers
15363.0,678.11,2,383,2010-08-04 08:41:00,2010-12-02 12:28:00,7.95,1.0,670.16,1.1723761631593694,373,2,670.16,2,2,2,222,Regular Customers
15364.0,913.19,2,493,2011-03-30 13:39:00,2011-09-05 09:46:00,0.0,0.0,913.19,0.0,96,2,913.19,2,2,3,223,Regular Customers
15365.0,4557.13,13,2131,2010-02-04 16:43:00,2011-11-14 08:29:00,983.87,2.0,3573.26,21.589684735787657,26,13,3573.26,3,4,4,344,Champions
15366.0,2389.08,7,2447,2010-02-26 10:10:00,2011-09-25 15:01:00,0.0,0.0,2389.08,0.0,75,7,2389.08,3,4,4,344,Champions
15367.0,5081.33,11,2944,2009-12-10 14:20:00,2011-10-13 14:13:00,75.6,2.0,5005.73,1.4877994540799357,57,11,5005.73,3,4,4,344,Champions
15368.0,722.74,2,406,2010-11-10 15:52:00,2011-11-18 14:42:00,0.0,0.0,722.74,0.0,21,2,722.74,4,2,2,422,Potential Loyalists
15369.0,6251.26,11,3288,2009-12-08 07:43:00,2010-08-04 13:54:00,4537.87,2.0,1713.3900000000003,72.59128559682367,492,11,1713.3900000000003,1,4,3,143,At Risk
15370.0,3739.01,8,1397,2010-10-25 12:08:00,2011-10-30 10:58:00,25.5,1.0,3713.51,0.6819987108887111,41,8,3713.51,3,4,4,344,Champions
15371.0,59.400000000000006,1,12,2010-02-15 13:14:00,2010-02-15 13:14:00,0.0,0.0,59.400000000000006,0.0,662,1,59.400000000000006,1,1,1,111,Lost Customers
15372.0,6017.06,8,6410,2010-02-14 11:24:00,2011-07-25 16:39:00,62.64,2.0,5954.42,1.041039976333957,137,8,5954.42,2,4,4,244,At Risk
15373.0,3084.54,17,726,2010-05-02 11:57:00,2011-12-01 15:05:00,202.79999999999998,1.0,2881.74,6.574724270069443,8,17,2881.74,4,4,4,444,Champions
15374.0,307.32,2,290,2010-03-25 12:03:00,2011-08-03 09:59:00,0.0,0.0,307.32,0.0,129,2,307.32,2,2,1,221,Regular Customers
15375.0,60.959999999999994,1,84,2010-01-18 15:38:00,2010-01-18 15:38:00,0.0,0.0,60.959999999999994,0.0,690,1,60.959999999999994,1,1,1,111,Lost Customers
15376.0,1221.56,3,615,2011-05-01 13:45:00,2011-10-30 15:04:00,0.0,0.0,1221.56,0.0,40,3,1221.56,3,2,3,323,Potential Loyalists
15377.0,1211.75,4,253,2010-10-20 11:42:00,2010-11-22 08:55:00,31.8,1.0,1179.95,2.624303693005983,383,4,1179.95,1,3,3,133,At Risk
15378.0,246.5,2,130,2010-07-26 08:47:00,2010-09-03 11:30:00,0.0,0.0,246.5,0.0,463,2,246.5,1,2,1,121,Lost Customers
15379.0,4877.84,8,3000,2010-11-04 11:59:00,2011-06-23 13:13:00,71.4,1.0,4806.4400000000005,1.463762649041379,169,8,4806.4400000000005,2,4,4,244,At Risk
15380.0,3248.96,11,954,2009-12-01 13:50:00,2011-12-01 12:13:00,56.86000000000001,2.0,3192.1,1.7500984930562398,9,11,3192.1,4,4,4,444,Champions
15381.0,1890.5700000000002,5,802,2010-05-05 14:35:00,2011-05-10 11:55:00,2.95,1.0,1887.6200000000001,0.15603759712679244,214,5,1887.6200000000001,2,3,3,233,At Risk
15382.0,13733.550000000001,12,9178,2009-12-04 14:13:00,2011-11-25 10:58:00,87.05,8.0,13646.500000000002,0.6338492232525457,15,12,13646.500000000002,4,4,4,444,Champions
15384.0,2027.79,4,1767,2010-04-26 12:38:00,2011-06-23 10:57:00,6.65,1.0,2021.1399999999999,0.3279432288353331,170,4,2021.1399999999999,2,3,3,233,At Risk
15385.0,942.08,3,428,2010-01-31 13:02:00,2011-10-30 15:11:00,0.0,0.0,942.08,0.0,40,3,942.08,3,2,3,323,Potential Loyalists
15386.0,394.14,1,446,2011-06-06 13:47:00,2011-06-06 13:47:00,0.0,0.0,394.14,0.0,186,1,394.14,2,1,2,212,Regular Customers
15387.0,468.65,1,335,2010-08-04 16:05:00,2010-08-04 16:05:00,0.0,0.0,468.65,0.0,492,1,468.65,1,1,2,112,Lost Customers
15388.0,140.54,1,88,2011-03-14 13:53:00,2011-03-14 13:53:00,0.0,0.0,140.54,0.0,270,1,140.54,2,1,1,211,Regular Customers
15389.0,2733.8,5,3940,2010-01-27 12:44:00,2011-06-20 16:18:00,0.0,0.0,2733.8,0.0,172,5,2733.8,2,3,4,234,At Risk
15390.0,1216.66,2,894,2010-10-26 17:23:00,2010-11-08 15:19:00,0.0,0.0,1216.66,0.0,396,2,1216.66,1,2,3,123,Lost Customers
15391.0,289.87,1,109,2010-05-04 15:04:00,2010-05-04 15:04:00,6.95,1.0,282.92,2.3976265222341047,584,1,282.92,1,1,1,111,Lost Customers
15392.0,2911.62,7,2144,2010-10-04 12:50:00,2011-12-05 11:01:00,19.799999999999997,1.0,2891.8199999999997,0.6800337956189337,5,7,2891.8199999999997,4,4,4,444,Champions
15393.0,891.34,5,378,2009-12-15 17:56:00,2011-11-23 16:48:00,0.0,0.0,891.34,0.0,16,5,891.34,4,3,3,433,Champions
15394.0,5286.8,11,2372,2009-12-15 19:05:00,2011-11-30 11:49:00,35.4,2.0,5251.400000000001,0.6695921918741016,10,11,5251.400000000001,4,4,4,444,Champions
15395.0,107.45,1,17,2011-01-18 12:40:00,2011-01-18 12:40:00,0.0,0.0,107.45,0.0,326,1,107.45,2,1,1,211,Regular Customers
15396.0,796.38,2,278,2010-05-05 09:04:00,2011-08-19 10:56:00,0.0,0.0,796.38,0.0,113,2,796.38,2,2,2,222,Regular Customers
15397.0,94.0,1,20,2011-02-23 09:25:00,2011-02-23 09:25:00,0.0,0.0,94.0,0.0,290,1,94.0,2,1,1,211,Regular Customers
15398.0,1345.53,2,769,2011-09-22 14:56:00,2011-11-23 16:47:00,5.9,1.0,1339.6299999999999,0.43848892258069316,16,2,1339.6299999999999,4,2,3,423,Potential Loyalists
15399.0,815.77,3,611,2011-09-21 15:57:00,2011-12-08 13:04:00,0.0,0.0,815.77,0.0,1,3,815.77,4,2,2,422,Potential Loyalists
15400.0,1302.3,8,662,2010-05-28 08:33:00,2011-09-08 13:57:00,49.5,1.0,1252.8,3.8009675190048378,92,8,1252.8,3,4,3,343,Champions
15401.0,216.95000000000002,2,93,2010-05-20 10:56:00,2010-09-13 13:42:00,0.0,0.0,216.95000000000002,0.0,452,2,216.95000000000002,1,2,1,121,Lost Customers
15402.0,1830.54,6,2034,2010-04-27 12:12:00,2011-07-14 12:17:00,13.899999999999999,1.0,1816.6399999999999,0.7593387743507379,149,6,1816.6399999999999,2,3,3,233,At Risk
15403.0,170.88,2,492,2009-12-09 12:45:00,2010-08-05 12:21:00,0.0,0.0,170.88,0.0,492,2,170.88,1,2,1,121,Lost Customers
15404.0,257.06,1,334,2010-11-29 11:03:00,2010-11-29 11:03:00,0.0,0.0,257.06,0.0,376,1,257.06,2,1,1,211,Regular Customers
15405.0,659.84,2,348,2010-05-12 15:56:00,2011-06-03 14:44:00,0.0,0.0,659.84,0.0,189,2,659.84,2,2,2,222,Regular Customers
15406.0,975.87,4,547,2010-09-12 13:06:00,2011-11-08 13:22:00,84.1,2.0,891.77,8.617951161527662,31,4,891.77,3,3,3,333,Champions
15407.0,1046.74,4,552,2011-02-07 13:18:00,2011-11-06 11:55:00,0.0,0.0,1046.74,0.0,34,4,1046.74,3,3,3,333,Champions
15408.0,267.18,1,106,2011-03-20 15:02:00,2011-03-20 15:02:00,0.0,0.0,267.18,0.0,264,1,267.18,2,1,1,211,Regular Customers
15409.0,131.25,1,59,2009-12-18 15:35:00,2009-12-18 15:35:00,14.05,1.0,117.2,10.704761904761906,721,1,117.2,1,1,1,111,Lost Customers
15410.0,4685.72,10,1902,2010-04-19 08:57:00,2011-09-16 14:47:00,0.0,0.0,4685.72,0.0,84,10,4685.72,3,4,4,344,Champions
15411.0,1348.93,4,529,2011-06-10 12:30:00,2011-11-13 15:19:00,12.5,1.0,1336.43,0.9266603900869577,26,4,1336.43,3,3,3,333,Champions
15412.0,190.53,1,108,2011-06-21 15:24:00,2011-06-21 15:24:00,0.0,0.0,190.53,0.0,171,1,190.53,2,1,1,211,Regular Customers
15414.0,774.9000000000001,3,443,2011-04-11 13:45:00,2011-11-30 09:50:00,0.0,0.0,774.9000000000001,0.0,10,3,774.9000000000001,4,2,2,422,Potential Loyalists
15415.0,559.61,1,551,2011-01-30 14:13:00,2011-01-30 14:13:00,0.0,0.0,559.61,0.0,313,1,559.61,2,1,2,212,Regular Customers
15416.0,4572.82,7,2420,2010-02-01 11:55:00,2011-10-06 09:38:00,18.17,2.0,4554.65,0.3973478072611649,65,7,4554.65,3,4,4,344,Champions
15417.0,508.8,1,284,2011-09-15 15:26:00,2011-09-15 15:26:00,0.0,0.0,508.8,0.0,85,1,508.8,3,1,2,312,Potential Loyalists
15418.0,449.42,2,264,2010-05-02 11:31:00,2010-10-10 13:38:00,0.0,0.0,449.42,0.0,425,2,449.42,1,2,2,122,Lost Customers
15419.0,135.86,1,230,2011-11-15 09:23:00,2011-11-15 09:23:00,0.0,0.0,135.86,0.0,25,1,135.86,4,1,1,411,Potential Loyalists
15420.0,743.0,6,844,2009-12-05 13:29:00,2010-10-01 15:46:00,0.0,0.0,743.0,0.0,434,6,743.0,1,3,2,132,Regular Customers
15421.0,3805.34,10,1927,2009-12-07 15:10:00,2011-10-12 09:20:00,0.0,0.0,3805.34,0.0,59,10,3805.34,3,4,4,344,Champions
15422.0,1619.97,7,710,2010-02-07 11:52:00,2011-01-20 16:17:00,4.95,1.0,1615.02,0.30556121409655734,323,7,1615.02,2,4,3,243,At Risk
15423.0,266.89,3,198,2010-03-28 13:42:00,2011-11-01 14:01:00,47.75,1.0,219.14,17.891266064670837,38,3,219.14,3,2,1,321,Potential Loyalists
15424.0,597.78,3,873,2010-09-02 17:17:00,2011-03-30 13:02:00,0.0,0.0,597.78,0.0,254,3,597.78,2,2,2,222,Regular Customers
15425.0,1941.1200000000001,4,1041,2010-02-14 12:36:00,2010-11-04 18:13:00,0.0,0.0,1941.1200000000001,0.0,400,4,1941.1200000000001,1,3,3,133,At Risk
15426.0,2156.35,9,1041,2010-05-02 15:10:00,2011-11-20 15:36:00,17.49,2.0,2138.86,0.811092818883762,19,9,2138.86,4,4,3,443,Champions
15427.0,1430.54,3,967,2011-10-23 14:47:00,2011-11-06 14:29:00,0.0,0.0,1430.54,0.0,33,3,1430.54,3,2,3,323,Potential Loyalists
15428.0,762.75,4,347,2009-12-17 17:46:00,2011-11-24 16:54:00,0.0,0.0,762.75,0.0,15,4,762.75,4,3,2,432,Loyal Customers
15429.0,397.35,2,380,2011-09-25 13:42:00,2011-11-13 12:28:00,32.45,1.0,364.90000000000003,8.166603749842709,27,2,364.90000000000003,3,2,2,322,Potential Loyalists
15430.0,954.75,2,309,2010-06-29 15:04:00,2010-08-29 10:42:00,51.0,1.0,903.75,5.341712490180676,468,2,903.75,1,2,3,123,Lost Customers
15431.0,153.24,1,84,2010-07-25 12:44:00,2010-07-25 12:44:00,0.0,0.0,153.24,0.0,503,1,153.24,1,1,1,111,Lost Customers
15432.0,320.76,2,92,2010-06-16 14:34:00,2011-11-16 16:30:00,19.5,2.0,301.26,6.0793116348671905,23,2,301.26,4,2,1,421,Potential Loyalists
15433.0,533.3,2,534,2011-03-17 14:12:00,2011-05-10 10:45:00,115.43,1.0,417.86999999999995,21.644477779861244,214,2,417.86999999999995,2,2,2,222,Regular Customers
15434.0,2567.06,11,1423,2010-01-24 15:35:00,2011-12-01 13:33:00,49.95,2.0,2517.11,1.9458057076967425,8,11,2517.11,4,4,4,444,Champions
15435.0,149.29,1,54,2011-11-17 16:39:00,2011-11-17 16:39:00,0.0,0.0,149.29,0.0,22,1,149.29,4,1,1,411,Potential Loyalists
15436.0,1067.75,3,574,2011-04-19 16:52:00,2011-11-27 16:05:00,0.0,0.0,1067.75,0.0,12,3,1067.75,4,2,3,423,Potential Loyalists
15437.0,393.45,2,177,2010-03-09 10:45:00,2011-03-22 13:11:00,0.0,0.0,393.45,0.0,262,2,393.45,2,2,2,222,Regular Customers
15438.0,156.57999999999998,1,59,2011-07-31 14:19:00,2011-07-31 14:19:00,0.0,0.0,156.57999999999998,0.0,131,1,156.57999999999998,2,1,1,211,Regular Customers
15439.0,1269.05,4,572,2010-02-24 12:05:00,2010-10-31 10:38:00,0.0,0.0,1269.05,0.0,405,4,1269.05,1,3,3,133,At Risk
15440.0,383.68,3,197,2011-05-15 11:30:00,2011-10-16 12:16:00,0.0,0.0,383.68,0.0,55,3,383.68,3,2,2,322,Potential Loyalists
15441.0,1254.21,3,587,2009-12-09 14:55:00,2010-11-08 15:50:00,0.0,0.0,1254.21,0.0,396,3,1254.21,1,2,3,123,Lost Customers
15442.0,594.0,1,120,2011-04-05 12:24:00,2011-04-05 12:24:00,0.0,0.0,594.0,0.0,249,1,594.0,2,1,2,212,Regular Customers
15443.0,5114.23,14,2699,2010-03-07 12:10:00,2011-12-08 10:40:00,59.79,2.0,5054.44,1.1690909481974805,2,14,5054.44,4,4,4,444,Champions
15444.0,1411.21,2,759,2011-10-30 16:12:00,2011-11-30 17:37:00,0.0,0.0,1411.21,0.0,9,2,1411.21,4,2,3,423,Potential Loyalists
15445.0,284.5,2,118,2010-04-28 15:00:00,2011-03-20 15:06:00,0.0,0.0,284.5,0.0,264,2,284.5,2,2,1,221,Regular Customers
15446.0,399.75,3,265,2009-12-13 13:53:00,2010-11-28 11:59:00,8.1,2.0,391.65,2.026266416510319,377,3,391.65,2,2,2,222,Regular Customers
15447.0,492.88,5,228,2010-03-24 14:40:00,2011-01-13 11:26:00,7.95,1.0,484.93,1.6129686739165718,331,5,484.93,2,3,2,232,Regular Customers
15448.0,788.81,2,487,2010-02-03 13:29:00,2011-01-31 10:42:00,0.0,0.0,788.81,0.0,313,2,788.81,2,2,2,222,Regular Customers
15449.0,974.52,3,812,2011-03-23 10:43:00,2011-11-13 15:02:00,3.3,2.0,971.22,0.3386282477527398,26,3,971.22,3,2,3,323,Potential Loyalists
15450.0,429.84,1,376,2011-11-09 17:11:00,2011-11-09 17:11:00,0.0,0.0,429.84,0.0,30,1,429.84,3,1,2,312,Potential Loyalists
15451.0,226.86,2,76,2010-04-19 14:08:00,2010-10-01 13:40:00,0.0,0.0,226.86,0.0,434,2,226.86,1,2,1,121,Lost Customers
15452.0,1785.1100000000001,6,1087,2010-07-16 14:23:00,2011-11-10 12:13:00,0.0,0.0,1785.1100000000001,0.0,30,6,1785.1100000000001,3,3,3,333,Champions
15453.0,1371.77,7,837,2011-06-05 12:37:00,2011-12-08 10:59:00,0.0,0.0,1371.77,0.0,2,7,1371.77,4,4,3,443,Champions
15454.0,305.99,2,146,2010-03-31 13:15:00,2010-12-12 14:21:00,0.0,0.0,305.99,0.0,362,2,305.99,2,2,1,221,Regular Customers
15455.0,38.25,1,3,2010-04-21 12:43:00,2010-04-21 12:43:00,0.0,0.0,38.25,0.0,598,1,38.25,1,1,1,111,Lost Customers
15456.0,2091.52,10,2727,2009-12-08 12:54:00,2011-03-01 13:51:00,0.0,0.0,2091.52,0.0,283,10,2091.52,2,4,3,243,At Risk
15457.0,237.07,1,132,2011-03-22 15:31:00,2011-03-22 15:31:00,0.0,0.0,237.07,0.0,262,1,237.07,2,1,1,211,Regular Customers
15458.0,370.43999999999994,2,300,2010-11-02 19:50:00,2011-11-14 13:08:00,0.0,0.0,370.43999999999994,0.0,25,2,370.43999999999994,4,2,2,422,Potential Loyalists
15459.0,202.82999999999998,2,121,2010-07-30 14:31:00,2010-10-18 15:25:00,0.0,0.0,202.82999999999998,0.0,417,2,202.82999999999998,1,2,1,121,Lost Customers
15460.0,214.26,1,107,2010-12-20 16:08:00,2010-12-20 16:08:00,0.0,0.0,214.26,0.0,354,1,214.26,2,1,1,211,Regular Customers
15461.0,429.7,2,230,2010-03-18 12:40:00,2010-09-05 12:31:00,38.4,1.0,391.3,8.936467302769374,461,2,391.3,1,2,2,122,Lost Customers
15462.0,737.05,4,495,2010-09-20 10:23:00,2011-09-06 13:11:00,0.0,0.0,737.05,0.0,94,4,737.05,3,3,2,332,Loyal Customers
15463.0,126.14,1,106,2011-11-10 12:57:00,2011-11-10 12:57:00,0.0,0.0,126.14,0.0,29,1,126.14,3,1,1,311,Potential Loyalists
15464.0,1044.65,1,348,2011-01-05 15:56:00,2011-01-05 15:56:00,0.0,0.0,1044.65,0.0,338,1,1044.65,2,1,3,213,Regular Customers
15465.0,12100.4,32,2638,2009-12-10 09:42:00,2011-11-20 10:11:00,429.5,7.0,11670.9,3.549469439026809,20,32,11670.9,4,4,4,444,Champions
15466.0,1560.46,4,941,2009-12-03 12:28:00,2011-09-15 14:08:00,0.0,0.0,1560.46,0.0,85,4,1560.46,3,3,3,333,Champions
15467.0,524.88,3,310,2011-07-10 14:42:00,2011-11-30 14:17:00,13.0,1.0,511.88,2.4767565919829293,9,3,511.88,4,2,2,422,Potential Loyalists
15468.0,1430.48,3,1400,2010-11-12 09:39:00,2011-10-19 13:49:00,43.0,4.0,1387.48,3.0059840053688274,51,3,1387.48,3,2,3,323,Potential Loyalists
15469.0,874.25,3,287,2010-09-27 10:09:00,2011-10-20 16:21:00,39.849999999999994,3.0,834.4,4.558192736631398,50,3,834.4,3,2,2,322,Potential Loyalists
15470.0,63.419999999999995,1,232,2010-05-13 09:35:00,2010-05-13 09:35:00,0.0,0.0,63.419999999999995,0.0,576,1,63.419999999999995,1,1,1,111,Lost Customers
15471.0,1292.01,3,670,2010-06-07 12:17:00,2011-12-07 14:12:00,0.0,0.0,1292.01,0.0,2,3,1292.01,4,2,3,423,Potential Loyalists
15472.0,371.56,1,251,2011-08-18 15:17:00,2011-08-18 15:17:00,0.0,0.0,371.56,0.0,113,1,371.56,2,1,2,212,Regular Customers
15473.0,2046.0,8,776,2010-09-21 09:14:00,2011-11-25 15:15:00,306.0,3.0,1740.0,14.95601173020528,14,8,1740.0,4,4,3,443,Champions
15474.0,150.35,1,55,2010-04-23 11:14:00,2010-04-23 11:14:00,0.0,0.0,150.35,0.0,596,1,150.35,1,1,1,111,Lost Customers
15475.0,454.10999999999996,1,319,2011-09-23 15:20:00,2011-09-23 15:20:00,0.0,0.0,454.10999999999996,0.0,77,1,454.10999999999996,3,1,2,312,Potential Loyalists
15476.0,2209.98,4,1174,2010-09-23 14:00:00,2010-11-24 15:17:00,29.700000000000003,1.0,2180.28,1.3439035647381425,380,4,2180.28,1,3,3,133,At Risk
15477.0,368.4,1,216,2010-02-28 10:37:00,2010-02-28 10:37:00,0.0,0.0,368.4,0.0,650,1,368.4,1,1,2,112,Lost Customers
15478.0,1983.48,3,894,2010-05-13 18:49:00,2011-10-30 14:19:00,0.0,0.0,1983.48,0.0,40,3,1983.48,3,2,3,323,Potential Loyalists
15479.0,147.4,1,38,2009-12-06 15:08:00,2009-12-06 15:08:00,0.0,0.0,147.4,0.0,733,1,147.4,1,1,1,111,Lost Customers
15480.0,6279.0,5,1852,2010-02-01 14:52:00,2011-08-15 14:32:00,2686.75,2.0,3592.25,42.789456919891705,116,5,3592.25,2,3,4,234,At Risk
15481.0,1993.34,1,1450,2010-11-03 14:52:00,2010-11-03 14:52:00,0.0,0.0,1993.34,0.0,401,1,1993.34,1,1,3,113,Lost Customers
15482.0,14417.36,19,6516,2009-12-02 16:59:00,2011-11-24 10:46:00,6484.73,5.0,7932.630000000001,44.97862299339129,16,19,7932.630000000001,4,4,4,444,Champions
15483.0,817.8199999999999,10,905,2010-01-24 15:42:00,2011-07-01 13:07:00,0.0,0.0,817.8199999999999,0.0,161,10,817.8199999999999,2,4,2,242,Regular Customers
15484.0,4652.1,6,4074,2009-12-05 15:18:00,2011-12-08 15:03:00,31.2,1.0,4620.900000000001,0.6706648610305023,1,6,4620.900000000001,4,3,4,434,Champions
15485.0,4810.92,7,2153,2009-12-01 17:31:00,2011-11-09 14:31:00,147.0,1.0,4663.92,3.0555486268738616,30,7,4663.92,3,4,4,344,Champions
15486.0,102.0,1,40,2010-06-30 13:15:00,2010-06-30 13:15:00,0.0,0.0,102.0,0.0,527,1,102.0,1,1,1,111,Lost Customers
15487.0,231.32,1,144,2010-01-29 12:07:00,2010-01-29 12:07:00,0.0,0.0,231.32,0.0,680,1,231.32,1,1,1,111,Lost Customers
15488.0,431.92,5,251,2010-05-05 13:03:00,2011-09-08 10:11:00,0.0,0.0,431.92,0.0,93,5,431.92,3,3,2,332,Loyal Customers
15489.0,2419.61,8,1264,2010-01-15 16:58:00,2011-11-17 08:53:00,92.25000000000001,4.0,2327.36,3.812597898008357,23,8,2327.36,4,4,4,444,Champions
15490.0,210.85,1,82,2010-10-05 13:11:00,2010-10-05 13:11:00,29.5,1.0,181.35,13.990988854635997,430,1,181.35,1,1,1,111,Lost Customers
15491.0,3100.09,6,1646,2011-04-18 10:04:00,2011-09-05 15:56:00,9.24,1.0,3090.8500000000004,0.2980558628943031,95,6,3090.8500000000004,3,3,4,334,Champions
15492.0,659.4599999999999,2,483,2011-09-26 14:02:00,2011-11-11 14:53:00,0.0,0.0,659.4599999999999,0.0,28,2,659.4599999999999,3,2,2,322,Potential Loyalists
15493.0,4121.68,9,1206,2010-02-23 11:14:00,2011-11-07 12:04:00,34.55,2.0,4087.13,0.8382504221579549,33,9,4087.13,3,4,4,344,Champions
15494.0,3702.6,5,3052,2009-12-10 20:16:00,2011-11-18 14:51:00,9.1,1.0,3693.5,0.24577324042564683,21,5,3693.5,4,3,4,434,Champions
15495.0,246.5,1,194,2010-11-25 13:46:00,2010-11-25 13:46:00,0.0,0.0,246.5,0.0,379,1,246.5,2,1,1,211,Regular Customers
15496.0,146.14000000000001,1,98,2010-03-18 13:16:00,2010-03-18 13:16:00,0.0,0.0,146.14000000000001,0.0,631,1,146.14000000000001,1,1,1,111,Lost Customers
15497.0,8657.39,9,2937,2009-12-18 15:08:00,2011-11-22 11:51:00,13.93,2.0,8643.46,0.16090299732367377,18,9,8643.46,4,4,4,444,Champions
15498.0,24972.86,44,12134,2009-12-16 17:27:00,2011-12-07 12:48:00,1897.77,11.0,23075.09,7.5993298324661245,3,44,23075.09,4,4,4,444,Champions
15499.0,158.65,1,59,2009-12-16 12:17:00,2009-12-16 12:17:00,0.0,0.0,158.65,0.0,724,1,158.65,1,1,1,111,Lost Customers
15500.0,1131.56,4,572,2011-09-19 13:47:00,2011-12-01 13:47:00,0.0,0.0,1131.56,0.0,8,4,1131.56,4,3,3,433,Champions
15501.0,399.95,2,205,2010-10-20 12:47:00,2010-10-31 11:15:00,0.0,0.0,399.95,0.0,405,2,399.95,1,2,2,122,Lost Customers
15502.0,13003.869999999999,14,5559,2010-06-03 11:12:00,2011-11-24 12:48:00,4934.54,13.0,8069.329999999999,37.94670355824843,16,14,8069.329999999999,4,4,4,444,Champions
15503.0,257.3,2,130,2009-12-13 11:34:00,2010-12-12 10:57:00,0.0,0.0,257.3,0.0,363,2,257.3,2,2,1,221,Regular Customers
15504.0,402.7,4,141,2010-02-12 12:34:00,2011-09-19 13:45:00,9.95,1.0,392.75,2.47082195182518,81,4,392.75,3,3,2,332,Loyal Customers
15505.0,3610.96,5,2390,2011-07-07 13:33:00,2011-10-18 07:56:00,113.82000000000001,2.0,3497.14,3.1520703635598295,53,5,3497.14,3,3,4,334,Champions
15506.0,2030.33,6,1637,2010-08-19 12:38:00,2011-11-17 12:11:00,0.0,0.0,2030.33,0.0,23,6,2030.33,4,3,3,433,Champions
15507.0,475.86,1,160,2011-06-21 11:19:00,2011-06-21 11:19:00,0.0,0.0,475.86,0.0,172,1,475.86,2,1,2,212,Regular Customers
15508.0,1000.27,6,440,2011-04-18 15:31:00,2011-06-03 15:43:00,0.0,0.0,1000.27,0.0,189,6,1000.27,2,3,3,233,At Risk
15509.0,152.41,1,58,2010-11-24 14:48:00,2010-11-24 14:48:00,0.0,0.0,152.41,0.0,380,1,152.41,1,1,1,111,Lost Customers
15510.0,250.0,1,2,2011-01-13 12:10:00,2011-01-13 12:10:00,0.0,0.0,250.0,0.0,331,1,250.0,2,1,1,211,Regular Customers
15511.0,900.53,5,269,2011-09-15 15:05:00,2011-11-28 09:43:00,0.0,0.0,900.53,0.0,12,5,900.53,4,3,3,433,Champions
15512.0,331.58,4,235,2010-02-01 13:23:00,2011-07-07 10:20:00,0.0,0.0,331.58,0.0,156,4,331.58,2,3,1,231,Regular Customers
15513.0,26437.05,35,10477,2010-01-13 14:59:00,2011-11-06 14:36:00,486.1,6.0,25950.95,1.8387074200790179,33,35,25950.95,3,4,4,344,Champions
15514.0,6392.06,18,4087,2009-12-04 16:37:00,2011-11-27 14:40:00,1116.2700000000002,2.0,5275.79,17.463384261098927,12,18,5275.79,4,4,4,444,Champions
15515.0,171.81,1,131,2010-11-17 13:39:00,2010-11-17 13:39:00,0.0,0.0,171.81,0.0,387,1,171.81,1,1,1,111,Lost Customers
15516.0,62.43,3,27,2011-10-24 11:33:00,2011-10-26 10:51:00,0.0,0.0,62.43,0.0,45,3,62.43,3,2,1,321,Potential Loyalists
15517.0,267.03,1,293,2011-04-20 14:02:00,2011-04-20 14:02:00,0.0,0.0,267.03,0.0,233,1,267.03,2,1,1,211,Regular Customers
15518.0,4189.99,15,2810,2009-12-20 12:21:00,2011-10-06 13:05:00,115.16,8.0,4074.83,2.7484552469098973,64,15,4074.83,3,4,4,344,Champions
15519.0,344.61,2,116,2010-09-19 13:57:00,2010-11-21 14:35:00,0.0,0.0,344.61,0.0,383,2,344.61,1,2,2,122,Lost Customers
15520.0,343.5,1,314,2011-12-08 10:58:00,2011-12-08 10:58:00,0.0,0.0,343.5,0.0,2,1,343.5,4,1,2,412,Potential Loyalists
15521.0,7098.24,16,4507,2010-01-05 10:19:00,2011-10-30 13:42:00,432.25,8.0,6665.99,6.08953768821567,40,16,6665.99,3,4,4,344,Champions
15522.0,397.99,2,572,2011-09-13 12:26:00,2011-11-07 11:26:00,0.0,0.0,397.99,0.0,33,2,397.99,3,2,2,322,Potential Loyalists
15523.0,17259.19,16,15633,2009-12-02 15:16:00,2011-09-16 16:29:00,139.95,2.0,17119.239999999998,0.8108723526422735,84,16,17119.239999999998,3,4,4,344,Champions
15524.0,591.4,2,28,2010-04-12 09:19:00,2011-11-15 12:09:00,0.0,0.0,591.4,0.0,25,2,591.4,4,2,2,422,Potential Loyalists
15525.0,890.22,4,527,2010-11-22 12:10:00,2011-12-07 14:43:00,14.899999999999999,1.0,875.32,1.673743569005414,2,4,875.32,4,3,3,433,Champions
15526.0,148.44,2,24,2011-11-06 15:01:00,2011-11-06 15:04:00,0.0,0.0,148.44,0.0,33,2,148.44,3,2,1,321,Potential Loyalists
15527.0,5554.89,23,2211,2009-12-15 17:31:00,2011-11-21 12:17:00,533.86,8.0,5021.030000000001,9.610631353636165,19,23,5021.030000000001,4,4,4,444,Champions
15528.0,229.33,1,123,2011-03-30 16:14:00,2011-03-30 16:14:00,0.0,0.0,229.33,0.0,254,1,229.33,2,1,1,211,Regular Customers
15529.0,4783.66,12,4271,2010-11-10 14:26:00,2011-11-17 11:29:00,27.450000000000003,1.0,4756.21,0.5738284075373251,23,12,4756.21,4,4,4,444,Champions
15530.0,1808.68,5,1328,2010-07-15 11:10:00,2011-11-18 12:25:00,0.0,0.0,1808.68,0.0,22,5,1808.68,4,3,3,433,Champions
15531.0,1972.39,2,1085,2011-11-09 17:47:00,2011-12-01 18:43:00,0.0,0.0,1972.39,0.0,8,2,1972.39,4,2,3,423,Potential Loyalists
15532.0,3738.85,10,1337,2010-06-08 14:52:00,2011-11-14 14:51:00,63.849999999999994,2.0,3675.0,1.7077443598967594,25,10,3675.0,4,4,4,444,Champions
15533.0,807.57,3,289,2011-09-11 15:41:00,2011-11-20 15:35:00,60.65,2.0,746.9200000000001,7.510184875614496,19,3,746.9200000000001,4,2,2,422,Potential Loyalists
15534.0,162.25,1,63,2009-12-14 12:48:00,2009-12-14 12:48:00,0.0,0.0,162.25,0.0,726,1,162.25,1,1,1,111,Lost Customers
15535.0,1044.3700000000001,6,314,2010-09-16 20:04:00,2011-06-19 16:02:00,89.25,4.0,955.1200000000001,8.54582188304911,173,6,955.1200000000001,2,3,3,233,At Risk
15536.0,259.09,1,242,2010-10-26 16:31:00,2010-10-26 16:31:00,0.0,0.0,259.09,0.0,409,1,259.09,1,1,1,111,Lost Customers
15537.0,110.92,1,29,2011-06-29 13:10:00,2011-06-29 13:10:00,0.0,0.0,110.92,0.0,163,1,110.92,2,1,1,211,Regular Customers
15538.0,3358.3999999999996,6,1016,2010-02-14 12:38:00,2010-06-20 10:49:00,322.3,5.0,3036.0999999999995,9.59683182467842,538,6,3036.0999999999995,1,3,4,134,At Risk
15539.0,538.46,1,410,2011-12-02 13:36:00,2011-12-02 13:36:00,0.0,0.0,538.46,0.0,7,1,538.46,4,1,2,412,Potential Loyalists
15540.0,460.68,2,444,2010-11-29 11:10:00,2011-11-28 13:51:00,0.0,0.0,460.68,0.0,11,2,460.68,4,2,2,422,Potential Loyalists
15541.0,85.13000000000001,1,49,2011-08-17 14:58:00,2011-08-17 14:58:00,0.0,0.0,85.13000000000001,0.0,114,1,85.13000000000001,2,1,1,211,Regular Customers
15542.0,855.71,3,418,2009-12-02 11:53:00,2010-07-15 13:32:00,22.55,1.0,833.1600000000001,2.6352385738158954,512,3,833.1600000000001,1,2,2,122,Lost Customers
15543.0,242.26,2,167,2010-09-06 11:28:00,2011-02-24 15:26:00,0.0,0.0,242.26,0.0,288,2,242.26,2,2,1,221,Regular Customers
15544.0,7807.89,20,6745,2010-01-28 14:39:00,2011-11-30 16:43:00,28.310000000000002,6.0,7779.58,0.3625819523584477,9,20,7779.58,4,4,4,444,Champions
15545.0,288.96999999999997,2,162,2010-12-03 17:28:00,2011-10-16 13:24:00,0.0,0.0,288.96999999999997,0.0,54,2,288.96999999999997,3,2,1,321,Potential Loyalists
15546.0,1079.1000000000001,2,198,2010-04-12 11:45:00,2010-04-12 11:51:00,539.5500000000001,1.0,539.5500000000001,50.0,607,2,539.5500000000001,1,2,2,122,Lost Customers
15547.0,10057.05,26,7278,2009-12-06 13:40:00,2011-12-02 12:52:00,13.5,2.0,10043.55,0.1342341939236655,7,26,10043.55,4,4,4,444,Champions
15548.0,158.09,1,64,2010-04-23 12:20:00,2010-04-23 12:20:00,0.0,0.0,158.09,0.0,596,1,158.09,1,1,1,111,Lost Customers
15549.0,2334.16,8,936,2010-01-11 13:16:00,2011-09-23 16:22:00,37.5,1.0,2296.66,1.6065736710422593,77,8,2296.66,3,4,4,344,Champions
15550.0,2211.05,12,1139,2009-12-03 15:15:00,2011-12-05 15:38:00,223.20000000000002,2.0,1987.8500000000001,10.094751362474842,4,12,1987.8500000000001,4,4,3,443,Champions
15551.0,1679.81,7,796,2010-06-07 15:05:00,2011-11-03 12:37:00,50.8,2.0,1629.01,3.0241515409480835,37,7,1629.01,3,4,3,343,Champions
15552.0,252.52,2,166,2010-03-26 16:17:00,2011-05-06 14:47:00,0.0,0.0,252.52,0.0,217,2,252.52,2,2,1,221,Regular Customers
15553.0,428.93,1,449,2011-10-10 14:02:00,2011-10-10 14:02:00,0.0,0.0,428.93,0.0,60,1,428.93,3,1,2,312,Potential Loyalists
15554.0,217.2,1,74,2011-03-07 09:00:00,2011-03-07 09:00:00,0.0,0.0,217.2,0.0,278,1,217.2,2,1,1,211,Regular Customers
15555.0,11243.91,36,8511,2009-12-06 11:58:00,2011-11-27 16:19:00,368.27,10.0,10875.64,3.2752841315876773,12,36,10875.64,4,4,4,444,Champions
15556.0,279.77,1,236,2011-11-15 16:08:00,2011-11-15 16:08:00,0.0,0.0,279.77,0.0,24,1,279.77,4,1,1,411,Potential Loyalists
15557.0,468.91,1,213,2011-11-11 12:46:00,2011-11-11 12:46:00,0.0,0.0,468.91,0.0,29,1,468.91,3,1,2,312,Potential Loyalists
15558.0,202.68,1,73,2010-03-10 15:25:00,2010-03-10 15:25:00,70.80000000000001,1.0,131.88,34.93191237418591,639,1,131.88,1,1,1,111,Lost Customers
15559.0,1109.4,1,526,2010-05-20 14:06:00,2010-05-20 14:06:00,0.0,0.0,1109.4,0.0,568,1,1109.4,1,1,3,113,Lost Customers
15560.0,153.52,2,72,2010-11-07 10:14:00,2010-11-07 10:15:00,0.0,0.0,153.52,0.0,398,2,153.52,1,2,1,121,Lost Customers
15561.0,1934.3899999999999,8,1334,2010-02-14 12:22:00,2011-11-28 11:07:00,77.85000000000001,1.0,1856.54,4.0245245271119074,12,8,1856.54,4,4,3,443,Champions
15562.0,671.4300000000001,3,560,2009-12-13 15:17:00,2010-12-23 09:55:00,0.0,0.0,671.4300000000001,0.0,352,3,671.4300000000001,2,2,2,222,Regular Customers
15563.0,2859.46,7,3005,2010-01-28 11:36:00,2011-11-17 14:50:00,85.79,4.0,2773.67,3.00021682415561,22,7,2773.67,4,4,4,444,Champions
15564.0,70.74000000000001,2,42,2010-02-01 15:58:00,2010-09-02 15:52:00,0.0,0.0,70.74000000000001,0.0,463,2,70.74000000000001,1,2,1,121,Lost Customers
15565.0,173.16,2,60,2011-09-30 10:44:00,2011-10-20 14:33:00,0.0,0.0,173.16,0.0,50,2,173.16,3,2,1,321,Potential Loyalists
15566.0,227.87,2,153,2009-12-15 14:53:00,2010-11-12 12:11:00,0.0,0.0,227.87,0.0,393,2,227.87,1,2,1,121,Lost Customers
15567.0,186.01,1,223,2011-11-21 10:48:00,2011-11-21 10:48:00,0.0,0.0,186.01,0.0,19,1,186.01,4,1,1,411,Potential Loyalists
15568.0,758.29,3,461,2011-09-27 14:37:00,2011-12-07 11:27:00,0.0,0.0,758.29,0.0,3,3,758.29,4,2,2,422,Potential Loyalists
15569.0,3583.45,10,1734,2010-02-28 10:55:00,2011-08-28 10:15:00,0.0,0.0,3583.45,0.0,104,10,3583.45,2,4,4,244,At Risk
15570.0,8736.49,25,4079,2010-03-28 14:04:00,2011-12-02 14:47:00,64.05,2.0,8672.44,0.7331319557396621,7,25,8672.44,4,4,4,444,Champions
15571.0,3892.35,14,2411,2009-12-06 12:10:00,2011-11-28 10:02:00,0.0,0.0,3892.35,0.0,12,14,3892.35,4,4,4,444,Champions
15572.0,3965.2,10,2089,2010-04-14 14:38:00,2011-12-05 10:09:00,0.0,0.0,3965.2,0.0,5,10,3965.2,4,4,4,444,Champions
15573.0,1188.42,5,770,2009-12-10 14:19:00,2011-11-08 11:38:00,0.0,0.0,1188.42,0.0,32,5,1188.42,3,3,3,333,Champions
15574.0,1101.44,6,750,2010-09-01 14:37:00,2011-06-15 12:01:00,42.0,1.0,1059.44,3.813190005810575,178,6,1059.44,2,3,3,233,At Risk
15575.0,30.1,1,6,2010-03-30 12:50:00,2010-03-30 12:50:00,0.0,0.0,30.1,0.0,620,1,30.1,1,1,1,111,Lost Customers
15576.0,921.37,1,394,2011-11-02 12:03:00,2011-11-02 12:03:00,0.0,0.0,921.37,0.0,38,1,921.37,3,1,3,313,Potential Loyalists
15577.0,396.03000000000003,5,120,2009-12-13 16:17:00,2011-07-11 17:03:00,0.0,0.0,396.03000000000003,0.0,151,5,396.03000000000003,2,3,2,232,Regular Customers
15578.0,127.1,1,52,2011-06-30 13:03:00,2011-06-30 13:03:00,0.0,0.0,127.1,0.0,162,1,127.1,2,1,1,211,Regular Customers
15579.0,1250.63,5,713,2010-10-03 14:37:00,2011-10-02 12:45:00,35.25,2.0,1215.38,2.8185794359642737,69,5,1215.38,3,3,3,333,Champions
15580.0,1375.39,8,955,2010-02-07 11:21:00,2010-11-28 11:00:00,159.24,6.0,1216.15,11.577807022008303,377,8,1216.15,2,4,3,243,At Risk
15581.0,7480.4,38,3028,2009-12-02 12:19:00,2011-08-11 09:38:00,1993.61,5.0,5486.79,26.65111491364098,121,38,5486.79,2,4,4,244,At Risk
15582.0,682.9100000000001,3,453,2011-05-03 13:36:00,2011-11-15 09:55:00,0.0,0.0,682.9100000000001,0.0,25,3,682.9100000000001,4,2,2,422,Potential Loyalists
15583.0,95.96,1,56,2010-11-28 15:04:00,2010-11-28 15:04:00,0.0,0.0,95.96,0.0,376,1,95.96,2,1,1,211,Regular Customers
15584.0,1268.2,6,483,2010-02-07 12:16:00,2011-11-16 10:55:00,2.5,1.0,1265.7,0.19712979025390318,24,6,1265.7,4,3,3,433,Champions
15585.0,455.3,1,320,2011-06-16 08:38:00,2011-06-16 08:38:00,0.0,0.0,455.3,0.0,177,1,455.3,2,1,2,212,Regular Customers
15586.0,1139.1,3,1338,2010-01-08 10:02:00,2010-04-26 11:00:00,10.44,1.0,1128.6599999999999,0.9165130366078484,593,3,1128.6599999999999,1,2,3,123,Lost Customers
15587.0,1522.0800000000002,7,528,2010-08-05 08:44:00,2011-10-20 13:37:00,0.0,0.0,1522.0800000000002,0.0,50,7,1522.0800000000002,3,4,3,343,Champions
15588.0,579.6,1,96,2010-01-31 12:19:00,2010-01-31 12:19:00,0.0,0.0,579.6,0.0,678,1,579.6,1,1,2,112,Lost Customers
15589.0,478.53000000000003,3,243,2011-02-02 10:46:00,2011-03-29 09:54:00,21.95,1.0,456.58000000000004,4.586964244665956,256,3,456.58000000000004,2,2,2,222,Regular Customers
15590.0,1496.6,5,832,2010-04-12 10:09:00,2010-11-22 14:49:00,30.19,1.0,1466.4099999999999,2.0172390752372045,382,5,1466.4099999999999,1,3,3,133,At Risk
15591.0,217.9,3,58,2010-02-04 09:20:00,2010-05-06 09:23:00,0.0,0.0,217.9,0.0,583,3,217.9,1,2,1,121,Lost Customers
15592.0,388.58,1,354,2011-10-24 08:59:00,2011-10-24 08:59:00,0.0,0.0,388.58,0.0,47,1,388.58,3,1,2,312,Potential Loyalists
15593.0,199.8,1,60,2011-09-30 11:46:00,2011-09-30 11:46:00,0.0,0.0,199.8,0.0,71,1,199.8,3,1,1,311,Potential Loyalists
15594.0,1771.78,5,983,2011-04-19 10:08:00,2011-11-24 08:53:00,4.25,1.0,1767.53,0.23987176737518204,16,5,1767.53,4,3,3,433,Champions
15595.0,357.6,1,144,2010-08-09 12:27:00,2010-08-09 12:27:00,0.0,0.0,357.6,0.0,488,1,357.6,1,1,2,112,Lost Customers
15596.0,2727.72,9,1208,2010-07-28 11:46:00,2011-08-31 10:55:00,106.45,7.0,2621.27,3.9025266522956903,101,9,2621.27,2,4,4,244,At Risk
15597.0,563.37,2,393,2010-05-13 13:10:00,2011-11-04 13:26:00,8.850000000000001,1.0,554.52,1.5709036689919593,35,2,554.52,3,2,2,322,Potential Loyalists
15598.0,548.02,2,404,2010-10-08 09:20:00,2011-10-17 16:04:00,5.0,2.0,543.02,0.9123754607496077,53,2,543.02,3,2,2,322,Potential Loyalists
15599.0,1250.06,3,1098,2010-09-20 10:15:00,2011-11-13 11:44:00,0.0,0.0,1250.06,0.0,27,3,1250.06,3,2,3,323,Potential Loyalists
15600.0,1199.31,4,657,2010-04-25 11:50:00,2010-10-07 14:30:00,20.6,1.0,1178.71,1.717654317899459,428,4,1178.71,1,3,3,133,At Risk
15601.0,14191.74,30,10395,2009-12-01 14:53:00,2011-11-28 15:15:00,40.9,5.0,14150.84,0.2881958096752054,11,30,14150.84,4,4,4,444,Champions
15602.0,3137.96,16,2292,2009-12-02 09:35:00,2011-12-01 14:14:00,254.54,9.0,2883.42,8.111639409042818,8,16,2883.42,4,4,4,444,Champions
15603.0,88.48,2,128,2010-03-01 16:02:00,2011-09-22 10:04:00,13.75,1.0,74.73,15.54023508137432,79,2,74.73,3,2,1,321,Potential Loyalists
15604.0,216.39,1,159,2011-10-18 14:47:00,2011-10-18 14:47:00,0.0,0.0,216.39,0.0,52,1,216.39,3,1,1,311,Potential Loyalists
15605.0,1741.95,9,641,2010-01-14 14:03:00,2011-11-03 14:17:00,3.4,1.0,1738.55,0.1951835586555297,36,9,1738.55,3,4,3,343,Champions
15606.0,5230.99,17,1615,2010-03-02 14:48:00,2011-10-09 15:47:00,497.52,2.0,4733.469999999999,9.51101034412224,61,17,4733.469999999999,3,4,4,344,Champions
15607.0,1708.97,9,1470,2010-01-08 12:16:00,2011-01-07 12:44:00,130.4,4.0,1578.57,7.630327039093723,337,9,1578.57,2,4,3,243,At Risk
15608.0,1785.98,5,1262,2010-10-20 10:10:00,2011-11-11 13:20:00,0.0,0.0,1785.98,0.0,28,5,1785.98,3,3,3,333,Champions
15609.0,298.48,1,148,2011-06-08 13:00:00,2011-06-08 13:00:00,28.45,1.0,270.03000000000003,9.531626909675689,184,1,270.03000000000003,2,1,1,211,Regular Customers
15610.0,112.46000000000001,1,66,2011-10-19 10:36:00,2011-10-19 10:36:00,0.0,0.0,112.46000000000001,0.0,52,1,112.46000000000001,3,1,1,311,Potential Loyalists
15611.0,2997.28,26,747,2010-01-25 14:50:00,2011-11-30 12:36:00,138.91,6.0,2858.3700000000003,4.634535312016228,10,26,2858.3700000000003,4,4,4,444,Champions
15612.0,195.15,2,52,2011-10-09 12:49:00,2011-11-03 14:52:00,0.0,0.0,195.15,0.0,36,2,195.15,3,2,1,321,Potential Loyalists
15613.0,433.71999999999997,1,700,2010-04-08 12:51:00,2010-04-08 12:51:00,0.0,0.0,433.71999999999997,0.0,610,1,433.71999999999997,1,1,2,112,Lost Customers
15614.0,3147.36,4,1632,2010-03-23 11:13:00,2010-09-28 10:46:00,138.5,3.0,3008.86,4.400513446189822,438,4,3008.86,1,3,4,134,At Risk
15615.0,21373.97,47,12090,2009-12-02 15:28:00,2011-11-29 14:42:00,91.89999999999999,7.0,21282.07,0.42996223911608367,10,47,21282.07,4,4,4,444,Champions
15616.0,317.11,1,137,2010-09-27 13:10:00,2010-09-27 13:10:00,0.0,0.0,317.11,0.0,438,1,317.11,1,1,1,111,Lost Customers
15617.0,828.5500000000001,3,485,2010-07-20 13:16:00,2010-11-08 16:07:00,0.0,0.0,828.5500000000001,0.0,396,3,828.5500000000001,1,2,2,122,Lost Customers
15618.0,776.851,4,454,2011-07-26 10:13:00,2011-11-07 08:34:00,29.82,1.0,747.031,3.8385739350274375,33,4,747.031,3,3,2,332,Loyal Customers
15619.0,336.40000000000003,1,136,2011-11-29 08:14:00,2011-11-29 08:14:00,0.0,0.0,336.40000000000003,0.0,11,1,336.40000000000003,4,1,1,411,Potential Loyalists
15620.0,1942.36,4,1249,2010-10-26 11:32:00,2011-10-14 12:41:00,32.43,4.0,1909.9299999999998,1.669618402355897,57,4,1909.9299999999998,3,3,3,333,Champions
15621.0,1293.03,4,501,2011-11-18 11:49:00,2011-12-05 14:01:00,134.26000000000002,2.0,1158.77,10.38336310835789,4,4,1158.77,4,3,3,433,Champions
15622.0,7852.61,17,4091,2010-03-04 10:29:00,2011-10-27 16:44:00,534.53,13.0,7318.08,6.807036131935751,43,17,7318.08,3,4,4,344,Champions
15623.0,2437.05,8,1087,2009-12-10 14:46:00,2011-07-21 17:26:00,0.0,0.0,2437.05,0.0,141,8,2437.05,2,4,4,244,At Risk
15624.0,588.13,4,357,2011-03-28 13:32:00,2011-08-15 11:38:00,0.0,0.0,588.13,0.0,117,4,588.13,2,3,2,232,Regular Customers
15625.0,3236.4,9,3020,2010-06-15 15:23:00,2011-08-28 10:21:00,33.15,5.0,3203.25,1.0242862439747866,104,9,3203.25,2,4,4,244,At Risk
15626.0,1067.52,3,1138,2010-10-14 17:16:00,2011-09-26 10:03:00,18.150000000000002,1.0,1049.37,1.7002023381294966,75,3,1049.37,3,2,3,323,Potential Loyalists
15627.0,566.9,2,344,2010-07-05 11:56:00,2010-09-08 14:14:00,0.0,0.0,566.9,0.0,457,2,566.9,1,2,2,122,Lost Customers
15628.0,5333.08,17,3569,2009-12-13 13:39:00,2011-12-05 10:24:00,48.900000000000006,4.0,5284.18,0.9169185536312976,5,17,5284.18,4,4,4,444,Champions
15629.0,2240.9,4,1518,2010-06-25 11:39:00,2010-09-15 13:46:00,0.0,0.0,2240.9,0.0,450,4,2240.9,1,3,4,134,At Risk
15630.0,1481.4,3,987,2010-03-05 14:30:00,2011-10-25 15:36:00,5.95,1.0,1475.45,0.40164709058998244,45,3,1475.45,3,2,3,323,Potential Loyalists
15631.0,596.67,1,525,2010-03-07 14:52:00,2010-03-07 14:52:00,0.0,0.0,596.67,0.0,642,1,596.67,1,1,2,112,Lost Customers
15632.0,3285.31,8,2109,2011-03-10 08:29:00,2011-11-24 09:51:00,138.0,2.0,3147.31,4.20051684620325,16,8,3147.31,4,4,4,444,Champions
15633.0,4335.96,13,2048,2009-12-08 17:51:00,2010-07-18 13:54:00,179.04999999999998,5.0,4156.91,4.129420013099751,509,13,4156.91,1,4,4,144,At Risk
15634.0,554.65,2,227,2010-11-21 15:30:00,2011-11-22 16:28:00,0.0,0.0,554.65,0.0,17,2,554.65,4,2,2,422,Potential Loyalists
15635.0,100.35,1,5,2010-11-09 08:58:00,2010-11-09 08:58:00,0.0,0.0,100.35,0.0,396,1,100.35,1,1,1,111,Lost Customers
15636.0,1444.58,4,560,2010-05-19 11:37:00,2011-09-11 11:17:00,0.0,0.0,1444.58,0.0,90,4,1444.58,3,3,3,333,Champions
15637.0,797.59,5,651,2009-12-15 17:54:00,2011-10-18 08:28:00,0.0,0.0,797.59,0.0,53,5,797.59,3,3,2,332,Loyal Customers
15638.0,2265.2,6,1134,2010-04-08 14:37:00,2010-11-26 11:52:00,128.0,3.0,2137.2,5.6507151686385315,379,6,2137.2,2,3,3,233,At Risk
15639.0,1065.08,3,849,2010-04-13 13:11:00,2011-07-28 14:30:00,36.75,2.0,1028.33,3.450445036992526,134,3,1028.33,2,2,3,223,Regular Customers
15640.0,23494.31,29,12140,2009-12-14 16:36:00,2011-12-05 14:35:00,119.22,5.0,23375.09,0.5074420146835553,4,29,23375.09,4,4,4,444,Champions
15641.0,5345.55,12,4422,2009-12-06 15:31:00,2011-08-26 14:04:00,0.0,0.0,5345.55,0.0,105,12,5345.55,2,4,4,244,At Risk
15642.0,105.78000000000002,1,270,2009-12-10 11:51:00,2009-12-10 11:51:00,0.0,0.0,105.78000000000002,0.0,730,1,105.78000000000002,1,1,1,111,Lost Customers
15643.0,664.0,3,246,2011-03-02 14:34:00,2011-06-01 07:38:00,16.6,3.0,647.4,2.5,192,3,647.4,2,2,2,222,Regular Customers
15644.0,803.54,4,550,2011-03-23 15:37:00,2011-06-26 14:54:00,0.0,0.0,803.54,0.0,166,4,803.54,2,3,2,232,Regular Customers
15645.0,1055.17,3,396,2010-10-10 12:51:00,2011-11-21 11:55:00,12.600000000000001,1.0,1042.5700000000002,1.1941203787067487,19,3,1042.5700000000002,4,2,3,423,Potential Loyalists
15646.0,784.8100000000001,5,821,2010-10-25 13:06:00,2011-07-05 09:53:00,22.5,1.0,762.3100000000001,2.866935946279991,158,5,762.3100000000001,2,3,2,232,Regular Customers
15647.0,169.0,1,124,2010-10-20 15:09:00,2010-10-20 15:09:00,0.0,0.0,169.0,0.0,415,1,169.0,1,1,1,111,Lost Customers
15648.0,639.5,2,218,2011-03-17 18:59:00,2011-05-19 15:53:00,57.45,2.0,582.05,8.983580922595777,204,2,582.05,2,2,2,222,Regular Customers
15649.0,1660.35,4,365,2010-11-17 16:22:00,2011-01-07 13:34:00,0.0,0.0,1660.35,0.0,336,4,1660.35,2,3,3,233,At Risk
15650.0,553.88,2,210,2010-03-21 11:46:00,2010-07-06 10:41:00,14.850000000000001,1.0,539.03,2.6810861558460317,522,2,539.03,1,2,2,122,Lost Customers
15651.0,1259.06,5,871,2010-04-22 13:26:00,2011-11-03 08:41:00,0.0,0.0,1259.06,0.0,37,5,1259.06,3,3,3,333,Champions
15652.0,1405.94,5,657,2010-08-11 16:58:00,2011-09-09 14:22:00,8.5,1.0,1397.44,0.6045777202441072,91,5,1397.44,3,3,3,333,Champions
15653.0,877.4399999999999,2,1200,2011-08-16 09:50:00,2011-09-08 10:49:00,0.0,0.0,877.4399999999999,0.0,93,2,877.4399999999999,3,2,3,323,Potential Loyalists
15654.0,922.53,2,475,2011-11-13 15:15:00,2011-11-30 13:08:00,0.0,0.0,922.53,0.0,9,2,922.53,4,2,3,423,Potential Loyalists
15655.0,560.67,1,324,2011-04-10 15:25:00,2011-04-10 15:25:00,49.35,1.0,511.31999999999994,8.801969072716572,243,1,511.31999999999994,2,1,2,212,Regular Customers
15656.0,748.5,4,343,2011-02-28 15:32:00,2011-10-25 14:56:00,0.0,0.0,748.5,0.0,45,4,748.5,3,3,2,332,Loyal Customers
15657.0,30.0,1,24,2011-11-17 12:19:00,2011-11-17 12:19:00,0.0,0.0,30.0,0.0,23,1,30.0,4,1,1,411,Potential Loyalists
15658.0,2117.27,8,627,2009-12-03 11:19:00,2011-06-02 15:22:00,153.13,5.0,1964.1399999999999,7.232426662636319,190,8,1964.1399999999999,2,4,3,243,At Risk
15659.0,532.49,3,161,2010-02-24 13:32:00,2011-10-27 09:23:00,0.0,0.0,532.49,0.0,44,3,532.49,3,2,2,322,Potential Loyalists
15660.0,2603.69,15,1783,2010-02-05 16:01:00,2011-11-14 16:58:00,48.85,3.0,2554.84,1.8761834166125768,25,15,2554.84,4,4,4,444,Champions
15661.0,1215.95,8,779,2010-05-10 07:59:00,2011-01-26 13:56:00,0.0,0.0,1215.95,0.0,317,8,1215.95,2,4,3,243,At Risk
15662.0,283.73,2,145,2009-12-01 13:49:00,2010-02-16 16:47:00,0.0,0.0,283.73,0.0,661,2,283.73,1,2,1,121,Lost Customers
15663.0,138.14,1,106,2011-08-25 15:50:00,2011-08-25 15:50:00,0.0,0.0,138.14,0.0,106,1,138.14,2,1,1,211,Regular Customers
15664.0,1254.03,4,530,2010-02-28 12:50:00,2011-10-20 10:57:00,41.68,3.0,1212.35,3.3236844413610522,51,4,1212.35,3,3,3,333,Champions
15665.0,3987.07,5,2777,2010-03-14 15:07:00,2011-06-24 14:57:00,0.0,0.0,3987.07,0.0,168,5,3987.07,2,3,4,234,At Risk
15666.0,632.9399999999999,2,469,2010-08-01 15:41:00,2010-08-24 16:14:00,0.0,0.0,632.9399999999999,0.0,472,2,632.9399999999999,1,2,2,122,Lost Customers
15667.0,301.32,1,240,2011-10-31 10:56:00,2011-10-31 10:56:00,0.0,0.0,301.32,0.0,40,1,301.32,3,1,1,311,Potential Loyalists
15668.0,76.32000000000001,1,72,2011-05-06 10:39:00,2011-05-06 10:39:00,0.0,0.0,76.32000000000001,0.0,218,1,76.32000000000001,2,1,1,211,Regular Customers
15669.0,684.34,4,342,2011-03-21 09:13:00,2011-10-30 16:03:00,6.65,1.0,677.69,0.9717391939679108,40,4,677.69,3,3,2,332,Loyal Customers
15670.0,325.2,2,132,2010-06-01 15:34:00,2011-02-16 10:50:00,10.0,1.0,315.2,3.075030750307503,297,2,315.2,2,2,1,221,Regular Customers
15671.0,2657.13,7,1699,2011-03-14 09:37:00,2011-11-21 12:43:00,21.64,3.0,2635.4900000000002,0.8144125428563902,19,7,2635.4900000000002,4,4,4,444,Champions
15672.0,45.300000000000004,1,10,2009-12-14 16:52:00,2009-12-14 16:52:00,0.0,0.0,45.300000000000004,0.0,725,1,45.300000000000004,1,1,1,111,Lost Customers
15673.0,6204.32,9,3274,2010-02-22 14:28:00,2011-09-12 16:12:00,4.95,1.0,6199.37,0.07978311885911753,88,9,6199.37,3,4,4,344,Champions
15674.0,6948.2300000000005,13,3648,2009-12-08 17:08:00,2011-09-27 15:17:00,730.38,5.0,6217.85,10.511741839288566,73,13,6217.85,3,4,4,344,Champions
15675.0,542.04,4,624,2010-10-31 14:14:00,2011-09-19 13:48:00,0.0,0.0,542.04,0.0,81,4,542.04,3,3,2,332,Loyal Customers
15676.0,3435.76,3,2252,2011-03-01 10:19:00,2011-11-21 12:40:00,111.67,2.0,3324.09,3.250227024006333,19,3,3324.09,4,2,4,424,Potential Loyalists
15677.0,1305.63,3,675,2010-09-02 12:08:00,2011-10-21 15:36:00,0.0,0.0,1305.63,0.0,49,3,1305.63,3,2,3,323,Potential Loyalists
15678.0,1825.94,3,1022,2010-07-05 12:49:00,2011-10-18 09:25:00,0.0,0.0,1825.94,0.0,53,3,1825.94,3,2,3,323,Potential Loyalists
15679.0,781.28,4,1170,2011-06-10 08:24:00,2011-11-15 16:19:00,0.0,0.0,781.28,0.0,24,4,781.28,4,3,2,432,Loyal Customers
15680.0,4028.69,10,2743,2009-12-02 12:15:00,2011-11-30 13:46:00,43.1,2.0,3985.59,1.0698266682221764,9,10,3985.59,4,4,4,444,Champions
15681.0,2989.7,14,1392,2010-05-24 14:18:00,2011-11-14 16:30:00,509.5,2.0,2480.2,17.041843663243807,25,14,2480.2,4,4,4,444,Champions
15682.0,318.24,2,222,2010-01-21 14:37:00,2010-04-19 15:30:00,1.25,1.0,316.99,0.3927853192559075,599,2,316.99,1,2,1,121,Lost Customers
15683.0,524.54,2,332,2010-08-23 12:01:00,2011-08-14 12:56:00,0.0,0.0,524.54,0.0,117,2,524.54,2,2,2,222,Regular Customers
15684.0,173.95,3,77,2009-12-04 16:13:00,2010-06-10 18:51:00,26.15,3.0,147.79999999999998,15.033055475711413,547,3,147.79999999999998,1,2,1,121,Lost Customers
15685.0,55.980000000000004,1,36,2010-09-15 13:43:00,2010-09-15 13:43:00,0.0,0.0,55.980000000000004,0.0,450,1,55.980000000000004,1,1,1,111,Lost Customers
15686.0,90.0,1,72,2010-10-15 13:50:00,2010-10-15 13:50:00,0.0,0.0,90.0,0.0,420,1,90.0,1,1,1,111,Lost Customers
15687.0,2993.1,9,1310,2011-01-13 15:13:00,2011-12-01 08:33:00,11.6,2.0,2981.5,0.3875580501820855,9,9,2981.5,4,4,4,444,Champions
15688.0,190.57,1,95,2010-10-17 12:06:00,2010-10-17 12:06:00,0.0,0.0,190.57,0.0,419,1,190.57,1,1,1,111,Lost Customers
15689.0,521.03,3,207,2010-04-01 09:53:00,2011-08-12 09:37:00,0.0,0.0,521.03,0.0,120,3,521.03,2,2,2,222,Regular Customers
15690.0,239.76,2,408,2011-08-31 11:40:00,2011-12-05 15:59:00,0.0,0.0,239.76,0.0,4,2,239.76,4,2,1,421,Potential Loyalists
15691.0,571.3,4,212,2009-12-06 16:01:00,2011-04-01 15:13:00,59.5,1.0,511.79999999999995,10.414843339751446,252,4,511.79999999999995,2,3,2,232,Regular Customers
15692.0,191.04,1,138,2011-11-11 14:12:00,2011-11-11 14:12:00,0.0,0.0,191.04,0.0,28,1,191.04,3,1,1,311,Potential Loyalists
15693.0,37.5,1,30,2010-02-18 14:37:00,2010-02-18 14:37:00,0.0,0.0,37.5,0.0,659,1,37.5,1,1,1,111,Lost Customers
15694.0,9978.48,24,2467,2009-12-07 15:43:00,2011-12-09 09:44:00,244.35,5.0,9734.13,2.448769752507396,1,24,9734.13,4,4,4,444,Champions
15695.0,1131.04,4,484,2010-01-27 10:56:00,2011-03-18 08:32:00,0.0,0.0,1131.04,0.0,267,4,1131.04,2,3,3,233,At Risk
15696.0,3881.2200000000003,13,1386,2010-01-24 14:36:00,2011-11-06 14:02:00,149.1,8.0,3732.1200000000003,3.8415755870576773,33,13,3732.1200000000003,3,4,4,344,Champions
15697.0,246.75,1,127,2010-01-19 09:10:00,2010-01-19 09:10:00,0.0,0.0,246.75,0.0,690,1,246.75,1,1,1,111,Lost Customers
15698.0,46.2,1,60,2010-03-25 17:38:00,2010-03-25 17:38:00,0.0,0.0,46.2,0.0,624,1,46.2,1,1,1,111,Lost Customers
15699.0,309.65,1,113,2011-11-22 08:26:00,2011-11-22 08:26:00,0.0,0.0,309.65,0.0,18,1,309.65,4,1,1,411,Potential Loyalists
15700.0,696.68,2,357,2011-06-19 15:36:00,2011-06-20 16:53:00,32.65,1.0,664.03,4.686513176781306,172,2,664.03,2,2,2,222,Regular Customers
15701.0,1529.0,4,912,2011-08-21 12:36:00,2011-12-07 14:39:00,0.0,0.0,1529.0,0.0,2,4,1529.0,4,3,3,433,Champions
15702.0,140.39000000000001,2,103,2010-01-26 17:23:00,2010-08-20 14:50:00,0.0,0.0,140.39000000000001,0.0,476,2,140.39000000000001,1,2,1,121,Lost Customers
15703.0,211.5,1,66,2011-03-20 10:51:00,2011-03-20 10:51:00,0.0,0.0,211.5,0.0,265,1,211.5,2,1,1,211,Regular Customers
15704.0,3734.6600000000003,6,1709,2010-05-05 14:51:00,2011-07-22 13:35:00,73.78000000000002,2.0,3660.88,1.975547974916057,140,6,3660.88,2,3,4,234,At Risk
15705.0,143.1,1,62,2011-05-22 15:37:00,2011-05-22 15:37:00,0.0,0.0,143.1,0.0,201,1,143.1,2,1,1,211,Regular Customers
15706.0,1060.56,4,321,2011-08-15 14:32:00,2011-10-07 10:09:00,58.75,3.0,1001.81,5.539526287998793,64,4,1001.81,3,3,3,333,Champions
15707.0,916.98,4,594,2011-09-14 14:19:00,2011-11-04 14:35:00,0.0,0.0,916.98,0.0,35,4,916.98,3,3,3,333,Champions
15708.0,3887.15,9,1465,2010-10-10 11:33:00,2011-10-30 10:54:00,46.42,5.0,3840.73,1.1941911168851216,41,9,3840.73,3,4,4,344,Champions
15709.0,327.85,2,169,2010-04-29 18:31:00,2011-03-01 10:38:00,0.0,0.0,327.85,0.0,284,2,327.85,2,2,1,221,Regular Customers
15710.0,898.87,1,641,2010-10-18 17:05:00,2010-10-18 17:05:00,0.0,0.0,898.87,0.0,417,1,898.87,1,1,3,113,Lost Customers
15711.0,420.25,2,199,2010-01-24 12:13:00,2010-06-01 12:14:00,0.0,0.0,420.25,0.0,557,2,420.25,1,2,2,122,Lost Customers
15712.0,3472.4100000000003,12,1277,2009-12-01 11:17:00,2011-11-30 14:09:00,4.95,1.0,3467.4600000000005,0.14255229077211504,9,12,3467.4600000000005,4,4,4,444,Champions
15713.0,839.64,4,451,2009-12-16 09:41:00,2011-07-19 13:34:00,24.8,2.0,814.84,2.9536468010099566,143,4,814.84,2,3,2,232,Regular Customers
15714.0,783.96,5,361,2010-06-02 12:08:00,2011-11-28 11:26:00,0.0,0.0,783.96,0.0,12,5,783.96,4,3,2,432,Loyal Customers
15715.0,658.02,5,246,2010-03-30 12:17:00,2010-06-02 09:56:00,0.0,0.0,658.02,0.0,556,5,658.02,1,3,2,132,Regular Customers
15716.0,2485.26,11,1379,2009-12-07 12:42:00,2011-07-17 11:59:00,0.0,0.0,2485.26,0.0,146,11,2485.26,2,4,4,244,At Risk
15717.0,607.0,5,224,2010-04-26 10:41:00,2011-04-19 13:21:00,0.0,0.0,607.0,0.0,234,5,607.0,2,3,2,232,Regular Customers
15718.0,293.79,1,95,2010-06-17 16:20:00,2010-06-17 16:20:00,0.0,0.0,293.79,0.0,540,1,293.79,1,1,1,111,Lost Customers
15719.0,10195.97,31,5356,2009-12-01 12:47:00,2011-11-07 12:29:00,77.1,8.0,10118.869999999999,0.7561811186184345,33,31,10118.869999999999,3,4,4,344,Champions
15720.0,739.22,2,327,2010-06-07 15:40:00,2011-11-15 14:48:00,0.0,0.0,739.22,0.0,24,2,739.22,4,2,2,422,Potential Loyalists
15721.0,471.40000000000003,1,388,2011-11-28 12:14:00,2011-11-28 12:14:00,0.0,0.0,471.40000000000003,0.0,12,1,471.40000000000003,4,1,2,412,Potential Loyalists
15722.0,5234.0,11,2279,2010-03-09 15:05:00,2011-11-04 11:43:00,138.05,4.0,5095.95,2.6375620940007645,36,11,5095.95,3,4,4,344,Champions
15723.0,930.7,4,427,2010-05-14 12:55:00,2010-12-10 11:12:00,0.0,0.0,930.7,0.0,365,4,930.7,2,3,3,233,At Risk
15724.0,310.85,3,117,2010-11-04 10:22:00,2011-05-22 14:40:00,11.05,2.0,299.8,3.5547691812771434,201,3,299.8,2,2,1,221,Regular Customers
15725.0,415.25,1,221,2011-11-24 14:51:00,2011-11-24 14:51:00,0.0,0.0,415.25,0.0,15,1,415.25,4,1,2,412,Potential Loyalists
15726.0,321.91,1,123,2010-11-14 16:12:00,2010-11-14 16:12:00,0.0,0.0,321.91,0.0,390,1,321.91,1,1,1,111,Lost Customers
15727.0,9371.71,15,5908,2010-01-24 12:12:00,2011-11-23 12:36:00,0.0,0.0,9371.71,0.0,17,15,9371.71,4,4,4,444,Champions
15728.0,544.6,2,132,2010-09-21 14:46:00,2010-11-25 10:39:00,134.8,1.0,409.8,24.752111641571798,380,2,409.8,1,2,2,122,Lost Customers
15729.0,192.55,3,47,2010-11-01 13:44:00,2011-05-11 12:36:00,37.85,2.0,154.70000000000002,19.657231887821343,213,3,154.70000000000002,2,2,1,221,Regular Customers
15730.0,1726.58,5,1061,2010-10-04 14:15:00,2011-10-05 12:31:00,18.4,2.0,1708.1799999999998,1.0656905558966279,66,5,1708.1799999999998,3,3,3,333,Champions
15731.0,125.3,1,122,2010-06-04 10:10:00,2010-06-04 10:10:00,0.0,0.0,125.3,0.0,554,1,125.3,1,1,1,111,Lost Customers
15732.0,1543.97,10,1264,2010-02-04 10:10:00,2011-05-11 14:24:00,44.550000000000004,2.0,1499.42,2.8854187581364923,212,10,1499.42,2,4,3,243,At Risk
15733.0,162.3,1,62,2011-03-02 09:05:00,2011-03-02 09:05:00,0.0,0.0,162.3,0.0,283,1,162.3,2,1,1,211,Regular Customers
15734.0,2263.3,4,516,2010-06-10 14:25:00,2011-08-17 10:50:00,0.0,0.0,2263.3,0.0,115,4,2263.3,2,3,4,234,At Risk
15735.0,327.68,1,206,2010-10-14 13:38:00,2010-10-14 13:38:00,0.0,0.0,327.68,0.0,421,1,327.68,1,1,1,111,Lost Customers
15736.0,1767.12,2,1208,2010-09-30 14:19:00,2010-09-30 14:20:00,98.45,1.0,1668.6699999999998,5.571211915433021,435,2,1668.6699999999998,1,2,3,123,Lost Customers
15737.0,1188.1200000000001,8,597,2011-04-11 10:01:00,2011-11-25 11:21:00,66.91,4.0,1121.21,5.631586035080631,15,8,1121.21,4,4,3,443,Champions
15738.0,13043.32,41,9030,2009-12-10 15:52:00,2011-11-21 08:26:00,27.9,4.0,13015.42,0.21390259535149025,19,41,13015.42,4,4,4,444,Champions
15739.0,449.12,1,472,2011-10-04 13:42:00,2011-10-04 13:42:00,0.0,0.0,449.12,0.0,66,1,449.12,3,1,2,312,Potential Loyalists
15740.0,154.88,1,152,2011-10-21 14:29:00,2011-10-21 14:29:00,0.0,0.0,154.88,0.0,49,1,154.88,3,1,1,311,Potential Loyalists
15741.0,208.62,2,70,2010-03-31 11:55:00,2010-09-07 16:21:00,0.0,0.0,208.62,0.0,458,2,208.62,1,2,1,121,Lost Customers
15742.0,156.87,1,51,2010-03-30 15:25:00,2010-03-30 15:25:00,0.0,0.0,156.87,0.0,619,1,156.87,1,1,1,111,Lost Customers
15743.0,775.96,4,214,2011-06-08 10:14:00,2011-11-23 17:19:00,0.0,0.0,775.96,0.0,16,4,775.96,4,3,2,432,Loyal Customers
15744.0,34.8,1,120,2011-09-23 09:52:00,2011-09-23 09:52:00,0.0,0.0,34.8,0.0,78,1,34.8,3,1,1,311,Potential Loyalists
15745.0,1094.59,4,421,2011-04-17 13:04:00,2011-11-20 13:45:00,23.35,2.0,1071.24,2.1332188307950926,19,4,1071.24,4,3,3,433,Champions
15746.0,196.88,1,178,2011-07-28 15:21:00,2011-07-28 15:21:00,13.919999999999998,1.0,182.96,7.07029662738724,134,1,182.96,2,1,1,211,Regular Customers
15747.0,2499.81,9,1344,2010-01-18 11:21:00,2011-11-27 12:26:00,1.95,1.0,2497.86,0.07800592845056224,13,9,2497.86,4,4,4,444,Champions
15748.0,609.8100000000001,3,261,2010-09-16 16:52:00,2011-10-30 12:51:00,0.0,0.0,609.8100000000001,0.0,40,3,609.8100000000001,3,2,2,322,Potential Loyalists
15749.0,44534.3,3,18028,2011-01-11 12:55:00,2011-04-18 13:20:00,22998.4,1.0,21535.9,51.64199280105447,235,3,21535.9,2,2,4,224,Regular Customers
15750.0,6452.991,18,4281,2009-12-01 17:19:00,2011-12-07 12:34:00,90.39,6.0,6362.601,1.4007457936947378,3,18,6362.601,4,4,4,444,Champions
15751.0,1380.44,11,443,2009-12-06 13:08:00,2010-09-05 12:44:00,61.599999999999994,3.0,1318.8400000000001,4.462345339167221,461,11,1318.8400000000001,1,4,3,143,At Risk
15752.0,3924.91,9,2792,2010-09-08 11:56:00,2011-10-31 11:37:00,8.45,1.0,3916.46,0.21529156082559855,40,9,3916.46,3,4,4,344,Champions
15753.0,79.2,1,144,2011-02-08 12:41:00,2011-02-08 12:41:00,0.0,0.0,79.2,0.0,305,1,79.2,2,1,1,211,Regular Customers
15754.0,3037.61,9,1762,2010-02-22 13:31:00,2011-10-19 14:40:00,35.75,3.0,3001.86,1.1769121118247567,51,9,3001.86,3,4,4,344,Champions
15755.0,5993.12,17,4034,2009-12-04 08:24:00,2011-11-29 14:57:00,56.17,3.0,5936.95,0.9372413701043865,10,17,5936.95,4,4,4,444,Champions
15756.0,528.01,4,241,2011-04-04 14:00:00,2011-10-09 13:30:00,0.0,0.0,528.01,0.0,61,4,528.01,3,3,2,332,Loyal Customers
15757.0,2940.36,6,1757,2010-06-10 13:47:00,2011-10-05 12:14:00,0.0,0.0,2940.36,0.0,66,6,2940.36,3,3,4,334,Champions
15758.0,205.25,1,47,2011-11-15 10:48:00,2011-11-15 10:48:00,0.0,0.0,205.25,0.0,25,1,205.25,4,1,1,411,Potential Loyalists
15759.0,830.9300000000001,7,523,2009-12-02 10:08:00,2011-05-05 15:13:00,19.95,3.0,810.98,2.400924265581938,218,7,810.98,2,4,2,242,Regular Customers
15761.0,143.05,1,31,2010-09-23 09:33:00,2010-09-23 09:33:00,0.0,0.0,143.05,0.0,443,1,143.05,1,1,1,111,Lost Customers
15762.0,583.75,2,251,2011-09-23 15:17:00,2011-10-05 16:15:00,0.0,0.0,583.75,0.0,65,2,583.75,3,2,2,322,Potential Loyalists
15763.0,1086.92,2,271,2011-09-23 12:10:00,2011-11-08 09:44:00,38.25,1.0,1048.67,3.5191182423729437,32,2,1048.67,3,2,3,323,Potential Loyalists
15764.0,4503.08,8,2945,2010-08-18 13:58:00,2011-09-12 17:58:00,49.8,6.0,4453.28,1.1059097328939302,88,8,4453.28,3,4,4,344,Champions
15765.0,370.63,1,335,2010-02-11 10:25:00,2010-02-11 10:25:00,0.0,0.0,370.63,0.0,667,1,370.63,1,1,2,112,Lost Customers
15766.0,831.06,3,334,2010-01-26 15:55:00,2011-10-06 17:03:00,31.4,1.0,799.66,3.778307222101894,64,3,799.66,3,2,2,322,Potential Loyalists
15768.0,15308.89,34,4215,2009-12-03 12:10:00,2011-08-16 10:48:00,41.63,2.0,15267.26,0.27193349746454515,116,34,15267.26,2,4,4,244,At Risk
15769.0,88612.52,46,49068,2009-12-11 09:58:00,2011-12-02 13:52:00,4434.9400000000005,5.0,84177.58,5.0048683865440236,7,46,84177.58,4,4,4,444,Champions
15770.0,321.45,1,67,2010-04-06 11:47:00,2010-04-06 11:47:00,0.0,0.0,321.45,0.0,613,1,321.45,1,1,1,111,Lost Customers
15771.0,1006.54,3,512,2010-01-15 12:14:00,2010-04-14 13:56:00,0.0,0.0,1006.54,0.0,604,3,1006.54,1,2,3,123,Lost Customers
15772.0,280.88,1,110,2010-10-17 13:33:00,2010-10-17 13:33:00,0.0,0.0,280.88,0.0,418,1,280.88,1,1,1,111,Lost Customers
15773.0,774.52,2,410,2010-10-26 15:27:00,2011-12-04 12:48:00,0.0,0.0,774.52,0.0,6,2,774.52,4,2,2,422,Potential Loyalists
15774.0,1288.34,6,465,2010-02-21 12:57:00,2011-10-02 12:04:00,5.74,1.0,1282.6,0.4455345638573669,69,6,1282.6,3,3,3,333,Champions
15775.0,150.5,2,260,2010-03-18 07:32:00,2011-04-08 12:56:00,0.0,0.0,150.5,0.0,245,2,150.5,2,2,1,221,Regular Customers
15776.0,241.62,1,138,2011-07-29 13:46:00,2011-07-29 13:46:00,0.0,0.0,241.62,0.0,133,1,241.62,2,1,1,211,Regular Customers
15777.0,1762.61,7,599,2010-05-20 10:37:00,2011-04-12 16:43:00,30.45,2.0,1732.1599999999999,1.7275517556351094,241,7,1732.1599999999999,2,4,3,243,At Risk
15778.0,307.95,1,101,2010-10-04 15:10:00,2010-10-04 15:10:00,0.0,0.0,307.95,0.0,431,1,307.95,1,1,1,111,Lost Customers
15779.0,124.08000000000001,2,20,2010-06-25 15:55:00,2010-09-02 16:40:00,0.0,0.0,124.08000000000001,0.0,463,2,124.08000000000001,1,2,1,121,Lost Customers
15780.0,475.28000000000003,3,220,2010-12-17 11:43:00,2011-06-09 12:01:00,0.0,0.0,475.28000000000003,0.0,184,3,475.28000000000003,2,2,2,222,Regular Customers
15781.0,345.46,3,180,2011-02-07 09:15:00,2011-11-14 14:57:00,11.9,1.0,333.56,3.4446824523823314,25,3,333.56,4,2,1,421,Potential Loyalists
15782.0,4014.1,4,1844,2010-10-05 15:43:00,2011-11-30 10:49:00,28.450000000000003,2.0,3985.65,0.7087516504322264,10,4,3985.65,4,3,4,434,Champions
15783.0,246.3,1,212,2011-11-29 09:50:00,2011-11-29 09:50:00,0.0,0.0,246.3,0.0,11,1,246.3,4,1,1,411,Potential Loyalists
15784.0,848.3299999999999,2,381,2010-02-05 14:42:00,2010-08-29 10:38:00,0.0,0.0,848.3299999999999,0.0,468,2,848.3299999999999,1,2,3,123,Lost Customers
15785.0,5969.93,16,4479,2009-12-15 16:28:00,2011-11-07 11:33:00,144.6,10.0,5825.33,2.4221389530530506,33,16,5825.33,3,4,4,344,Champions
15786.0,8501.62,5,5957,2010-06-21 10:13:00,2011-10-24 14:13:00,121.97,4.0,8379.650000000001,1.4346677456767063,46,5,8379.650000000001,3,3,4,334,Champions
15787.0,933.26,3,534,2011-10-09 13:11:00,2011-11-13 14:55:00,0.0,0.0,933.26,0.0,26,3,933.26,3,2,3,323,Potential Loyalists
15788.0,221.82999999999998,1,115,2010-07-19 12:48:00,2010-07-19 12:48:00,6.300000000000001,1.0,215.52999999999997,2.8400126222783215,509,1,215.52999999999997,1,1,1,111,Lost Customers
15789.0,1962.01,6,2499,2010-03-26 11:21:00,2010-12-16 14:35:00,30.0,1.0,1932.01,1.5290441944740343,358,6,1932.01,2,3,3,233,At Risk
15790.0,218.75,1,113,2011-11-29 14:53:00,2011-11-29 14:53:00,0.0,0.0,218.75,0.0,10,1,218.75,4,1,1,411,Potential Loyalists
15791.0,3608.34,5,1970,2010-03-08 09:41:00,2011-10-27 10:14:00,66.55,4.0,3541.79,1.8443383938320668,44,5,3541.79,3,3,4,334,Champions
15792.0,933.84,2,606,2010-03-31 09:42:00,2010-11-05 08:21:00,0.0,0.0,933.84,0.0,400,2,933.84,1,2,3,123,Lost Customers
15793.0,2399.57,8,1685,2009-12-01 12:54:00,2011-11-25 09:31:00,16.65,1.0,2382.92,0.6938743191488475,15,8,2382.92,4,4,4,444,Champions
15794.0,777.0,2,288,2009-12-02 15:10:00,2009-12-03 13:04:00,0.0,0.0,777.0,0.0,736,2,777.0,1,2,2,122,Lost Customers
15795.0,1979.8700000000001,8,1411,2010-01-18 11:31:00,2011-07-13 10:43:00,0.0,0.0,1979.8700000000001,0.0,150,8,1979.8700000000001,2,4,3,243,At Risk
15796.0,5171.63,17,1733,2010-03-31 13:10:00,2011-12-08 19:55:00,155.88,5.0,5015.75,3.014136742187666,1,17,5015.75,4,4,4,444,Champions
15797.0,2821.08,6,1281,2010-01-27 13:12:00,2011-08-18 17:04:00,0.0,0.0,2821.08,0.0,113,6,2821.08,2,3,4,234,At Risk
15798.0,1535.37,3,915,2010-01-27 11:55:00,2010-08-04 09:13:00,0.0,0.0,1535.37,0.0,493,3,1535.37,1,2,3,123,Lost Customers
15799.0,1421.34,4,1341,2010-10-17 14:26:00,2011-09-25 12:46:00,0.0,0.0,1421.34,0.0,76,4,1421.34,3,3,3,333,Champions
15800.0,1227.07,7,575,2010-03-31 13:17:00,2011-08-24 14:23:00,0.0,0.0,1227.07,0.0,107,7,1227.07,2,4,3,243,At Risk
15801.0,1063.95,3,570,2011-08-22 09:53:00,2011-10-24 13:52:00,21.759999999999998,1.0,1042.19,2.045208891395272,46,3,1042.19,3,2,3,323,Potential Loyalists
15803.0,1929.66,4,1030,2010-02-01 16:29:00,2011-10-19 14:56:00,0.0,0.0,1929.66,0.0,51,4,1929.66,3,3,3,333,Champions
15804.0,4206.39,13,2565,2011-05-25 10:12:00,2011-12-09 12:31:00,357.84,6.0,3848.55,8.507057120238493,1,13,3848.55,4,4,4,444,Champions
15805.0,10148.93,30,6205,2009-12-10 12:57:00,2011-11-16 16:32:00,480.31,10.0,9668.62,4.73261713303767,23,30,9668.62,4,4,4,444,Champions
15806.0,784.58,3,602,2011-03-08 09:24:00,2011-10-24 14:35:00,0.0,0.0,784.58,0.0,46,3,784.58,3,2,2,322,Potential Loyalists
15807.0,1817.52,5,1532,2010-02-11 15:32:00,2011-10-20 14:10:00,9.95,1.0,1807.57,0.5474492715348387,50,5,1807.57,3,3,3,333,Champions
15808.0,17180.25,21,6753,2009-12-01 16:30:00,2011-02-06 14:33:00,141.3,3.0,17038.95,0.8224560178111495,306,21,17038.95,2,4,4,244,At Risk
15809.0,1274.44,7,700,2010-06-22 14:23:00,2011-11-03 16:40:00,411.56,2.0,862.8800000000001,32.29339945387778,36,7,862.8800000000001,3,4,3,343,Champions
15810.0,2999.04,8,1653,2010-02-04 18:18:00,2011-09-22 09:38:00,274.24,5.0,2724.8,9.144259496372174,79,8,2724.8,3,4,4,344,Champions
15811.0,3486.15,7,1781,2010-11-16 16:46:00,2011-11-17 15:31:00,47.3,3.0,3438.85,1.3567976134130773,22,7,3438.85,4,4,4,444,Champions
15812.0,5201.47,12,3450,2009-12-15 13:40:00,2011-08-24 14:19:00,15.299999999999999,1.0,5186.17,0.29414761596241057,107,12,5186.17,2,4,4,244,At Risk
15813.0,1303.9099999999999,2,603,2011-04-14 09:09:00,2011-05-16 08:13:00,0.0,0.0,1303.9099999999999,0.0,208,2,1303.9099999999999,2,2,3,223,Regular Customers
15814.0,2634.44,6,1728,2010-04-15 14:31:00,2011-11-23 08:17:00,102.6,2.0,2531.84,3.8945658280317637,17,6,2531.84,4,3,4,434,Champions
15815.0,2100.6,5,1856,2011-03-25 08:43:00,2011-10-07 12:42:00,0.0,0.0,2100.6,0.0,64,5,2100.6,3,3,3,333,Champions
15816.0,144.14999999999998,2,54,2010-06-15 12:54:00,2010-06-15 13:36:00,50.849999999999994,1.0,93.29999999999998,35.27575442247659,542,2,93.29999999999998,1,2,1,121,Lost Customers
15817.0,2766.4,3,1596,2010-06-14 13:31:00,2010-10-15 11:07:00,0.0,0.0,2766.4,0.0,421,3,2766.4,1,2,4,124,Lost Customers
15818.0,340.5,1,284,2010-04-30 12:58:00,2010-04-30 12:58:00,0.0,0.0,340.5,0.0,588,1,340.5,1,1,2,112,Lost Customers
15819.0,3934.79,10,2928,2010-03-18 11:08:00,2011-10-21 14:50:00,23.509999999999998,1.0,3911.2799999999997,0.5974905903491673,49,10,3911.2799999999997,3,4,4,344,Champions
15820.0,206.98,1,128,2011-01-24 12:00:00,2011-01-24 12:00:00,0.0,0.0,206.98,0.0,320,1,206.98,2,1,1,211,Regular Customers
15821.0,570.96,2,202,2011-10-09 13:28:00,2011-10-26 15:48:00,0.0,0.0,570.96,0.0,44,2,570.96,3,2,2,322,Potential Loyalists
15822.0,1840.06,6,950,2009-12-06 15:12:00,2011-12-06 14:50:00,62.150000000000006,2.0,1777.9099999999999,3.3776072519374374,3,6,1777.9099999999999,4,3,3,433,Champions
15823.0,3882.17,3,1774,2009-12-08 15:12:00,2010-12-02 15:08:00,863.31,3.0,3018.86,22.237820600334345,372,3,3018.86,2,2,4,224,Regular Customers
15824.0,890.94,2,478,2010-06-25 15:10:00,2010-09-12 13:20:00,0.0,0.0,890.94,0.0,453,2,890.94,1,2,3,123,Lost Customers
15825.0,532.94,1,220,2011-06-20 13:27:00,2011-06-20 13:27:00,0.0,0.0,532.94,0.0,172,1,532.94,2,1,2,212,Regular Customers
15826.0,2598.28,4,1824,2010-05-20 17:00:00,2011-10-14 16:05:00,15.149999999999999,2.0,2583.13,0.5830780362393583,56,4,2583.13,3,3,4,334,Champions
15827.0,3603.14,28,1715,2010-01-08 11:25:00,2011-09-27 15:35:00,363.11,14.0,3240.0299999999997,10.077598983109178,73,28,3240.0299999999997,3,4,4,344,Champions
15828.0,1108.82,1,367,2010-11-29 16:41:00,2010-11-29 16:41:00,0.0,0.0,1108.82,0.0,375,1,1108.82,2,1,3,213,Regular Customers
15829.0,636.14,2,996,2011-07-22 10:23:00,2011-09-01 16:45:00,0.0,0.0,636.14,0.0,99,2,636.14,2,2,2,222,Regular Customers
15830.0,576.0,1,415,2011-11-02 10:40:00,2011-11-02 10:40:00,28.3,1.0,547.7,4.913194444444445,38,1,547.7,3,1,2,312,Potential Loyalists
15831.0,794.64,3,1092,2011-01-19 14:52:00,2011-10-12 13:14:00,54.0,1.0,740.64,6.795530051344005,58,3,740.64,3,2,2,322,Potential Loyalists
15832.0,836.79,1,465,2011-03-30 15:29:00,2011-03-30 15:29:00,0.0,0.0,836.79,0.0,254,1,836.79,2,1,2,212,Regular Customers
15833.0,80.4,1,24,2009-12-02 11:59:00,2009-12-02 11:59:00,0.0,0.0,80.4,0.0,738,1,80.4,1,1,1,111,Lost Customers
15834.0,3764.39,7,1815,2010-10-11 14:05:00,2011-09-30 14:41:00,148.85,2.0,3615.54,3.954159903729422,70,7,3615.54,3,4,4,344,Champions
15835.0,954.09,4,439,2011-01-13 10:35:00,2011-10-26 15:47:00,0.0,0.0,954.09,0.0,44,4,954.09,3,3,3,333,Champions
15836.0,137.37,1,26,2011-10-20 17:13:00,2011-10-20 17:13:00,19.9,1.0,117.47,14.486423527698914,50,1,117.47,3,1,1,311,Potential Loyalists
15837.0,777.01,2,405,2010-08-11 10:16:00,2011-10-06 09:01:00,0.0,0.0,777.01,0.0,65,2,777.01,3,2,2,322,Potential Loyalists
15838.0,73205.5,34,64114,2009-12-15 09:51:00,2011-11-28 14:00:00,478.09,4.0,72727.41,0.6530793451311718,11,34,72727.41,4,4,4,444,Champions
15839.0,1048.49,3,675,2011-07-14 16:35:00,2011-11-06 13:54:00,27.75,2.0,1020.74,2.6466632967410275,33,3,1020.74,3,2,3,323,Potential Loyalists
15840.0,355.56,2,396,2011-06-20 11:42:00,2011-10-12 09:08:00,9.9,1.0,345.66,2.7843401957475535,59,2,345.66,3,2,2,322,Potential Loyalists
15841.0,2742.41,9,2391,2009-12-10 08:29:00,2011-09-28 12:15:00,25.909999999999997,3.0,2716.5,0.9447894370280154,73,9,2716.5,3,4,4,344,Champions
15842.0,548.8,2,296,2010-06-30 09:06:00,2010-11-11 14:08:00,20.049999999999997,1.0,528.75,3.653425655976676,393,2,528.75,1,2,2,122,Lost Customers
15843.0,118.95000000000002,1,27,2011-02-09 10:19:00,2011-02-09 10:19:00,0.0,0.0,118.95000000000002,0.0,304,1,118.95000000000002,2,1,1,211,Regular Customers
15844.0,130.73999999999998,1,134,2011-10-24 15:19:00,2011-10-24 15:19:00,0.0,0.0,130.73999999999998,0.0,46,1,130.73999999999998,3,1,1,311,Potential Loyalists
15845.0,4426.28,11,2128,2010-01-26 14:44:00,2011-11-22 09:42:00,152.63,3.0,4273.65,3.448268071608665,18,11,4273.65,4,4,4,444,Champions
15846.0,107.01,1,79,2010-11-19 14:40:00,2010-11-19 14:40:00,0.0,0.0,107.01,0.0,385,1,107.01,1,1,1,111,Lost Customers
15847.0,822.57,5,643,2010-03-08 08:47:00,2011-11-01 14:41:00,0.0,0.0,822.57,0.0,38,5,822.57,3,3,2,332,Loyal Customers
15848.0,137.99,1,45,2010-03-28 10:54:00,2010-03-28 10:54:00,0.0,0.0,137.99,0.0,622,1,137.99,1,1,1,111,Lost Customers
15850.0,1006.75,6,1334,2009-12-13 13:27:00,2011-11-20 14:14:00,0.0,0.0,1006.75,0.0,19,6,1006.75,4,3,3,433,Champions
15851.0,109.73,1,67,2010-07-01 12:34:00,2010-07-01 12:34:00,0.0,0.0,109.73,0.0,527,1,109.73,1,1,1,111,Lost Customers
15852.0,257.26,3,60,2010-07-01 10:16:00,2011-06-06 11:22:00,0.0,0.0,257.26,0.0,187,3,257.26,2,2,1,221,Regular Customers
15853.0,110.8,1,135,2011-10-19 10:38:00,2011-10-19 10:38:00,0.0,0.0,110.8,0.0,52,1,110.8,3,1,1,311,Potential Loyalists
15854.0,5578.28,21,1691,2009-12-10 12:08:00,2011-12-05 13:39:00,0.0,0.0,5578.28,0.0,4,21,5578.28,4,4,4,444,Champions
15855.0,1052.72,6,712,2010-08-20 17:15:00,2011-07-26 10:20:00,0.0,0.0,1052.72,0.0,137,6,1052.72,2,3,3,233,At Risk
15856.0,32275.95,52,19550,2009-12-03 14:02:00,2011-12-05 17:09:00,402.90000000000003,6.0,31873.05,1.2482978812397467,4,52,31873.05,4,4,4,444,Champions
15857.0,570.48,2,584,2010-10-05 16:43:00,2011-11-21 12:18:00,0.0,0.0,570.48,0.0,19,2,570.48,4,2,2,422,Potential Loyalists
15858.0,3552.41,13,2715,2009-12-10 11:42:00,2011-11-24 12:48:00,42.5,2.0,3509.91,1.1963709143933274,16,13,3509.91,4,4,4,444,Champions
15859.0,438.46,1,174,2010-10-03 12:52:00,2010-10-03 12:52:00,0.0,0.0,438.46,0.0,432,1,438.46,1,1,2,112,Lost Customers
15860.0,2361.3,17,1259,2009-12-06 12:31:00,2011-10-30 11:25:00,0.0,0.0,2361.3,0.0,41,17,2361.3,3,4,4,344,Champions
15861.0,4369.2,12,3837,2010-01-28 19:41:00,2011-11-27 15:59:00,183.8,3.0,4185.4,4.206719765632153,12,12,4185.4,4,4,4,444,Champions
15862.0,2512.29,13,1520,2009-12-17 11:33:00,2011-12-01 13:28:00,0.0,0.0,2512.29,0.0,8,13,2512.29,4,4,4,444,Champions
15863.0,355.1,5,162,2009-12-17 10:20:00,2011-11-14 12:49:00,0.0,0.0,355.1,0.0,26,5,355.1,3,3,2,332,Loyal Customers
15864.0,2180.76,7,1486,2010-11-23 15:02:00,2011-11-17 13:32:00,166.54000000000002,2.0,2014.2200000000003,7.636787175113263,22,7,2014.2200000000003,4,4,3,443,Champions
15865.0,2241.42,5,1141,2010-01-05 13:58:00,2011-10-30 12:43:00,0.0,0.0,2241.42,0.0,41,5,2241.42,3,3,4,334,Champions
15866.0,211.89,1,124,2011-08-30 14:09:00,2011-08-30 14:09:00,0.0,0.0,211.89,0.0,101,1,211.89,2,1,1,211,Regular Customers
15867.0,8923.3,31,5067,2009-12-14 15:16:00,2011-12-04 13:32:00,89.1,4.0,8834.199999999999,0.9985095200206202,5,31,8834.199999999999,4,4,4,444,Champions
15868.0,94.53,1,57,2010-05-05 14:11:00,2010-05-05 14:11:00,0.0,0.0,94.53,0.0,583,1,94.53,1,1,1,111,Lost Customers
15869.0,321.11,3,273,2010-03-23 16:50:00,2011-03-07 17:23:00,0.0,0.0,321.11,0.0,277,3,321.11,2,2,1,221,Regular Customers
15870.0,857.46,4,504,2010-09-19 16:22:00,2011-11-07 10:58:00,0.0,0.0,857.46,0.0,33,4,857.46,3,3,3,333,Champions
15871.0,33.099999999999994,1,5,2010-09-28 14:16:00,2010-09-28 14:16:00,0.0,0.0,33.099999999999994,0.0,437,1,33.099999999999994,1,1,1,111,Lost Customers
15872.0,729.25,4,467,2010-06-07 14:53:00,2011-11-25 11:55:00,0.0,0.0,729.25,0.0,15,4,729.25,4,3,2,432,Loyal Customers
15873.0,313.91999999999996,4,1152,2010-07-27 11:58:00,2010-07-28 12:41:00,175.68,1.0,138.23999999999995,55.963302752293586,500,4,138.23999999999995,1,3,1,131,Regular Customers
15874.0,11284.76,21,5102,2010-01-07 13:56:00,2011-10-07 12:31:00,149.76,4.0,11135.0,1.3270995572790205,64,21,11135.0,3,4,4,344,Champions
15875.0,108.52,1,74,2010-03-03 16:51:00,2010-03-03 16:51:00,0.0,0.0,108.52,0.0,646,1,108.52,1,1,1,111,Lost Customers
15876.0,1449.1399999999999,2,886,2010-09-17 15:26:00,2010-10-26 18:58:00,0.0,0.0,1449.1399999999999,0.0,409,2,1449.1399999999999,1,2,3,123,Lost Customers
15877.0,490.33,2,368,2011-11-22 11:18:00,2011-12-08 11:53:00,52.5,1.0,437.83,10.707074827157221,2,2,437.83,4,2,2,422,Potential Loyalists
15878.0,330.77,2,243,2009-12-06 12:28:00,2010-05-27 12:17:00,0.0,0.0,330.77,0.0,562,2,330.77,1,2,1,121,Lost Customers
15879.0,1137.8,4,639,2009-12-17 19:54:00,2010-10-31 16:21:00,0.0,0.0,1137.8,0.0,404,4,1137.8,1,3,3,133,At Risk
15880.0,329.03000000000003,1,202,2010-12-05 13:00:00,2010-12-05 13:00:00,30.0,1.0,299.03000000000003,9.117709631340606,369,1,299.03000000000003,2,1,1,211,Regular Customers
15881.0,501.39000000000004,5,260,2010-12-10 13:32:00,2011-01-31 16:59:00,63.15,3.0,438.24000000000007,12.594985939089332,312,5,438.24000000000007,2,3,2,232,Regular Customers
15882.0,1124.66,8,650,2009-12-10 15:33:00,2011-05-25 11:35:00,26.07,2.0,1098.5900000000001,2.3180338946881722,199,8,1098.5900000000001,2,4,3,243,At Risk
15883.0,396.48,2,223,2011-11-06 14:50:00,2011-12-07 17:05:00,0.0,0.0,396.48,0.0,2,2,396.48,4,2,2,422,Potential Loyalists
15884.0,244.60000000000002,2,152,2009-12-03 18:23:00,2010-10-03 15:55:00,5.95,1.0,238.65000000000003,2.4325429272281274,432,2,238.65000000000003,1,2,1,121,Lost Customers
15885.0,1951.82,15,622,2010-01-21 12:47:00,2011-09-08 10:43:00,214.25,5.0,1737.57,10.976934348454263,93,15,1737.57,3,4,3,343,Champions
15886.0,1052.8700000000001,4,667,2010-04-20 15:03:00,2011-10-10 14:25:00,0.0,0.0,1052.8700000000001,0.0,60,4,1052.8700000000001,3,3,3,333,Champions
15887.0,1027.15,3,605,2010-06-02 11:53:00,2010-10-29 08:36:00,0.0,0.0,1027.15,0.0,407,3,1027.15,1,2,3,123,Lost Customers
15888.0,429.16,3,139,2010-07-01 11:51:00,2011-09-20 12:30:00,27.04,1.0,402.12,6.300680398918818,81,3,402.12,3,2,2,322,Potential Loyalists
15889.0,1427.6,8,800,2009-12-10 12:21:00,2011-07-06 11:10:00,10.45,1.0,1417.1499999999999,0.7319977584757634,157,8,1417.1499999999999,2,4,3,243,At Risk
15890.0,535.65,5,119,2010-04-14 08:43:00,2010-11-10 12:46:00,0.0,0.0,535.65,0.0,395,5,535.65,1,3,2,132,Regular Customers
15891.0,511.68,1,418,2011-04-27 12:35:00,2011-04-27 12:35:00,0.0,0.0,511.68,0.0,227,1,511.68,2,1,2,212,Regular Customers
15892.0,128.2,1,46,2010-02-08 16:23:00,2010-02-08 16:23:00,0.0,0.0,128.2,0.0,669,1,128.2,1,1,1,111,Lost Customers
15893.0,305.28000000000003,1,288,2010-08-15 11:12:00,2010-08-15 11:12:00,0.0,0.0,305.28000000000003,0.0,482,1,305.28000000000003,1,1,1,111,Lost Customers
15894.0,258.25,2,164,2010-12-05 14:06:00,2011-03-31 13:50:00,0.0,0.0,258.25,0.0,253,2,258.25,2,2,1,221,Regular Customers
15895.0,179.17,1,94,2011-07-13 10:27:00,2011-07-13 10:27:00,0.0,0.0,179.17,0.0,150,1,179.17,2,1,1,211,Regular Customers
15897.0,208.59,2,223,2011-05-29 13:32:00,2011-05-29 13:50:00,0.0,0.0,208.59,0.0,194,2,208.59,2,2,1,221,Regular Customers
15898.0,4996.45,25,2160,2009-12-11 16:11:00,2011-12-08 15:23:00,61.95,4.0,4934.5,1.2398803150236668,1,25,4934.5,4,4,4,444,Champions
15899.0,56.25,1,39,2010-12-06 10:36:00,2010-12-06 10:36:00,0.0,0.0,56.25,0.0,369,1,56.25,2,1,1,211,Regular Customers
15900.0,886.5699999999999,4,656,2010-05-26 11:27:00,2011-11-16 12:19:00,9.9,1.0,876.67,1.1166630948486866,24,4,876.67,4,3,3,433,Champions
15901.0,687.72,7,695,2010-06-14 12:39:00,2011-11-23 12:43:00,18.990000000000002,2.0,668.73,2.761298202756936,17,7,668.73,4,4,2,442,Loyal Customers
15902.0,145.01,1,124,2010-11-24 16:57:00,2010-11-24 16:57:00,0.0,0.0,145.01,0.0,380,1,145.01,1,1,1,111,Lost Customers
15903.0,8939.84,12,3926,2010-01-14 10:57:00,2011-11-30 08:08:00,80.02,3.0,8859.82,0.8950943193614203,10,12,8859.82,4,4,4,444,Champions
15904.0,164.68,1,84,2011-12-01 14:50:00,2011-12-01 14:50:00,0.0,0.0,164.68,0.0,8,1,164.68,4,1,1,411,Potential Loyalists
15905.0,114.69,1,82,2010-06-14 16:00:00,2010-06-14 16:00:00,0.0,0.0,114.69,0.0,543,1,114.69,1,1,1,111,Lost Customers
15906.0,2530.19,10,749,2010-09-15 12:17:00,2011-11-20 12:24:00,87.75,2.0,2442.44,3.4681189950161846,20,10,2442.44,4,4,4,444,Champions
15907.0,882.72,3,478,2011-05-13 13:01:00,2011-12-06 12:21:00,0.0,0.0,882.72,0.0,4,3,882.72,4,2,3,423,Potential Loyalists
15908.0,758.62,2,173,2010-07-15 19:21:00,2010-08-06 11:56:00,0.0,0.0,758.62,0.0,491,2,758.62,1,2,2,122,Lost Customers
15909.0,191.94,1,98,2011-06-19 10:38:00,2011-06-19 10:38:00,0.0,0.0,191.94,0.0,174,1,191.94,2,1,1,211,Regular Customers
15910.0,2661.17,15,2158,2010-01-21 11:51:00,2011-12-09 10:51:00,0.0,0.0,2661.17,0.0,1,15,2661.17,4,4,4,444,Champions
15911.0,1700.24,8,810,2009-12-09 13:26:00,2010-03-26 12:06:00,300.79,2.0,1399.45,17.69103185432645,624,8,1399.45,1,4,3,143,At Risk
15912.0,1074.7,9,759,2009-12-10 12:58:00,2011-06-14 14:29:00,0.0,0.0,1074.7,0.0,178,9,1074.7,2,4,3,243,At Risk
15913.0,6.300000000000001,1,3,2010-06-23 16:31:00,2010-06-23 16:31:00,0.0,0.0,6.300000000000001,0.0,534,1,6.300000000000001,1,1,1,111,Lost Customers
15914.0,205.99,2,149,2010-11-26 16:09:00,2010-11-26 16:10:00,0.0,0.0,205.99,0.0,378,2,205.99,2,2,1,221,Regular Customers
15915.0,364.45,1,414,2010-11-03 11:13:00,2010-11-03 11:13:00,0.0,0.0,364.45,0.0,402,1,364.45,1,1,2,112,Lost Customers
15916.0,3145.2400000000002,13,1618,2009-12-10 16:21:00,2011-11-23 13:46:00,131.2,4.0,3014.0400000000004,4.1713827879589465,16,13,3014.0400000000004,4,4,4,444,Champions
15917.0,530.17,5,248,2009-12-02 14:55:00,2011-04-06 10:40:00,0.0,0.0,530.17,0.0,248,5,530.17,2,3,2,232,Regular Customers
15918.0,582.88,3,240,2010-03-18 11:40:00,2011-06-02 11:42:00,0.0,0.0,582.88,0.0,191,3,582.88,2,2,2,232,Regular Customers
15919.0,525.69,2,385,2010-12-06 11:26:00,2011-11-20 11:28:00,0.0,0.0,525.69,0.0,20,2,525.69,4,2,2,422,Potential Loyalists
15920.0,569.14,9,238,2009-12-14 13:09:00,2011-07-08 15:31:00,0.0,0.0,569.14,0.0,154,9,569.14,2,4,2,242,Regular Customers
15921.0,775.26,4,335,2010-03-09 11:03:00,2011-06-20 11:03:00,0.0,0.0,775.26,0.0,173,4,775.26,2,3,2,232,Regular Customers
15922.0,369.5,1,138,2010-12-01 13:51:00,2010-12-01 13:51:00,5.9,1.0,363.6,1.5967523680649527,373,1,363.6,2,1,2,212,Regular Customers
15923.0,127.08,1,122,2010-12-02 12:16:00,2010-12-02 12:16:00,0.0,0.0,127.08,0.0,373,1,127.08,2,1,1,211,Regular Customers
15924.0,102.82,1,103,2009-12-08 15:00:00,2009-12-08 15:00:00,0.0,0.0,102.82,0.0,731,1,102.82,1,1,1,111,Lost Customers
15925.0,207.15,1,93,2011-05-29 15:35:00,2011-05-29 15:35:00,0.0,0.0,207.15,0.0,194,1,207.15,2,1,1,211,Regular Customers
15926.0,134.44,1,155,2010-06-15 15:23:00,2010-06-15 15:23:00,0.0,0.0,134.44,0.0,542,1,134.44,1,1,1,111,Lost Customers
15927.0,106.54,1,66,2010-03-02 13:25:00,2010-03-02 13:25:00,0.0,0.0,106.54,0.0,647,1,106.54,1,1,1,111,Lost Customers
15928.0,293.53,1,164,2010-02-21 15:16:00,2010-02-21 15:16:00,0.0,0.0,293.53,0.0,656,1,293.53,1,1,1,111,Lost Customers
15929.0,594.0,1,120,2010-03-05 14:56:00,2010-03-05 14:56:00,0.0,0.0,594.0,0.0,644,1,594.0,1,1,2,112,Lost Customers
15930.0,426.63,1,139,2011-10-03 14:52:00,2011-10-03 14:52:00,0.0,0.0,426.63,0.0,67,1,426.63,3,1,2,312,Potential Loyalists
15931.0,239.9,1,118,2010-10-07 16:46:00,2010-10-07 16:46:00,0.0,0.0,239.9,0.0,428,1,239.9,1,1,1,111,Lost Customers
15932.0,2495.87,8,2325,2011-02-23 14:50:00,2011-12-05 17:13:00,34.019999999999996,3.0,2461.85,1.3630517615100144,4,8,2461.85,4,4,4,444,Champions
15933.0,1107.46,3,885,2011-09-14 12:05:00,2011-11-18 13:14:00,0.0,0.0,1107.46,0.0,21,3,1107.46,4,3,3,433,Champions
15934.0,2190.66,2,2166,2010-10-06 12:08:00,2010-10-18 10:13:00,0.0,0.0,2190.66,0.0,418,2,2190.66,1,2,4,124,Lost Customers
15935.0,416.86,2,115,2011-04-12 09:35:00,2011-04-14 13:27:00,308.82,1.0,108.04000000000002,74.08242575444993,239,2,108.04000000000002,2,2,1,221,Regular Customers
15936.0,282.79,2,211,2010-08-29 11:42:00,2010-11-25 16:39:00,0.0,0.0,282.79,0.0,379,2,282.79,2,2,1,221,Regular Customers
15937.0,145.35,1,73,2011-10-06 15:48:00,2011-10-06 15:48:00,0.0,0.0,145.35,0.0,64,1,145.35,3,1,1,311,Potential Loyalists
15938.0,734.81,9,449,2010-06-01 09:42:00,2011-08-19 12:56:00,0.0,0.0,734.81,0.0,112,9,734.81,2,4,2,242,Regular Customers
15939.0,9060.39,16,6260,2010-11-30 12:07:00,2011-09-11 11:30:00,12.75,1.0,9047.64,0.14072241923360915,90,16,9047.64,3,4,4,344,Champions
15941.0,405.0,1,60,2010-03-12 14:45:00,2010-03-12 14:45:00,174.4,1.0,230.6,43.061728395061735,637,1,230.6,1,1,1,111,Lost Customers
15942.0,337.44,1,232,2011-07-29 09:01:00,2011-07-29 09:01:00,0.0,0.0,337.44,0.0,134,1,337.44,2,1,2,212,Regular Customers
15943.0,271.28999999999996,2,183,2010-01-31 11:04:00,2010-02-28 12:49:00,0.0,0.0,271.28999999999996,0.0,650,2,271.28999999999996,1,2,1,121,Lost Customers
15944.0,2164.24,4,859,2009-12-13 12:57:00,2011-03-08 10:33:00,0.0,0.0,2164.24,0.0,277,4,2164.24,2,3,3,233,At Risk
15945.0,646.27,4,345,2009-12-01 13:47:00,2010-12-09 13:14:00,0.0,0.0,646.27,0.0,365,4,646.27,2,3,2,232,Regular Customers
15946.0,2304.18,3,1614,2010-03-16 10:49:00,2010-07-25 12:18:00,0.0,0.0,2304.18,0.0,503,3,2304.18,1,3,4,134,At Risk
15947.0,1708.24,1,898,2011-09-18 10:46:00,2011-09-18 10:46:00,0.0,0.0,1708.24,0.0,83,1,1708.24,3,1,3,313,Potential Loyalists
15948.0,1509.0900000000001,3,852,2010-10-11 12:16:00,2011-12-01 15:32:00,0.0,0.0,1509.0900000000001,0.0,8,3,1509.0900000000001,4,3,3,433,Champions
15949.0,364.72,2,284,2011-09-29 17:34:00,2011-11-23 09:09:00,0.0,0.0,364.72,0.0,17,2,364.72,4,2,2,422,Potential Loyalists
15950.0,7120.91,10,3354,2010-01-26 11:39:00,2011-11-08 11:09:00,242.20000000000002,3.0,6878.71,3.401250682848119,32,10,6878.71,3,4,4,344,Champions
15951.0,1013.17,3,420,2010-11-23 18:20:00,2011-12-01 08:34:00,38.650000000000006,1.0,974.52,3.814759615859136,9,3,974.52,4,3,3,433,Champions
15952.0,781.91,4,391,2011-04-28 12:55:00,2011-11-06 11:18:00,0.0,0.0,781.91,0.0,34,4,781.91,3,3,2,332,Loyal Customers
15953.0,3440.3399999999997,18,1741,2009-12-03 14:00:00,2011-11-24 15:32:00,144.85,3.0,3295.49,4.210339675729725,15,18,3295.49,4,4,4,444,Champions
15954.0,190.75,1,119,2010-04-29 13:35:00,2010-04-29 13:35:00,0.0,0.0,190.75,0.0,589,1,190.75,1,1,1,111,Lost Customers
15955.0,8085.9800000000005,22,3967,2010-02-23 16:36:00,2011-11-15 14:15:00,35.75,3.0,8050.2300000000005,0.4421232800476875,24,22,8050.2300000000005,4,4,4,444,Champions
15956.0,617.6,2,278,2009-12-13 11:16:00,2010-06-06 13:06:00,0.0,0.0,617.6,0.0,551,2,617.6,1,2,2,122,Lost Customers
15957.0,921.25,3,453,2010-10-15 12:11:00,2011-11-08 12:14:00,0.0,0.0,921.25,0.0,32,3,921.25,3,3,3,333,Champions
15958.0,462.12,4,154,2010-06-07 10:59:00,2011-09-26 13:41:00,0.0,0.0,462.12,0.0,74,4,462.12,3,3,2,332,Loyal Customers
15959.0,542.89,3,269,2010-01-26 16:19:00,2010-01-26 16:38:00,0.0,0.0,542.89,0.0,682,3,542.89,1,3,2,132,Regular Customers
15960.0,410.95,4,258,2010-09-30 15:50:00,2010-11-30 15:57:00,16.95,1.0,394.0,4.124589366102932,374,4,394.0,2,3,2,232,Regular Customers
15961.0,451.28999999999996,1,154,2010-11-25 15:59:00,2010-11-25 15:59:00,0.0,0.0,451.28999999999996,0.0,379,1,451.28999999999996,2,1,2,212,Regular Customers
15962.0,289.48,1,228,2010-09-16 13:48:00,2010-09-16 13:48:00,0.0,0.0,289.48,0.0,449,1,289.48,1,1,1,111,Lost Customers
15963.0,470.76,2,298,2011-10-25 13:05:00,2011-11-20 11:33:00,0.0,0.0,470.76,0.0,20,2,470.76,4,2,2,422,Potential Loyalists
15964.0,269.21000000000004,1,93,2010-02-14 15:30:00,2010-02-14 15:30:00,0.0,0.0,269.21000000000004,0.0,663,1,269.21000000000004,1,1,1,111,Lost Customers
15965.0,2771.94,13,1313,2009-12-03 11:45:00,2011-11-22 16:44:00,13.75,1.0,2758.19,0.49604248288202485,17,13,2758.19,4,4,4,444,Champions
15966.0,426.53000000000003,1,275,2010-09-15 10:44:00,2010-09-15 10:44:00,26.950000000000003,1.0,399.58000000000004,6.318430122148501,451,1,399.58000000000004,1,1,2,112,Lost Customers
15967.0,2966.0,12,1183,2009-12-01 13:29:00,2011-11-16 15:41:00,22.4,1.0,2943.6,0.7552258934592043,23,12,2943.6,4,4,4,444,Champions
15968.0,404.55,1,247,2010-11-16 13:04:00,2010-11-16 13:04:00,0.0,0.0,404.55,0.0,388,1,404.55,1,1,2,112,Lost Customers
15969.0,1127.05,5,223,2010-07-05 13:10:00,2011-12-07 11:06:00,83.2,1.0,1043.85,7.382103722106384,3,5,1043.85,4,3,3,433,Champions
15970.0,1017.32,2,498,2010-04-20 11:30:00,2011-02-09 12:08:00,0.0,0.0,1017.32,0.0,304,2,1017.32,2,2,3,223,Regular Customers
15971.0,5902.83,18,2251,2009-12-08 09:46:00,2011-11-22 12:50:00,972.4,2.0,4930.43,16.47345425838115,18,18,4930.43,4,4,4,444,Champions
15972.0,1769.33,5,468,2010-04-18 14:06:00,2010-09-09 13:20:00,0.0,0.0,1769.33,0.0,456,5,1769.33,1,3,3,133,At Risk
15973.0,680.62,3,195,2010-10-06 15:00:00,2010-12-08 11:42:00,208.04999999999998,2.0,472.57000000000005,30.567717669183974,367,3,472.57000000000005,2,3,2,232,Regular Customers
15974.0,3442.15,7,2262,2011-02-24 10:10:00,2011-10-31 13:13:00,12.600000000000001,1.0,3429.55,0.36605028833723113,39,7,3429.55,3,4,4,344,Champions
15975.0,371.01,1,243,2011-09-16 13:33:00,2011-09-16 13:33:00,0.0,0.0,371.01,0.0,84,1,371.01,3,1,2,312,Potential Loyalists
15976.0,1694.41,6,1053,2010-06-06 14:01:00,2011-06-27 13:00:00,0.0,0.0,1694.41,0.0,165,6,1694.41,2,3,3,233,At Risk
15977.0,1054.73,2,1016,2011-10-31 16:24:00,2011-11-22 13:29:00,0.0,0.0,1054.73,0.0,17,2,1054.73,4,2,3,423,Potential Loyalists
15978.0,3279.42,3,2444,2010-03-05 14:39:00,2011-09-23 15:21:00,6.8,2.0,3272.62,0.20735373938074414,77,3,3272.62,3,3,4,334,Champions
15979.0,329.22,1,450,2010-04-16 11:35:00,2010-04-16 11:35:00,0.0,0.0,329.22,0.0,603,1,329.22,1,1,1,111,Lost Customers
15980.0,6543.68,7,4822,2010-06-01 14:40:00,2011-09-12 09:41:00,47.4,2.0,6496.280000000001,0.7243630495378747,89,7,6496.280000000001,3,4,4,344,Champions
15981.0,9362.77,21,4827,2010-03-29 10:07:00,2011-11-15 08:00:00,94.7,6.0,9268.07,1.0114528072354656,25,21,9268.07,4,4,4,444,Champions
15982.0,324.51,1,131,2010-04-13 15:47:00,2010-04-13 15:47:00,0.0,0.0,324.51,0.0,605,1,324.51,1,1,1,111,Lost Customers
15983.0,3110.37,8,1872,2009-12-06 12:52:00,2011-11-17 17:34:00,0.0,0.0,3110.37,0.0,22,8,3110.37,4,4,4,444,Champions
15984.0,8393.02,30,5730,2009-12-01 13:38:00,2011-12-07 12:16:00,88.2,2.0,8304.82,1.0508732256088988,3,30,8304.82,4,4,4,444,Champions
15985.0,2715.28,7,2750,2010-05-27 15:51:00,2011-08-08 16:31:00,105.0,1.0,2610.28,3.8670045078223976,123,7,2610.28,2,4,4,244,At Risk
15986.0,354.42,2,368,2010-11-23 10:02:00,2011-11-09 15:17:00,0.0,0.0,354.42,0.0,30,2,354.42,3,2,2,322,Potential Loyalists
15987.0,1535.99,8,1599,2010-11-25 12:56:00,2011-11-27 15:38:00,0.0,0.0,1535.99,0.0,12,8,1535.99,4,4,3,443,Champions
15988.0,738.89,3,476,2010-02-21 11:36:00,2011-11-20 13:23:00,0.0,0.0,738.89,0.0,19,3,738.89,4,3,2,432,Loyal Customers
15989.0,368.31,2,169,2009-12-02 15:51:00,2010-11-29 12:03:00,0.0,0.0,368.31,0.0,376,2,368.31,2,2,2,222,Regular Customers
15990.0,1997.75,7,1086,2010-02-28 12:30:00,2011-10-26 15:58:00,0.0,0.0,1997.75,0.0,44,7,1997.75,3,4,3,343,Champions
15991.0,150.55,1,41,2010-06-23 15:50:00,2010-06-23 15:50:00,0.0,0.0,150.55,0.0,534,1,150.55,1,1,1,111,Lost Customers
15992.0,896.6,3,514,2010-09-12 11:52:00,2011-12-06 11:00:00,0.0,0.0,896.6,0.0,4,3,896.6,4,3,3,433,Champions
15993.0,2777.67,7,2037,2011-10-26 16:21:00,2011-12-01 10:45:00,40.75,3.0,2736.92,1.4670569218085663,9,7,2736.92,4,4,4,444,Champions
15994.0,1175.68,3,462,2010-03-14 11:55:00,2011-10-16 12:28:00,3.34,2.0,1172.3400000000001,0.28409090909090906,55,3,1172.3400000000001,3,3,3,333,Champions
15995.0,694.54,1,352,2010-10-21 13:57:00,2010-10-21 13:57:00,0.0,0.0,694.54,0.0,414,1,694.54,1,1,2,112,Lost Customers
15996.0,1386.4,7,643,2010-11-07 15:49:00,2011-09-12 15:14:00,15.9,1.0,1370.5,1.1468551644547027,88,7,1370.5,3,4,3,343,Champions
15998.0,8274.14,16,5350,2009-12-01 11:45:00,2011-11-03 12:45:00,87.95,5.0,8186.19,1.0629503489184375,37,16,8186.19,3,4,4,344,Champions
15999.0,20.4,1,24,2009-12-04 12:31:00,2009-12-04 12:31:00,0.0,0.0,20.4,0.0,736,1,20.4,1,1,1,111,Lost Customers
16000.0,12393.7,3,5110,2011-12-07 12:14:00,2011-12-07 12:17:00,0.0,0.0,12393.7,0.0,3,3,12393.7,4,3,4,434,Champions
16001.0,583.39,1,337,2010-11-23 17:10:00,2010-11-23 17:10:00,64.33,1.0,519.06,11.02692881262963,381,1,519.06,1,1,2,112,Lost Customers
16002.0,169.21,1,70,2010-03-24 13:08:00,2010-03-24 13:08:00,0.0,0.0,169.21,0.0,625,1,169.21,1,1,1,111,Lost Customers
16003.0,5613.83,10,2210,2009-12-03 18:51:00,2011-11-10 09:57:00,0.0,0.0,5613.83,0.0,30,10,5613.83,3,4,4,344,Champions
16004.0,2146.39,5,1076,2010-01-25 13:56:00,2010-08-22 11:48:00,0.0,0.0,2146.39,0.0,475,5,2146.39,1,3,3,133,At Risk
16005.0,2365.4900000000002,10,1269,2010-09-15 13:21:00,2011-11-27 13:47:00,32.45,1.0,2333.0400000000004,1.3718088007135942,12,10,2333.0400000000004,4,4,4,444,Champions
16006.0,332.82,2,205,2010-11-17 12:03:00,2011-05-12 13:12:00,0.0,0.0,332.82,0.0,211,2,332.82,2,2,1,221,Regular Customers
16007.0,3053.06,7,2631,2010-06-14 13:18:00,2011-10-23 11:05:00,0.0,0.0,3053.06,0.0,48,7,3053.06,3,4,4,344,Champions
16008.0,5339.13,15,3237,2010-03-19 11:07:00,2011-11-16 10:32:00,0.0,0.0,5339.13,0.0,24,15,5339.13,4,4,4,444,Champions
16009.0,972.11,4,366,2011-07-03 11:26:00,2011-11-17 16:51:00,0.0,0.0,972.11,0.0,22,4,972.11,4,3,3,433,Champions
16010.0,1694.86,11,919,2010-10-24 10:54:00,2011-04-08 10:14:00,1.95,1.0,1692.9099999999999,0.11505375075227453,246,11,1692.9099999999999,2,4,3,243,At Risk
16011.0,5601.01,29,3323,2009-12-01 12:02:00,2011-12-01 16:31:00,13.45,1.0,5587.56,0.24013526131894067,8,29,5587.56,4,4,4,444,Champions
16012.0,2978.59,5,1760,2010-06-28 11:39:00,2011-11-04 13:25:00,0.0,0.0,2978.59,0.0,35,5,2978.59,3,3,4,334,Champions
16013.0,56078.44,84,25520,2009-12-08 10:24:00,2011-12-06 10:36:00,4657.52,10.0,51420.92,8.305366554419132,4,84,51420.92,4,4,4,444,Champions
16014.0,1100.28,5,462,2010-01-31 12:43:00,2011-11-02 12:04:00,9.25,1.0,1091.03,0.8406950957937979,38,5,1091.03,3,3,3,333,Champions
16015.0,704.55,3,907,2011-10-21 12:56:00,2011-12-06 10:58:00,14.850000000000001,1.0,689.6999999999999,2.107728337236534,4,3,689.6999999999999,4,3,2,432,Loyal Customers
16016.0,2083.4,11,881,2010-11-02 13:27:00,2011-12-06 14:35:00,30.4,3.0,2053.0,1.459153307094173,3,11,2053.0,4,4,3,443,Champions
16017.0,1545.58,5,635,2010-01-05 12:06:00,2011-10-23 12:56:00,0.0,0.0,1545.58,0.0,47,5,1545.58,3,3,3,333,Champions
16018.0,698.13,4,503,2009-12-07 13:57:00,2011-10-31 14:13:00,0.0,0.0,698.13,0.0,39,4,698.13,3,3,2,332,Loyal Customers
16019.0,17329.16,27,6959,2009-12-14 14:12:00,2011-10-24 11:51:00,825.7,8.0,16503.46,4.764801063640708,47,27,16503.46,3,4,4,344,Champions
16020.0,851.01,3,487,2011-10-05 13:54:00,2011-11-23 11:18:00,0.0,0.0,851.01,0.0,17,3,851.01,4,3,3,433,Champions
16021.0,487.03,2,276,2010-06-13 11:05:00,2010-11-09 14:48:00,0.0,0.0,487.03,0.0,395,2,487.03,1,2,2,122,Lost Customers
16022.0,602.63,1,255,2011-03-24 13:16:00,2011-03-24 13:16:00,0.0,0.0,602.63,0.0,260,1,602.63,2,1,2,212,Regular Customers
16023.0,719.81,3,358,2011-03-18 13:32:00,2011-10-24 16:34:00,0.0,0.0,719.81,0.0,46,3,719.81,3,3,2,332,Loyal Customers
16024.0,483.99,3,504,2010-10-24 11:40:00,2011-11-27 13:26:00,0.0,0.0,483.99,0.0,12,3,483.99,4,3,2,432,Loyal Customers
16025.0,439.65999999999997,1,338,2011-11-10 11:45:00,2011-11-10 11:45:00,0.0,0.0,439.65999999999997,0.0,30,1,439.65999999999997,3,1,2,312,Potential Loyalists
16026.0,236.09,1,243,2011-10-27 13:53:00,2011-10-27 13:53:00,0.0,0.0,236.09,0.0,43,1,236.09,3,1,1,311,Potential Loyalists
16027.0,2048.36,15,2099,2010-01-08 13:21:00,2011-09-09 10:47:00,248.51999999999998,3.0,1799.8400000000001,12.132632935616785,92,15,1799.8400000000001,3,4,3,343,Champions
16028.0,82.2,1,18,2010-04-23 11:45:00,2010-04-23 11:45:00,0.0,0.0,82.2,0.0,596,1,82.2,1,1,1,111,Lost Customers
16029.0,117763.62,107,54450,2009-12-08 11:23:00,2011-11-01 10:27:00,28058.15,18.0,89705.47,23.825821590742542,39,107,89705.47,3,4,4,344,Champions
16030.0,331.24,1,283,2011-02-03 11:28:00,2011-02-03 11:28:00,0.0,0.0,331.24,0.0,310,1,331.24,2,1,1,211,Regular Customers
16031.0,547.9,2,421,2011-04-06 14:23:00,2011-09-08 13:07:00,0.0,0.0,547.9,0.0,92,2,547.9,3,2,2,322,Potential Loyalists
16032.0,1965.72,6,1467,2010-07-04 13:31:00,2010-09-09 18:00:00,0.0,0.0,1965.72,0.0,456,6,1965.72,1,3,3,133,At Risk
16033.0,10608.81,27,4200,2010-08-11 16:44:00,2011-12-04 12:44:00,143.74,9.0,10465.07,1.3549116253378088,6,27,10465.07,4,4,4,444,Champions
16034.0,911.3199999999999,6,585,2010-10-26 13:00:00,2011-05-27 16:17:00,2.95,1.0,908.3699999999999,0.32370627222051535,196,6,908.3699999999999,2,3,3,233,At Risk
16035.0,217.73,1,33,2010-05-28 15:09:00,2010-05-28 15:09:00,0.0,0.0,217.73,0.0,560,1,217.73,1,1,1,111,Lost Customers
16036.0,2556.84,4,1369,2010-03-29 14:47:00,2011-09-13 14:53:00,0.0,0.0,2556.84,0.0,87,4,2556.84,3,3,4,334,Champions
16037.0,1509.34,5,766,2010-03-01 12:31:00,2011-03-15 09:13:00,19.9,2.0,1489.4399999999998,1.3184570739528536,270,5,1489.4399999999998,2,3,3,233,At Risk
16038.0,471.78000000000003,3,244,2011-05-22 11:29:00,2011-12-02 12:40:00,17.45,1.0,454.33000000000004,3.6987578956293183,8,3,454.33000000000004,4,3,2,432,Loyal Customers
16039.0,456.4,2,409,2010-03-21 15:17:00,2010-10-12 10:44:00,6.75,1.0,449.65,1.478965819456617,424,2,449.65,1,2,2,122,Lost Customers
16040.0,2416.9,7,1185,2010-04-09 10:12:00,2011-10-05 13:47:00,33.2,1.0,2383.7000000000003,1.3736604741611156,65,7,2383.7000000000003,3,4,4,344,Champions
16041.0,3166.4,3,1584,2011-07-21 16:27:00,2011-11-09 12:25:00,0.0,0.0,3166.4,0.0,31,3,3166.4,3,3,4,334,Champions
16042.0,2245.32,8,1430,2010-09-12 12:00:00,2011-11-17 17:50:00,62.22,3.0,2183.1000000000004,2.7710972155416598,22,8,2183.1000000000004,4,4,3,444,Champions
16043.0,1856.5900000000001,8,1011,2010-08-15 11:26:00,2011-11-02 12:50:00,0.0,0.0,1856.5900000000001,0.0,38,8,1856.5900000000001,3,4,3,343,Champions
16044.0,340.84000000000003,1,170,2010-09-30 18:12:00,2010-09-30 18:12:00,0.0,0.0,340.84000000000003,0.0,435,1,340.84000000000003,1,1,2,112,Lost Customers
16045.0,3434.9300000000003,8,2108,2010-07-29 12:50:00,2011-08-12 12:41:00,247.9,1.0,3187.03,7.217032079256345,120,8,3187.03,2,4,4,244,At Risk
16046.0,235.78,1,248,2010-05-26 13:18:00,2010-05-26 13:18:00,0.0,0.0,235.78,0.0,562,1,235.78,1,1,1,111,Lost Customers
16047.0,107.14,1,1,2010-01-26 16:34:00,2010-01-26 16:34:00,0.0,0.0,107.14,0.0,682,1,107.14,1,1,1,111,Lost Customers
16048.0,818.7900000000001,4,425,2010-06-08 12:36:00,2010-12-01 15:28:00,18.7,2.0,800.09,2.2838578878589133,373,4,800.09,2,3,2,232,Regular Customers
16049.0,1852.15,6,1132,2010-07-11 13:53:00,2011-10-30 13:19:00,0.0,0.0,1852.15,0.0,40,6,1852.15,3,3,3,333,Champions
16050.0,300.7,3,388,2010-11-03 15:55:00,2011-06-19 11:44:00,0.0,0.0,300.7,0.0,174,3,300.7,2,3,1,231,Regular Customers
16051.0,188.44,1,80,2010-01-27 09:38:00,2010-01-27 09:38:00,0.0,0.0,188.44,0.0,682,1,188.44,1,1,1,111,Lost Customers
16052.0,362.06,1,282,2011-10-16 15:13:00,2011-10-16 15:13:00,0.0,0.0,362.06,0.0,54,1,362.06,3,1,2,312,Potential Loyalists
16053.0,3634.84,6,3067,2010-04-08 11:11:00,2011-11-07 11:21:00,28.7,2.0,3606.1400000000003,0.7895808343696008,33,6,3606.1400000000003,3,3,4,334,Champions
16054.0,2111.88,4,791,2010-04-01 18:37:00,2011-07-17 13:08:00,21.2,3.0,2090.6800000000003,1.003844915430801,145,4,2090.6800000000003,2,3,3,233,At Risk
16055.0,134.8,1,22,2011-05-03 09:26:00,2011-05-03 09:26:00,0.0,0.0,134.8,0.0,221,1,134.8,2,1,1,211,Regular Customers
16056.0,650.75,1,345,2011-10-25 15:19:00,2011-10-25 15:19:00,0.0,0.0,650.75,0.0,45,1,650.75,3,1,2,312,Potential Loyalists
16057.0,3854.85,10,1691,2010-01-07 17:11:00,2011-11-23 15:23:00,652.78,7.0,3202.0699999999997,16.933992243537364,16,10,3202.0699999999997,4,4,4,444,Champions
16058.0,62.7,1,18,2010-10-29 16:48:00,2010-10-29 16:48:00,0.0,0.0,62.7,0.0,406,1,62.7,1,1,1,111,Lost Customers
16059.0,3053.57,12,1431,2010-05-19 13:04:00,2011-10-05 09:56:00,0.0,0.0,3053.57,0.0,66,12,3053.57,3,4,4,344,Champions
16060.0,541.95,3,243,2010-08-02 15:26:00,2010-11-04 12:10:00,0.0,0.0,541.95,0.0,401,3,541.95,1,3,2,132,Regular Customers
16061.0,89.65,1,19,2010-10-04 15:29:00,2010-10-04 15:29:00,44.7,2.0,44.95,49.86056887897379,431,1,44.95,1,1,1,111,Lost Customers
16062.0,2863.45,8,2035,2010-06-21 13:32:00,2011-11-30 12:15:00,0.0,0.0,2863.45,0.0,10,8,2863.45,4,4,4,444,Champions
16063.0,335.32,1,262,2011-03-24 14:55:00,2011-03-24 14:56:00,0.0,0.0,335.32,0.0,260,1,335.32,2,1,1,211,Regular Customers
16064.0,109.31,1,55,2009-12-14 16:11:00,2009-12-14 16:11:00,0.0,0.0,109.31,0.0,725,1,109.31,1,1,1,111,Lost Customers
16065.0,1992.13,8,1207,2010-09-02 13:27:00,2010-12-09 13:03:00,17.0,2.0,1975.13,0.8533579635867137,365,8,1975.13,2,4,3,243,At Risk
16066.0,1521.04,5,935,2011-08-07 14:33:00,2011-11-23 11:54:00,0.0,0.0,1521.04,0.0,17,5,1521.04,4,3,3,433,Champions
16067.0,3269.11,3,1236,2010-02-02 18:01:00,2010-05-26 12:33:00,369.1,3.0,2900.01,11.290534732694832,563,3,2900.01,1,3,4,134,At Risk
16068.0,115.73,1,48,2010-04-25 11:52:00,2010-04-25 11:52:00,0.0,0.0,115.73,0.0,594,1,115.73,1,1,1,111,Lost Customers
16069.0,457.7,1,138,2010-10-18 10:32:00,2010-10-18 10:32:00,0.0,0.0,457.7,0.0,418,1,457.7,1,1,2,112,Lost Customers
16070.0,852.15,2,457,2011-11-07 16:36:00,2011-11-17 15:50:00,0.0,0.0,852.15,0.0,22,2,852.15,4,2,3,423,Potential Loyalists
16071.0,1076.8,4,697,2010-02-22 14:48:00,2011-10-26 11:14:00,0.0,0.0,1076.8,0.0,45,4,1076.8,3,3,3,333,Champions
16072.0,4180.09,4,1580,2010-06-08 16:47:00,2011-02-24 14:32:00,0.0,0.0,4180.09,0.0,288,4,4180.09,2,3,4,234,At Risk
16073.0,122.39999999999999,1,48,2011-02-15 15:41:00,2011-02-15 15:41:00,28.049999999999997,1.0,94.35,22.916666666666664,297,1,94.35,2,1,1,211,Regular Customers
16074.0,252.5,1,38,2010-11-14 13:19:00,2010-11-14 13:19:00,0.0,0.0,252.5,0.0,390,1,252.5,1,1,1,111,Lost Customers
16075.0,736.9300000000001,2,271,2010-05-24 15:57:00,2010-07-25 11:31:00,9.95,1.0,726.98,1.3501960837528664,503,2,726.98,1,2,2,122,Lost Customers
16076.0,2234.73,10,1435,2011-05-15 12:31:00,2011-12-06 14:59:00,61.199999999999996,1.0,2173.53,2.738585869433891,3,10,2173.53,4,4,3,443,Champions
16077.0,2300.4,1,840,2010-03-24 10:42:00,2010-03-24 10:42:00,1700.4,1.0,600.0,73.91757955138237,626,1,600.0,1,1,2,112,Lost Customers
16078.0,362.99,2,200,2010-02-08 13:29:00,2011-03-01 09:47:00,0.0,0.0,362.99,0.0,284,2,362.99,2,2,2,222,Regular Customers
16079.0,1352.0,3,864,2011-10-30 13:06:00,2011-11-23 12:48:00,0.0,0.0,1352.0,0.0,17,3,1352.0,4,3,3,433,Champions
16080.0,602.5600000000001,4,298,2010-09-15 14:19:00,2011-09-19 10:42:00,129.66000000000003,2.0,472.90000000000003,21.518189060010624,82,4,472.90000000000003,3,3,2,332,Loyal Customers
16081.0,4278.96,8,2177,2010-02-03 12:46:00,2011-10-14 13:06:00,0.0,0.0,4278.96,0.0,56,8,4278.96,3,4,4,344,Champions
16082.0,106.75,1,39,2010-02-07 15:16:00,2010-02-07 15:16:00,0.0,0.0,106.75,0.0,670,1,106.75,1,1,1,111,Lost Customers
16083.0,2351.42,4,1514,2010-11-16 11:53:00,2011-08-31 10:47:00,0.0,0.0,2351.42,0.0,101,4,2351.42,2,3,4,234,At Risk
16084.0,436.18,1,216,2011-02-13 16:05:00,2011-02-13 16:05:00,0.0,0.0,436.18,0.0,299,1,436.18,2,1,2,212,Regular Customers
16085.0,2341.03,12,1382,2010-01-20 14:03:00,2011-11-16 13:24:00,5.8,1.0,2335.23,0.2477541936668902,23,12,2335.23,4,4,4,444,Champions
16086.0,2687.73,10,1450,2009-12-02 13:20:00,2011-10-11 13:09:00,2.08,1.0,2685.65,0.0773887258020709,59,10,2685.65,3,4,4,344,Champions
16087.0,1739.92,5,664,2010-01-19 12:30:00,2010-11-15 16:44:00,0.0,0.0,1739.92,0.0,389,5,1739.92,1,3,3,133,At Risk
16088.0,1437.43,2,373,2010-04-27 10:56:00,2010-05-13 10:16:00,0.0,0.0,1437.43,0.0,576,2,1437.43,1,2,3,123,Lost Customers
16089.0,263.49,2,119,2010-07-18 15:51:00,2010-11-18 13:51:00,0.0,0.0,263.49,0.0,386,2,263.49,1,2,1,121,Lost Customers
16090.0,180.56,1,58,2010-03-25 13:05:00,2010-03-25 13:05:00,0.0,0.0,180.56,0.0,624,1,180.56,1,1,1,111,Lost Customers
16091.0,315.06,2,154,2011-05-25 09:18:00,2011-07-08 08:45:00,0.0,0.0,315.06,0.0,155,2,315.06,2,2,1,221,Regular Customers
16092.0,1587.94,6,1188,2010-05-09 16:10:00,2011-08-17 10:46:00,72.45,4.0,1515.49,4.5625149564845024,115,6,1515.49,2,3,3,233,At Risk
16093.0,17.0,1,20,2011-08-25 11:09:00,2011-08-25 11:09:00,0.0,0.0,17.0,0.0,107,1,17.0,2,1,1,211,Regular Customers
16094.0,3695.56,11,2020,2010-04-16 14:00:00,2011-11-28 12:45:00,96.39999999999999,8.0,3599.16,2.608535648183225,12,11,3599.16,4,4,4,444,Champions
16095.0,447.05,1,265,2010-09-09 16:54:00,2010-09-09 16:54:00,0.0,0.0,447.05,0.0,456,1,447.05,1,1,2,112,Lost Customers
16096.0,1584.97,4,700,2010-03-04 15:44:00,2011-03-20 13:38:00,0.0,0.0,1584.97,0.0,264,4,1584.97,2,3,3,233,At Risk
16097.0,185.04999999999998,1,87,2011-04-13 13:47:00,2011-04-13 13:47:00,0.0,0.0,185.04999999999998,0.0,240,1,185.04999999999998,2,1,1,211,Regular Customers
16098.0,4010.7,14,2008,2009-12-15 09:40:00,2011-09-13 09:59:00,0.0,0.0,4010.7,0.0,88,14,4010.7,3,4,4,344,Champions
16099.0,1573.2,7,960,2010-03-03 11:13:00,2011-10-20 13:13:00,4.95,1.0,1568.25,0.3146453089244851,50,7,1568.25,3,4,3,343,Champions
16100.0,582.64,1,438,2010-09-03 11:39:00,2010-09-03 11:39:00,0.0,0.0,582.64,0.0,463,1,582.64,1,1,2,112,Lost Customers
16101.0,3229.16,4,1844,2010-05-27 12:50:00,2011-09-30 10:18:00,61.74,3.0,3167.42,1.9119523343532068,71,4,3167.42,3,3,4,334,Champions
16102.0,1842.14,3,942,2011-08-03 12:50:00,2011-10-28 13:19:00,0.0,0.0,1842.14,0.0,42,3,1842.14,3,3,3,333,Champions
16103.0,6191.71,22,2639,2010-01-08 12:08:00,2011-12-02 14:16:00,188.95,5.0,6002.76,3.051661011255372,7,22,6002.76,4,4,4,444,Champions
16104.0,2774.46,9,1047,2009-12-06 10:41:00,2011-10-09 10:23:00,263.25,2.0,2511.21,9.488332864773685,62,9,2511.21,3,4,4,344,Champions
16105.0,2386.19,5,2125,2010-04-14 13:27:00,2011-04-05 10:13:00,0.0,0.0,2386.19,0.0,249,5,2386.19,2,3,4,234,At Risk
16106.0,108.38,1,74,2011-10-05 10:37:00,2011-10-05 10:37:00,0.0,0.0,108.38,0.0,66,1,108.38,3,1,1,311,Potential Loyalists
16107.0,3204.1600000000003,7,1176,2011-06-09 18:42:00,2011-11-22 09:40:00,0.0,0.0,3204.1600000000003,0.0,18,7,3204.1600000000003,4,4,4,444,Champions
16108.0,2235.92,4,1473,2010-03-18 14:14:00,2011-09-16 11:48:00,63.99,4.0,2171.9300000000003,2.8619091917421016,85,4,2171.9300000000003,3,3,3,333,Champions
16109.0,939.48,3,1092,2010-01-10 10:37:00,2011-05-05 09:17:00,15.9,1.0,923.58,1.6924255971388427,219,3,923.58,2,3,3,233,At Risk
16110.0,1781.59,4,880,2010-07-05 13:04:00,2011-10-25 14:35:00,0.0,0.0,1781.59,0.0,45,4,1781.59,3,3,3,333,Champions
16111.0,549.33,1,233,2010-10-07 19:51:00,2010-10-07 19:51:00,0.0,0.0,549.33,0.0,428,1,549.33,1,1,2,112,Lost Customers
16112.0,195.73999999999998,4,574,2011-01-05 11:47:00,2011-07-19 14:28:00,0.0,0.0,195.73999999999998,0.0,143,4,195.73999999999998,2,3,1,231,Regular Customers
16113.0,161.38,1,176,2011-06-09 16:16:00,2011-06-09 16:16:00,0.0,0.0,161.38,0.0,183,1,161.38,2,1,1,211,Regular Customers
16114.0,135.75000000000003,1,43,2011-06-22 10:13:00,2011-06-22 10:13:00,0.0,0.0,135.75000000000003,0.0,171,1,135.75000000000003,2,1,1,211,Regular Customers
16115.0,2553.8,12,1589,2010-05-14 11:59:00,2011-11-30 11:32:00,0.0,0.0,2553.8,0.0,10,12,2553.8,4,4,4,444,Champions
16116.0,612.78,1,248,2011-05-12 12:01:00,2011-05-12 12:01:00,19.9,1.0,592.88,3.247495022683508,212,1,592.88,2,1,2,212,Regular Customers
16117.0,654.4,3,321,2010-04-27 11:50:00,2011-06-03 11:42:00,4.35,1.0,650.05,0.6647310513447432,190,3,650.05,2,3,2,232,Regular Customers
16118.0,4376.25,1,2851,2010-02-25 09:40:00,2010-02-25 09:40:00,120.82000000000001,4.0,4255.43,2.760811196800914,653,1,4255.43,1,1,4,114,Lost Customers
16119.0,1720.81,8,811,2009-12-16 11:56:00,2011-12-01 15:11:00,0.0,0.0,1720.81,0.0,8,8,1720.81,4,4,3,443,Champions
16120.0,2967.51,6,2161,2010-10-13 15:07:00,2011-10-11 14:22:00,15.0,1.0,2952.51,0.5054742865230446,59,6,2952.51,3,3,4,334,Champions
16121.0,1450.04,5,879,2010-05-23 10:52:00,2011-10-13 12:59:00,19.9,1.0,1430.1399999999999,1.3723759344569804,57,5,1430.1399999999999,3,3,3,333,Champions
16122.0,895.62,6,1280,2010-10-10 15:26:00,2011-09-27 15:34:00,0.0,0.0,895.62,0.0,73,6,895.62,3,3,3,333,Champions
16123.0,307.78,1,170,2011-10-19 09:18:00,2011-10-19 09:18:00,0.0,0.0,307.78,0.0,52,1,307.78,3,1,1,311,Potential Loyalists
16124.0,1772.49,4,797,2009-12-07 10:33:00,2011-01-26 14:45:00,63.099999999999994,2.0,1709.39,3.55996366693183,317,4,1709.39,2,3,3,233,At Risk
16125.0,4292.35,14,1819,2009-12-14 15:38:00,2010-12-07 15:48:00,0.0,0.0,4292.35,0.0,367,14,4292.35,2,4,4,244,At Risk
16126.0,14644.6,15,6140,2009-12-02 13:34:00,2011-11-10 16:03:00,0.0,0.0,14644.6,0.0,29,15,14644.6,3,4,4,344,Champions
16127.0,801.31,2,391,2009-12-13 12:19:00,2011-10-31 13:58:00,0.0,0.0,801.31,0.0,39,2,801.31,3,2,2,322,Potential Loyalists
16128.0,3801.05,11,2445,2010-07-16 16:30:00,2011-11-22 11:14:00,52.65,3.0,3748.4,1.3851435787479776,18,11,3748.4,4,4,4,444,Champions
16129.0,1396.05,3,1261,2010-07-20 12:32:00,2010-10-28 14:29:00,0.0,0.0,1396.05,0.0,407,3,1396.05,1,3,3,133,At Risk
16130.0,987.48,4,296,2010-04-01 13:58:00,2010-10-13 15:14:00,0.0,0.0,987.48,0.0,422,4,987.48,1,3,3,133,At Risk
16131.0,9957.42,12,4768,2009-12-02 10:09:00,2011-10-19 11:53:00,91.15,3.0,9866.27,0.9153977636777398,52,12,9866.27,3,4,4,344,Champions
16132.0,664.1999999999999,2,280,2010-03-22 10:25:00,2010-06-13 13:49:00,0.0,0.0,664.1999999999999,0.0,544,2,664.1999999999999,1,2,2,122,Lost Customers
16133.0,22992.260000000002,56,13653,2010-03-31 12:21:00,2011-12-06 11:24:00,763.38,22.0,22228.88,3.320160784542276,4,56,22228.88,4,4,4,444,Champions
16134.0,2145.34,5,1637,2010-06-17 09:48:00,2011-11-18 10:05:00,25.349999999999998,2.0,2119.9900000000002,1.1816308836827727,22,5,2119.9900000000002,4,3,3,433,Champions
16135.0,819.45,2,395,2010-05-05 09:35:00,2011-03-22 12:30:00,0.0,0.0,819.45,0.0,263,2,819.45,2,2,2,222,Regular Customers
16136.0,946.8,4,674,2010-02-14 12:49:00,2011-10-11 09:10:00,25.72,1.0,921.0799999999999,2.71651880016899,60,4,921.0799999999999,3,3,3,333,Champions
16137.0,422.7,1,210,2010-01-28 15:04:00,2010-01-28 15:04:00,0.0,0.0,422.7,0.0,680,1,422.7,1,1,2,112,Lost Customers
16138.0,910.35,3,774,2010-04-28 09:51:00,2010-11-26 12:13:00,7.95,1.0,902.4,0.8732904926676552,379,3,902.4,2,3,3,233,At Risk
16139.0,1111.15,5,602,2009-12-03 13:51:00,2011-11-21 08:37:00,0.0,0.0,1111.15,0.0,19,5,1111.15,4,3,3,433,Champions
16140.0,1433.46,3,1272,2010-09-24 12:03:00,2011-10-05 12:15:00,21.41,2.0,1412.05,1.4935889386519332,66,3,1412.05,3,3,3,333,Champions
16141.0,955.94,2,410,2010-10-18 14:12:00,2011-09-12 13:11:00,0.0,0.0,955.94,0.0,88,2,955.94,3,2,3,323,Potential Loyalists
16142.0,535.34,1,422,2011-04-04 10:16:00,2011-04-04 10:16:00,0.0,0.0,535.34,0.0,250,1,535.34,2,1,2,212,Regular Customers
16143.0,4555.08,12,1866,2009-12-10 09:44:00,2011-12-06 14:13:00,43.949999999999996,4.0,4511.13,0.9648568191996627,3,12,4511.13,4,4,4,444,Champions
16144.0,175.2,1,16,2011-04-07 10:09:00,2011-04-07 10:09:00,0.0,0.0,175.2,0.0,247,1,175.2,2,1,1,211,Regular Customers
16145.0,6805.4400000000005,19,5270,2010-05-04 13:31:00,2011-12-01 10:33:00,111.84,10.0,6693.6,1.643391169417407,9,19,6693.6,4,4,4,444,Champions
16146.0,946.38,4,544,2010-09-17 10:46:00,2011-07-05 14:20:00,0.0,0.0,946.38,0.0,157,4,946.38,2,3,3,233,At Risk
16147.0,2398.91,5,1395,2010-02-05 12:26:00,2011-07-29 09:57:00,31.89,2.0,2367.02,1.329353748160623,134,5,2367.02,2,3,4,234,At Risk
16148.0,386.62,2,250,2010-09-29 10:12:00,2011-02-16 14:01:00,16.25,2.0,370.37,4.203093476798924,296,2,370.37,2,2,2,222,Regular Customers
16149.0,422.22,3,598,2010-10-06 15:54:00,2011-12-05 11:29:00,0.0,0.0,422.22,0.0,5,3,422.22,4,3,2,432,Loyal Customers
16150.0,4002.17,10,1990,2009-12-17 15:33:00,2011-10-28 12:39:00,240.9,10.0,3761.27,6.019234565248353,43,10,3761.27,3,4,4,344,Champions
16152.0,1829.04,1,642,2011-03-16 09:47:00,2011-03-16 09:47:00,0.0,0.0,1829.04,0.0,269,1,1829.04,2,1,3,213,Regular Customers
16153.0,5133.49,11,3693,2010-05-26 12:41:00,2011-10-21 10:50:00,95.98,2.0,5037.51,1.8696831979803215,50,11,5037.51,3,4,4,344,Champions
16155.0,796.9,5,495,2010-06-18 11:23:00,2010-11-23 12:03:00,15.85,1.0,781.05,1.988957209185594,382,5,781.05,1,3,2,132,Regular Customers
16156.0,6188.18,20,3205,2009-12-02 17:06:00,2011-12-01 12:42:00,264.78999999999996,6.0,5923.39,4.278964089603081,9,20,5923.39,4,4,4,444,Champions
16157.0,656.69,3,347,2011-09-28 11:48:00,2011-11-24 11:41:00,12.450000000000001,1.0,644.24,1.8958717202942028,16,3,644.24,4,3,2,432,Loyal Customers
16158.0,628.32,9,182,2009-12-05 15:00:00,2010-07-05 13:55:00,17.0,1.0,611.32,2.7056277056277054,522,9,611.32,1,4,2,142,Regular Customers
16159.0,1232.79,4,635,2009-12-03 11:51:00,2011-03-03 12:27:00,2.5,1.0,1230.29,0.20279204081798197,282,4,1230.29,2,3,3,233,At Risk
16160.0,1025.44,2,1162,2011-09-15 10:53:00,2011-10-05 14:19:00,15.99,2.0,1009.45,1.5593306288032454,65,2,1009.45,3,2,3,323,Potential Loyalists
16161.0,12580.06,43,6255,2010-02-08 11:06:00,2011-12-08 12:10:00,343.84,14.0,12236.22,2.7332143089937566,2,43,12236.22,4,4,4,444,Champions
16162.0,37.4,1,4,2011-04-01 15:03:00,2011-04-01 15:03:00,0.0,0.0,37.4,0.0,252,1,37.4,2,1,1,211,Regular Customers
16163.0,2407.98,6,676,2009-12-02 10:00:00,2011-04-21 15:15:00,585.95,8.0,1822.03,24.333673867723153,232,6,1822.03,2,3,3,233,At Risk
16164.0,822.48,3,433,2011-10-28 09:12:00,2011-11-22 15:04:00,19.95,1.0,802.53,2.4255908958272543,17,3,802.53,4,3,2,432,Loyal Customers
16165.0,79.9,1,2,2010-07-22 14:17:00,2010-07-22 14:17:00,0.0,0.0,79.9,0.0,505,1,79.9,1,1,1,111,Lost Customers
16166.0,435.83,2,173,2010-01-17 14:16:00,2010-10-07 15:44:00,108.35,2.0,327.48,24.860610788610238,428,2,327.48,1,2,1,121,Lost Customers
16167.0,1386.1200000000001,5,1494,2009-12-01 10:46:00,2010-10-21 15:33:00,236.25,1.0,1149.8700000000001,17.043978876287767,414,5,1149.8700000000001,1,3,3,133,At Risk
16168.0,10360.67,66,4975,2009-12-03 12:38:00,2011-11-29 12:45:00,97.39,7.0,10263.28,0.9399971237381366,11,66,10263.28,4,4,4,444,Champions
16169.0,1822.97,4,1325,2011-09-25 11:33:00,2011-12-01 15:28:00,0.0,0.0,1822.97,0.0,8,4,1822.97,4,3,3,433,Champions
16170.0,6869.0,20,6056,2010-02-18 13:50:00,2011-10-20 08:21:00,55.33,5.0,6813.67,0.8055029844227689,51,20,6813.67,3,4,4,344,Champions
16171.0,73.2,1,24,2011-10-11 14:51:00,2011-10-11 14:51:00,0.0,0.0,73.2,0.0,59,1,73.2,3,1,1,311,Potential Loyalists
16172.0,1884.55,8,1419,2010-07-14 15:34:00,2011-09-05 13:22:00,0.0,0.0,1884.55,0.0,95,8,1884.55,3,4,3,343,Champions
16173.0,1418.32,6,575,2011-09-02 15:23:00,2011-11-24 10:53:00,11.75,1.0,1406.57,0.8284449207513114,16,6,1406.57,4,3,3,433,Champions
16174.0,2246.75,7,1431,2010-04-15 15:12:00,2011-08-05 13:26:00,0.0,0.0,2246.75,0.0,126,7,2246.75,2,4,4,244,At Risk
16175.0,1836.44,7,932,2010-05-25 12:01:00,2011-09-06 14:32:00,0.0,0.0,1836.44,0.0,94,7,1836.44,3,4,3,343,Champions
16176.0,2052.69,4,952,2010-03-29 14:52:00,2010-10-14 13:54:00,88.64999999999999,3.0,1964.04,4.318723236338657,421,4,1964.04,1,3,3,133,At Risk
16177.0,2247.31,8,1021,2010-03-02 14:03:00,2011-10-20 12:57:00,105.7,4.0,2141.61,4.703400954919437,50,8,2141.61,3,4,3,343,Champions
16178.0,612.6,2,304,2010-11-03 14:46:00,2011-07-24 16:05:00,0.0,0.0,612.6,0.0,138,2,612.6,2,2,2,222,Regular Customers
16179.0,215.83,1,99,2011-10-10 09:41:00,2011-10-10 09:41:00,0.0,0.0,215.83,0.0,61,1,215.83,3,1,1,311,Potential Loyalists
16180.0,16249.87,13,9813,2010-06-23 13:19:00,2011-08-31 16:28:00,79.6,3.0,16170.27,0.48985007264673497,100,13,16170.27,2,4,4,244,At Risk
16181.0,305.54,1,152,2011-09-27 13:38:00,2011-09-27 13:38:00,0.0,0.0,305.54,0.0,73,1,305.54,3,1,1,311,Potential Loyalists
16182.0,9971.65,9,5887,2010-03-09 09:34:00,2011-09-28 13:23:00,0.0,0.0,9971.65,0.0,72,9,9971.65,3,4,4,344,Champions
16183.0,1077.81,4,351,2010-10-28 14:43:00,2011-10-03 14:59:00,0.0,0.0,1077.81,0.0,67,4,1077.81,3,3,3,333,Champions
16184.0,1158.79,6,561,2011-05-12 13:33:00,2011-10-06 17:43:00,3.25,1.0,1155.54,0.280464967768103,64,6,1155.54,3,3,3,333,Champions
16185.0,644.72,3,321,2010-05-24 11:04:00,2011-11-23 09:41:00,0.0,0.0,644.72,0.0,17,3,644.72,4,3,2,432,Loyal Customers
16186.0,8718.43,26,6594,2009-12-09 15:36:00,2011-11-17 12:43:00,42.2,4.0,8676.23,0.4840321021101277,23,26,8676.23,4,4,4,444,Champions
16187.0,6911.4400000000005,15,5048,2011-02-28 13:34:00,2011-11-08 09:50:00,70.2,2.0,6841.240000000001,1.0157072910999734,32,15,6841.240000000001,3,4,4,344,Champions
16188.0,1087.66,5,838,2010-10-27 11:50:00,2011-10-26 12:19:00,9.95,1.0,1077.71,0.9148079363036241,45,5,1077.71,3,3,3,333,Champions
16189.0,215.48,2,134,2011-09-15 15:21:00,2011-11-24 11:47:00,0.0,0.0,215.48,0.0,16,2,215.48,4,2,1,421,Potential Loyalists
16190.0,2723.55,8,1231,2009-12-14 11:59:00,2011-10-30 15:59:00,0.0,0.0,2723.55,0.0,40,8,2723.55,3,4,4,344,Champions
16191.0,15677.82,24,9348,2009-12-11 12:24:00,2011-12-07 11:26:00,525.9,16.0,15151.92,3.354420448761371,3,24,15151.92,4,4,4,444,Champions
16192.0,351.3,1,208,2009-12-04 12:28:00,2009-12-04 12:28:00,0.0,0.0,351.3,0.0,736,1,351.3,1,1,2,112,Lost Customers
16193.0,630.43,2,379,2010-10-25 10:25:00,2011-04-17 11:45:00,0.0,0.0,630.43,0.0,237,2,630.43,2,2,2,222,Regular Customers
16194.0,308.59999999999997,1,140,2010-11-29 13:28:00,2010-11-29 13:28:00,0.0,0.0,308.59999999999997,0.0,375,1,308.59999999999997,2,1,1,211,Regular Customers
16195.0,323.25,1,123,2009-12-16 14:09:00,2009-12-16 14:09:00,0.0,0.0,323.25,0.0,723,1,323.25,1,1,1,111,Lost Customers
16196.0,93.3,1,26,2010-08-08 11:40:00,2010-08-08 11:40:00,0.0,0.0,93.3,0.0,489,1,93.3,1,1,1,111,Lost Customers
16197.0,2016.71,9,1420,2009-12-16 11:44:00,2010-08-27 12:56:00,0.0,0.0,2016.71,0.0,469,9,2016.71,1,4,3,143,At Risk
16198.0,1030.0410000000002,2,384,2010-09-28 13:59:00,2011-09-25 14:58:00,0.0,0.0,1030.0410000000002,0.0,75,2,1030.0410000000002,3,2,3,323,Potential Loyalists
16199.0,942.75,7,321,2010-03-18 18:47:00,2010-11-12 12:55:00,0.0,0.0,942.75,0.0,392,7,942.75,1,4,3,143,At Risk
16200.0,5608.1,12,3068,2009-12-02 15:04:00,2011-12-05 14:40:00,13.5,1.0,5594.6,0.24072323959986444,4,12,5594.6,4,4,4,444,Champions
16201.0,2112.12,5,1421,2010-10-20 12:00:00,2011-12-06 16:02:00,41.95,1.0,2070.17,1.9861560896161206,3,5,2070.17,4,3,3,433,Champions
16202.0,2501.9900000000002,9,1307,2009-12-02 10:48:00,2010-12-14 10:43:00,34.95,2.0,2467.0400000000004,1.396888077090636,361,9,2467.0400000000004,2,4,4,244,At Risk
16203.0,943.84,6,537,2010-07-23 13:09:00,2011-10-12 12:31:00,3.75,1.0,940.09,0.39731310391591795,59,6,940.09,3,3,3,333,Champions
16204.0,918.71,3,671,2009-12-08 17:44:00,2011-11-16 13:40:00,5.0,1.0,913.71,0.544241381937717,23,3,913.71,4,3,3,433,Champions
16205.0,1820.1100000000001,7,1452,2010-06-15 11:58:00,2011-11-09 09:32:00,0.0,0.0,1820.1100000000001,0.0,31,7,1820.1100000000001,3,4,3,343,Champions
16206.0,2589.87,13,1379,2010-01-24 15:25:00,2011-10-16 10:41:00,4.95,1.0,2584.92,0.19112928448146047,55,13,2584.92,3,4,4,344,Champions
16207.0,394.38,1,140,2011-11-14 13:51:00,2011-11-14 13:51:00,0.0,0.0,394.38,0.0,25,1,394.38,4,1,2,412,Potential Loyalists
16208.0,3440.45,10,1541,2010-02-24 14:24:00,2011-10-26 11:36:00,0.0,0.0,3440.45,0.0,45,10,3440.45,3,4,4,344,Champions
16209.0,4146.78,9,1895,2010-06-11 11:58:00,2011-09-12 11:58:00,0.0,0.0,4146.78,0.0,89,9,4146.78,3,4,4,344,Champions
16210.0,33750.97,35,12397,2009-12-02 12:54:00,2011-12-08 12:36:00,185.45,2.0,33565.520000000004,0.5494656894305555,2,35,33565.520000000004,4,4,4,444,Champions
16211.0,1090.59,3,519,2010-09-27 15:24:00,2011-09-12 12:11:00,4.25,1.0,1086.34,0.38969731979937466,89,3,1086.34,3,3,3,333,Champions
16212.0,1293.71,4,571,2010-02-07 15:26:00,2011-11-20 13:00:00,9.15,1.0,1284.56,0.7072682440423279,19,4,1284.56,4,3,3,433,Champions
16213.0,159.0,1,48,2011-09-22 10:03:00,2011-09-22 10:03:00,0.0,0.0,159.0,0.0,79,1,159.0,3,1,1,311,Potential Loyalists
16214.0,2038.25,4,1308,2010-09-30 13:57:00,2011-06-22 11:30:00,0.0,0.0,2038.25,0.0,171,4,2038.25,2,3,3,233,At Risk
16215.0,242.35,1,104,2011-09-20 10:18:00,2011-09-20 10:18:00,0.0,0.0,242.35,0.0,81,1,242.35,3,1,1,311,Potential Loyalists
16216.0,914.9300000000001,1,254,2011-03-17 15:34:00,2011-03-17 15:34:00,0.0,0.0,914.9300000000001,0.0,267,1,914.9300000000001,2,1,3,213,Regular Customers
16217.0,304.25,2,91,2011-03-02 15:28:00,2011-04-18 13:31:00,44.86,2.0,259.39,14.744453574363186,235,2,259.39,2,2,1,221,Regular Customers
16218.0,3968.67,13,2799,2010-05-27 16:09:00,2011-11-10 09:59:00,96.37,6.0,3872.3,2.4282694202339825,30,13,3872.3,3,4,4,344,Champions
16219.0,40.8,1,48,2010-07-27 11:44:00,2010-07-27 11:44:00,0.0,0.0,40.8,0.0,501,1,40.8,1,1,1,111,Lost Customers
16221.0,2019.92,9,1449,2010-08-10 13:32:00,2011-11-03 11:43:00,6.5,1.0,2013.42,0.3217949225711909,37,9,2013.42,3,4,3,343,Champions
16222.0,1272.05,2,463,2009-12-18 14:31:00,2011-01-25 13:38:00,0.0,0.0,1272.05,0.0,318,2,1272.05,2,2,3,223,Regular Customers
16223.0,1087.05,2,643,2010-11-09 12:07:00,2010-11-30 11:50:00,0.0,0.0,1087.05,0.0,375,2,1087.05,2,2,3,223,Regular Customers
16224.0,1616.54,5,1555,2010-11-17 13:14:00,2011-10-13 17:51:00,0.0,0.0,1616.54,0.0,57,5,1616.54,3,3,3,333,Champions
16225.0,2859.31,15,1281,2010-02-07 12:41:00,2011-10-26 08:30:00,45.5,3.0,2813.81,1.5912930042562716,45,15,2813.81,3,4,4,344,Champions
16226.0,672.1700000000001,5,521,2010-10-22 11:19:00,2011-05-20 14:41:00,0.0,0.0,672.1700000000001,0.0,203,5,672.1700000000001,2,3,2,232,Regular Customers
16227.0,1027.22,3,436,2010-06-22 13:28:00,2011-04-28 13:33:00,78.4,3.0,948.82,7.632250150892701,225,3,948.82,2,3,3,233,At Risk
16228.0,885.71,3,555,2010-11-04 18:54:00,2010-11-19 14:20:00,4.65,1.0,881.0600000000001,0.5250025403348726,385,3,881.0600000000001,1,3,3,133,At Risk
16229.0,2867.86,6,1292,2010-05-24 12:59:00,2011-09-13 17:16:00,32.5,1.0,2835.36,1.1332491823171285,87,6,2835.36,3,3,4,334,Champions
16230.0,542.03,2,365,2011-05-03 15:12:00,2011-06-03 10:06:00,0.0,0.0,542.03,0.0,190,2,542.03,2,2,2,222,Regular Customers
16231.0,1074.47,4,563,2010-04-21 12:06:00,2010-11-25 15:00:00,0.0,0.0,1074.47,0.0,379,4,1074.47,2,3,3,233,At Risk
16232.0,2712.97,7,1849,2010-06-07 14:04:00,2011-10-27 12:16:00,20.95,3.0,2692.02,0.7722164270154112,44,7,2692.02,3,4,4,344,Champions
16233.0,1818.31,9,677,2009-12-02 13:23:00,2011-09-29 17:27:00,147.0,3.0,1671.31,8.08443004768164,71,9,1671.31,3,4,3,343,Champions
16234.0,333.18,3,170,2010-05-27 10:39:00,2010-08-20 14:33:00,20.4,1.0,312.78000000000003,6.12281649558797,476,3,312.78000000000003,1,3,1,131,Regular Customers
16235.0,2053.71,9,788,2010-08-26 12:10:00,2011-10-30 10:56:00,63.1,2.0,1990.6100000000001,3.072488326005132,41,9,1990.6100000000001,3,4,3,343,Champions
16236.0,432.2,1,184,2011-09-22 14:10:00,2011-09-22 14:10:00,0.0,0.0,432.2,0.0,78,1,432.2,3,1,2,312,Potential Loyalists
16237.0,136.65,1,57,2010-09-28 17:02:00,2010-09-28 17:02:00,0.0,0.0,136.65,0.0,437,1,136.65,1,1,1,111,Lost Customers
16238.0,63.66,1,85,2010-10-13 12:36:00,2010-10-13 12:36:00,0.0,0.0,63.66,0.0,423,1,63.66,1,1,1,111,Lost Customers
16239.0,1492.2,6,692,2010-09-02 19:17:00,2011-10-14 08:29:00,41.300000000000004,1.0,1450.9,2.767725505964348,57,6,1450.9,3,3,3,333,Champions
16240.0,3718.8,2,1641,2011-09-23 13:44:00,2011-11-15 14:30:00,24.990000000000002,3.0,3693.8100000000004,0.6719909648273636,24,2,3693.8100000000004,4,2,4,424,Potential Loyalists
16241.0,3992.86,16,2258,2010-10-25 13:40:00,2011-11-30 11:08:00,0.0,0.0,3992.86,0.0,10,16,3992.86,4,4,4,444,Champions
16242.0,7404.65,14,3921,2010-03-15 16:02:00,2011-12-01 15:12:00,34.15,4.0,7370.5,0.4611966804643029,8,14,7370.5,4,4,4,444,Champions
16243.0,409.1,2,110,2011-10-16 12:09:00,2011-11-06 12:32:00,0.0,0.0,409.1,0.0,34,2,409.1,3,2,2,322,Potential Loyalists
16244.0,1522.75,2,855,2010-12-02 11:41:00,2011-05-12 10:18:00,0.0,0.0,1522.75,0.0,212,2,1522.75,2,2,3,223,Regular Customers
16245.0,1413.66,3,1014,2011-03-28 09:30:00,2011-11-16 10:14:00,61.300000000000004,2.0,1352.3600000000001,4.336261901730261,24,3,1352.3600000000001,4,3,3,433,Champions
16246.0,821.35,2,336,2010-02-08 12:32:00,2010-09-06 12:04:00,0.0,0.0,821.35,0.0,460,2,821.35,1,2,2,122,Lost Customers
16247.0,114.56,1,182,2011-06-22 14:23:00,2011-06-22 14:23:00,0.0,0.0,114.56,0.0,170,1,114.56,2,1,1,211,Regular Customers
16248.0,152.94,1,78,2011-10-09 11:32:00,2011-10-09 11:32:00,0.0,0.0,152.94,0.0,62,1,152.94,3,1,1,311,Potential Loyalists
16249.0,1800.07,5,950,2011-04-14 13:50:00,2011-10-18 10:07:00,0.0,0.0,1800.07,0.0,53,5,1800.07,3,3,3,333,Champions
16250.0,565.24,3,268,2010-11-18 10:43:00,2011-03-23 15:07:00,0.0,0.0,565.24,0.0,261,3,565.24,2,3,2,232,Regular Customers
16251.0,128.31,1,44,2010-07-15 14:55:00,2010-07-15 14:55:00,0.0,0.0,128.31,0.0,512,1,128.31,1,1,1,111,Lost Customers
16253.0,7272.2,7,6030,2009-12-08 17:24:00,2011-10-04 09:09:00,33.24,2.0,7238.96,0.4570831385275433,67,7,7238.96,3,4,4,344,Champions
16254.0,967.44,3,543,2010-03-17 15:43:00,2010-11-26 13:22:00,0.0,0.0,967.44,0.0,378,3,967.44,2,3,3,233,At Risk
16255.0,4530.0,15,2876,2010-01-24 12:21:00,2011-11-23 12:40:00,72.41,4.0,4457.59,1.5984547461368654,17,15,4457.59,4,4,4,444,Champions
16256.0,1629.37,3,1590,2010-04-21 10:34:00,2011-03-18 12:18:00,19.8,1.0,1609.57,1.2151936024352972,267,3,1609.57,2,3,3,233,At Risk
16257.0,46.95,1,2,2011-06-16 10:11:00,2011-06-16 10:11:00,0.0,0.0,46.95,0.0,177,1,46.95,2,1,1,211,Regular Customers
16258.0,11942.52,15,7200,2010-03-10 14:19:00,2011-10-25 13:30:00,109.0,1.0,11833.52,0.9127051911991775,45,15,11833.52,3,4,4,344,Champions
16259.0,340.94,3,143,2010-04-13 16:57:00,2010-10-25 14:27:00,0.0,0.0,340.94,0.0,410,3,340.94,1,3,2,132,Regular Customers
16260.0,1035.45,1,311,2011-10-20 09:40:00,2011-10-20 09:40:00,0.0,0.0,1035.45,0.0,51,1,1035.45,3,1,3,313,Potential Loyalists
16261.0,1041.16,6,454,2010-09-23 16:40:00,2011-11-22 17:23:00,0.0,0.0,1041.16,0.0,17,6,1041.16,4,3,3,433,Champions
16262.0,755.15,1,446,2010-11-26 13:22:00,2010-11-26 13:22:00,77.37,2.0,677.78,10.245646560286037,378,1,677.78,2,1,2,212,Regular Customers
16263.0,348.16,1,197,2010-10-12 14:52:00,2010-10-12 14:52:00,0.0,0.0,348.16,0.0,423,1,348.16,1,1,2,112,Lost Customers
16264.0,823.53,2,616,2010-09-19 16:14:00,2010-09-27 15:00:00,0.0,0.0,823.53,0.0,438,2,823.53,1,2,2,122,Lost Customers
16265.0,6935.17,12,3214,2010-10-28 15:18:00,2011-11-30 16:41:00,41.550000000000004,3.0,6893.62,0.5991201369252664,9,12,6893.62,4,4,4,444,Champions
16266.0,1757.95,14,791,2010-02-04 16:21:00,2011-09-27 12:08:00,0.0,0.0,1757.95,0.0,74,14,1757.95,3,4,3,343,Champions
16267.0,186.66,1,198,2010-04-27 14:10:00,2010-04-27 14:10:00,0.0,0.0,186.66,0.0,591,1,186.66,1,1,1,111,Lost Customers
16268.0,667.65,2,533,2011-09-29 18:30:00,2011-09-29 18:30:00,0.0,0.0,667.65,0.0,71,2,667.65,3,2,2,322,Potential Loyalists
16269.0,717.57,1,579,2010-09-28 11:50:00,2010-09-28 11:50:00,2.98,1.0,714.59,0.4152904943071756,438,1,714.59,1,1,2,112,Lost Customers
16270.0,1141.24,1,688,2010-12-21 14:26:00,2010-12-21 14:26:00,0.0,0.0,1141.24,0.0,353,1,1141.24,2,1,3,213,Regular Customers
16271.0,3397.82,10,2359,2010-03-07 12:03:00,2011-12-07 12:45:00,5.95,1.0,3391.8700000000003,0.1751122778722828,3,10,3391.8700000000003,4,4,4,444,Champions
16272.0,411.7,1,224,2011-08-15 10:53:00,2011-08-15 10:54:00,0.0,0.0,411.7,0.0,117,1,411.7,2,1,2,212,Regular Customers
16273.0,318.34000000000003,2,40,2010-02-21 16:02:00,2010-03-01 13:24:00,0.0,0.0,318.34000000000003,0.0,648,2,318.34000000000003,1,2,1,121,Lost Customers
16274.0,351.75,1,153,2010-12-01 15:35:00,2010-12-01 15:35:00,0.0,0.0,351.75,0.0,373,1,351.75,2,1,2,212,Regular Customers
16275.0,2151.11,3,1268,2010-03-08 14:41:00,2011-05-27 12:41:00,0.0,0.0,2151.11,0.0,197,3,2151.11,2,3,3,233,At Risk
16276.0,2629.3900000000003,3,1467,2010-04-11 12:02:00,2011-06-16 09:34:00,0.0,0.0,2629.3900000000003,0.0,177,3,2629.3900000000003,2,3,4,234,At Risk
16277.0,188.69,1,33,2009-12-06 11:27:00,2009-12-06 11:27:00,0.0,0.0,188.69,0.0,734,1,188.69,1,1,1,111,Lost Customers
16278.0,1117.84,3,342,2010-07-28 15:40:00,2011-08-31 17:12:00,61.25,4.0,1056.59,5.479317254705504,100,3,1056.59,2,3,3,233,At Risk
16279.0,5698.28,9,3683,2010-04-22 14:09:00,2011-11-18 15:00:00,12.9,1.0,5685.38,0.22638410186933602,21,9,5685.38,4,4,4,444,Champions
16280.0,238.05,1,101,2009-12-14 15:49:00,2009-12-14 15:49:00,0.0,0.0,238.05,0.0,725,1,238.05,1,1,1,111,Lost Customers
16281.0,3424.02,3,1570,2010-01-26 13:41:00,2011-09-28 14:57:00,7.5,1.0,3416.52,0.21904077663097762,72,3,3416.52,3,3,4,334,Champions
16282.0,1307.58,3,790,2009-12-21 11:52:00,2011-01-04 11:42:00,0.0,0.0,1307.58,0.0,340,3,1307.58,2,3,3,233,At Risk
16283.0,4350.32,8,2867,2010-02-28 14:12:00,2011-12-04 12:08:00,92.45,4.0,4257.87,2.1251310248441495,6,8,4257.87,4,4,4,444,Champions
16284.0,1018.48,3,674,2010-11-11 13:27:00,2011-11-08 16:12:00,0.0,0.0,1018.48,0.0,31,3,1018.48,3,3,3,333,Champions
16285.0,176.9,1,60,2010-03-03 16:03:00,2010-03-03 16:03:00,0.0,0.0,176.9,0.0,646,1,176.9,1,1,1,111,Lost Customers
16286.0,328.95,2,101,2010-03-26 09:58:00,2010-08-19 14:48:00,65.30000000000001,2.0,263.65,19.851041191670472,477,2,263.65,1,2,1,121,Lost Customers
16287.0,1006.98,5,1426,2010-01-19 09:46:00,2011-06-23 09:08:00,0.0,0.0,1006.98,0.0,170,5,1006.98,2,3,3,233,At Risk
16288.0,129.85,1,19,2010-08-26 14:45:00,2010-08-26 14:45:00,0.0,0.0,129.85,0.0,470,1,129.85,1,1,1,111,Lost Customers
16289.0,136.31,1,97,2010-09-03 14:02:00,2010-09-03 14:02:00,37.5,1.0,98.81,27.51082092289634,462,1,98.81,1,1,1,111,Lost Customers
16290.0,1957.7,4,957,2010-05-23 11:46:00,2010-09-01 11:52:00,0.0,0.0,1957.7,0.0,465,4,1957.7,1,3,3,133,At Risk
16291.0,117.72,1,1,2010-01-26 16:26:00,2010-01-26 16:26:00,0.0,0.0,117.72,0.0,682,1,117.72,1,1,1,111,Lost Customers
16292.0,1253.76,5,688,2010-04-14 13:29:00,2011-08-10 12:24:00,82.3,4.0,1171.46,6.564254721796835,122,5,1171.46,2,3,3,233,At Risk
16293.0,4279.2,15,1833,2009-12-11 09:58:00,2011-11-18 09:58:00,25.75,4.0,4253.45,0.6017479902785567,22,15,4253.45,4,4,4,444,Champions
16294.0,126.05000000000001,1,54,2010-08-20 12:01:00,2010-08-20 12:01:00,0.0,0.0,126.05000000000001,0.0,477,1,126.05000000000001,1,1,1,111,Lost Customers
16295.0,1328.55,4,841,2011-10-06 10:45:00,2011-11-30 08:17:00,0.0,0.0,1328.55,0.0,10,4,1328.55,4,3,3,433,Champions
16296.0,1313.67,4,645,2009-12-18 12:03:00,2010-03-23 13:11:00,67.7,2.0,1245.97,5.153501259829333,626,4,1245.97,1,3,3,133,At Risk
16297.0,301.9,1,206,2011-03-16 08:29:00,2011-03-16 08:29:00,26.499999999999996,3.0,275.4,8.777740973832394,269,1,275.4,2,1,1,211,Regular Customers
16298.0,1085.7,7,308,2010-09-23 15:23:00,2011-11-17 11:59:00,5.7,2.0,1080.0,0.5250069079856314,23,7,1080.0,4,4,3,443,Champions
16299.0,193.65,1,107,2010-08-19 17:46:00,2010-08-19 17:46:00,15.0,1.0,178.65,7.745933384972889,477,1,178.65,1,1,1,111,Lost Customers
16300.0,1367.32,3,643,2010-02-02 11:40:00,2010-10-05 13:14:00,0.0,0.0,1367.32,0.0,430,3,1367.32,1,3,3,133,At Risk
16301.0,107.33,1,41,2009-12-03 10:20:00,2009-12-03 10:20:00,0.0,0.0,107.33,0.0,737,1,107.33,1,1,1,111,Lost Customers
16302.0,233.22,1,158,2011-08-05 09:44:00,2011-08-05 09:44:00,20.4,1.0,212.82,8.747105737072292,127,1,212.82,2,1,1,211,Regular Customers
16303.0,7928.27,7,3859,2010-03-18 14:12:00,2011-11-14 10:49:00,104.55,2.0,7823.72,1.3186987829627395,26,7,7823.72,3,4,4,344,Champions
16304.0,381.66,1,228,2010-01-14 08:30:00,2010-01-14 08:30:00,0.0,0.0,381.66,0.0,695,1,381.66,1,1,2,112,Lost Customers
16305.0,361.21999999999997,1,256,2011-07-24 12:18:00,2011-07-24 12:18:00,0.0,0.0,361.21999999999997,0.0,139,1,361.21999999999997,2,1,2,212,Regular Customers
16306.0,1124.72,7,712,2010-10-01 09:36:00,2011-05-10 12:12:00,29.999999999999996,3.0,1094.72,2.6673305355999712,214,7,1094.72,2,4,3,243,At Risk
16307.0,1194.92,3,1123,2010-05-11 14:40:00,2010-10-06 14:31:00,0.0,0.0,1194.92,0.0,429,3,1194.92,1,3,3,133,At Risk
16308.0,5120.0,7,16000,2009-12-15 15:48:00,2011-11-02 11:24:00,0.0,0.0,5120.0,0.0,38,7,5120.0,3,4,4,344,Champions
16309.0,706.57,2,467,2011-04-13 11:46:00,2011-08-25 15:35:00,19.9,1.0,686.6700000000001,2.8164230012596057,106,2,686.6700000000001,2,2,2,222,Regular Customers
16310.0,460.08,2,270,2010-03-07 15:41:00,2010-10-21 14:47:00,0.0,0.0,460.08,0.0,414,2,460.08,1,2,2,122,Lost Customers
16311.0,616.26,2,394,2011-10-21 13:13:00,2011-11-22 08:54:00,0.0,0.0,616.26,0.0,18,2,616.26,4,2,2,422,Potential Loyalists
16312.0,171.15,1,53,2010-10-03 14:15:00,2010-10-03 14:15:00,0.0,0.0,171.15,0.0,432,1,171.15,1,1,1,111,Lost Customers
16313.0,274.15000000000003,2,165,2011-10-21 09:04:00,2011-12-06 13:02:00,0.0,0.0,274.15000000000003,0.0,3,2,274.15000000000003,4,2,1,421,Potential Loyalists
16314.0,1491.4,3,636,2010-08-24 11:52:00,2010-11-15 12:06:00,0.0,0.0,1491.4,0.0,390,3,1491.4,1,3,3,133,At Risk
16315.0,402.71,2,143,2010-06-21 13:53:00,2011-01-13 11:57:00,0.0,0.0,402.71,0.0,331,2,402.71,2,2,2,222,Regular Customers
16316.0,5744.91,13,3057,2010-08-03 14:38:00,2011-10-06 13:48:00,211.60000000000002,6.0,5533.3099999999995,3.6832604862391234,64,13,5533.3099999999995,3,4,4,344,Champions
16317.0,2192.51,5,1236,2010-05-04 10:17:00,2011-08-12 12:46:00,12.75,1.0,2179.76,0.5815252838071433,120,5,2179.76,2,3,3,233,At Risk
16318.0,328.15,1,199,2011-11-04 13:05:00,2011-11-04 13:05:00,0.0,0.0,328.15,0.0,35,1,328.15,3,1,1,311,Potential Loyalists
16319.0,404.40000000000003,1,72,2011-05-06 11:27:00,2011-05-06 11:27:00,0.0,0.0,404.40000000000003,0.0,218,1,404.40000000000003,2,1,2,212,Regular Customers
16320.0,5628.99,6,3319,2010-01-27 13:29:00,2011-06-20 15:25:00,1200.14,2.0,4428.849999999999,21.320698739916043,172,6,4428.849999999999,2,3,4,234,At Risk
16321.0,604.5500000000001,7,259,2009-12-01 10:36:00,2011-09-28 14:55:00,339.05,3.0,265.50000000000006,56.08303696964684,72,7,265.50000000000006,3,4,1,341,Loyal Customers
16322.0,326.75,2,231,2011-11-03 14:33:00,2011-12-08 15:41:00,0.0,0.0,326.75,0.0,1,2,326.75,4,2,1,421,Potential Loyalists
16323.0,353.66,2,146,2010-05-11 09:48:00,2011-05-27 14:48:00,0.0,0.0,353.66,0.0,196,2,353.66,2,2,2,222,Regular Customers
16324.0,408.59000000000003,3,270,2011-06-15 14:26:00,2011-08-03 12:58:00,0.0,0.0,408.59000000000003,0.0,128,3,408.59000000000003,2,3,2,232,Regular Customers
16325.0,3597.5,12,2464,2009-12-04 13:21:00,2011-10-24 08:48:00,133.66,5.0,3463.84,3.7153578874218205,47,12,3463.84,3,4,4,344,Champions
16326.0,4721.25,24,1083,2010-01-28 13:23:00,2011-12-04 10:11:00,120.0,2.0,4601.25,2.5416997617156474,6,24,4601.25,4,4,4,444,Champions
16327.0,10159.64,16,8124,2009-12-14 13:06:00,2011-11-25 13:23:00,25.82,4.0,10133.82,0.25414286332980307,14,16,10133.82,4,4,4,444,Champions
16328.0,310.83,1,141,2010-05-25 14:02:00,2010-05-25 14:02:00,0.0,0.0,310.83,0.0,563,1,310.83,1,1,1,111,Lost Customers
16329.0,1664.92,4,797,2009-12-01 11:34:00,2010-10-08 12:44:00,0.0,0.0,1664.92,0.0,428,4,1664.92,1,3,3,133,At Risk
16330.0,625.38,7,326,2010-02-15 12:36:00,2011-11-22 12:24:00,9.7,1.0,615.68,1.551056957369919,18,7,615.68,4,4,2,442,Loyal Customers
16331.0,2037.7,6,756,2010-03-07 10:55:00,2010-10-03 13:47:00,0.0,0.0,2037.7,0.0,432,6,2037.7,1,3,3,133,At Risk
16332.0,2000.01,11,1128,2010-04-29 13:41:00,2011-11-11 14:22:00,20.439999999999998,2.0,1979.57,1.0219948900255498,28,11,1979.57,3,4,3,343,Champions
16333.0,26626.8,22,32184,2011-02-03 10:50:00,2011-12-02 12:19:00,0.0,0.0,26626.8,0.0,8,22,26626.8,4,4,4,444,Champions
16334.0,263.73,1,206,2010-08-04 16:38:00,2010-08-04 16:38:00,0.0,0.0,263.73,0.0,492,1,263.73,1,1,1,111,Lost Customers
16335.0,2753.52,7,1004,2009-12-04 10:18:00,2010-06-06 11:35:00,27.0,1.0,2726.52,0.9805630610999738,552,7,2726.52,1,4,4,144,At Risk
16336.0,3517.69,4,1473,2010-03-18 08:05:00,2010-10-15 12:32:00,0.0,0.0,3517.69,0.0,421,4,3517.69,1,3,4,134,At Risk
16337.0,151.05,1,87,2011-11-03 10:03:00,2011-11-03 10:03:00,0.0,0.0,151.05,0.0,37,1,151.05,3,1,1,311,Potential Loyalists
16338.0,214.79999999999998,1,94,2011-07-05 13:56:00,2011-07-05 13:56:00,0.0,0.0,214.79999999999998,0.0,157,1,214.79999999999998,2,1,1,211,Regular Customers
16339.0,94.05,1,21,2011-02-28 13:41:00,2011-02-28 13:41:00,0.0,0.0,94.05,0.0,284,1,94.05,2,1,1,211,Regular Customers
16340.0,1496.24,3,1319,2010-06-06 13:26:00,2011-08-24 14:53:00,0.0,0.0,1496.24,0.0,107,3,1496.24,2,3,3,233,At Risk
16341.0,3850.79,7,3022,2010-04-09 10:30:00,2011-11-15 09:12:00,18.5,3.0,3832.29,0.48042090064636084,25,7,3832.29,4,4,4,444,Champions
16342.0,322.41,4,157,2011-06-13 10:10:00,2011-09-25 14:36:00,0.0,0.0,322.41,0.0,75,4,322.41,3,3,1,331,Loyal Customers
16343.0,614.12,3,345,2010-10-28 14:15:00,2011-11-23 17:45:00,0.0,0.0,614.12,0.0,16,3,614.12,4,3,2,432,Loyal Customers
16344.0,842.42,4,706,2010-02-09 12:16:00,2011-07-04 15:50:00,0.0,0.0,842.42,0.0,158,4,842.42,2,3,2,232,Regular Customers
16345.0,1178.79,2,611,2010-08-13 17:13:00,2011-10-26 16:03:00,0.0,0.0,1178.79,0.0,44,2,1178.79,3,2,3,323,Potential Loyalists
16346.0,224.51,1,289,2010-11-19 15:55:00,2010-11-19 15:55:00,0.0,0.0,224.51,0.0,385,1,224.51,1,1,1,111,Lost Customers
16347.0,3442.96,11,1715,2010-03-12 12:41:00,2011-11-28 13:14:00,27.4,2.0,3415.56,0.7958268466668216,11,11,3415.56,4,4,4,444,Champions
16348.0,1744.42,8,1164,2010-10-05 13:57:00,2011-11-07 15:44:00,0.0,0.0,1744.42,0.0,32,8,1744.42,3,4,3,343,Champions
16349.0,53.5,1,9,2011-02-22 12:40:00,2011-02-22 12:40:00,0.0,0.0,53.5,0.0,291,1,53.5,2,1,1,211,Regular Customers
16350.0,2253.89,9,1077,2010-10-07 16:33:00,2011-11-18 15:53:00,31.4,3.0,2222.49,1.3931469592571066,21,9,2222.49,4,4,4,444,Champions
16351.0,3330.0299999999997,13,2165,2009-12-04 16:12:00,2011-01-11 10:26:00,50.9,5.0,3279.1299999999997,1.5285147581253022,333,13,3279.1299999999997,2,4,4,244,At Risk
16352.0,494.44,2,300,2011-11-02 08:44:00,2011-11-22 10:32:00,0.0,0.0,494.44,0.0,18,2,494.44,4,2,2,422,Potential Loyalists
16353.0,9795.460000000001,38,3483,2009-12-07 13:55:00,2011-12-06 12:23:00,13.530000000000001,3.0,9781.93,0.13812521310893006,4,38,9781.93,4,4,4,444,Champions
16354.0,1119.46,5,592,2010-04-27 13:33:00,2011-10-07 14:28:00,0.0,0.0,1119.46,0.0,63,5,1119.46,3,3,3,333,Champions
16355.0,416.35,1,179,2010-11-29 14:21:00,2010-11-29 14:21:00,67.15,1.0,349.20000000000005,16.12825747568152,375,1,349.20000000000005,2,1,2,212,Regular Customers
16356.0,415.87,6,190,2010-06-06 11:26:00,2011-05-26 11:51:00,1.45,1.0,414.42,0.34866665063601604,198,6,414.42,2,3,2,232,Regular Customers
16357.0,868.37,4,389,2010-11-23 18:52:00,2011-11-06 16:04:00,0.0,0.0,868.37,0.0,33,4,868.37,3,3,3,333,Champions
16358.0,2919.65,5,2065,2010-11-10 11:36:00,2011-12-08 15:09:00,2.55,1.0,2917.1,0.08733923586731286,1,5,2917.1,4,3,4,434,Champions
16359.0,2697.75,16,1764,2010-02-16 10:39:00,2011-12-02 17:04:00,318.35,4.0,2379.4,11.800574552868131,7,16,2379.4,4,4,4,444,Champions
16360.0,3450.41,6,2110,2011-09-12 13:50:00,2011-12-05 12:16:00,100.84,2.0,3349.5699999999997,2.9225512330418706,5,6,3349.5699999999997,4,3,4,434,Champions
16361.0,891.21,4,418,2011-09-29 13:13:00,2011-11-30 12:32:00,0.0,0.0,891.21,0.0,10,4,891.21,4,3,3,433,Champions
16362.0,922.16,6,467,2010-09-28 09:24:00,2011-11-07 13:01:00,105.2,5.0,816.9599999999999,11.407998611954543,32,6,816.9599999999999,3,3,2,332,Loyal Customers
16363.0,109.36000000000001,1,52,2011-10-17 14:14:00,2011-10-17 14:14:00,0.0,0.0,109.36000000000001,0.0,53,1,109.36000000000001,3,1,1,311,Potential Loyalists
16364.0,705.79,2,279,2011-07-25 14:35:00,2011-11-28 11:27:00,0.0,0.0,705.79,0.0,12,2,705.79,4,2,2,422,Potential Loyalists
16365.0,3167.34,15,1034,2009-12-11 12:41:00,2011-11-22 11:24:00,10.4,1.0,3156.94,0.3283512347900762,18,15,3156.94,4,4,4,444,Champions
16366.0,1548.1299999999999,4,882,2009-12-16 10:39:00,2011-11-21 08:19:00,0.0,0.0,1548.1299999999999,0.0,19,4,1548.1299999999999,4,3,3,433,Champions
16367.0,1350.48,3,1103,2010-11-21 13:23:00,2011-11-02 13:13:00,0.0,0.0,1350.48,0.0,37,3,1350.48,3,3,3,333,Champions
16368.0,621.44,3,307,2010-09-30 11:30:00,2011-12-07 13:12:00,0.0,0.0,621.44,0.0,2,3,621.44,4,3,2,432,Loyal Customers
16369.0,2656.56,7,1589,2010-04-07 16:52:00,2011-11-21 16:25:00,0.0,0.0,2656.56,0.0,18,7,2656.56,4,4,4,444,Champions
16370.0,1301.91,4,640,2011-04-28 16:40:00,2011-09-18 15:55:00,0.0,0.0,1301.91,0.0,82,4,1301.91,3,3,3,333,Champions
16371.0,157.2,1,108,2010-09-17 12:09:00,2010-09-17 12:09:00,0.0,0.0,157.2,0.0,449,1,157.2,1,1,1,111,Lost Customers
16372.0,1290.31,5,722,2010-04-11 15:20:00,2011-11-06 13:08:00,30.0,1.0,1260.31,2.3250226689710227,33,5,1260.31,3,3,3,333,Champions
16373.0,309.49,2,119,2010-10-24 13:10:00,2010-11-22 15:50:00,0.0,0.0,309.49,0.0,382,2,309.49,1,2,1,121,Lost Customers
16374.0,1723.4,5,771,2010-04-30 13:10:00,2011-10-04 15:21:00,0.0,0.0,1723.4,0.0,66,5,1723.4,3,3,3,333,Champions
16375.0,104.0,2,74,2010-08-26 14:12:00,2010-08-26 14:25:00,0.0,0.0,104.0,0.0,470,2,104.0,1,2,1,121,Lost Customers
16376.0,974.96,2,691,2011-11-22 16:47:00,2011-12-01 11:38:00,9.49,1.0,965.47,0.9733732665955527,9,2,965.47,4,2,3,423,Potential Loyalists
16377.0,1308.48,2,2928,2010-04-01 10:36:00,2011-03-17 15:41:00,0.0,0.0,1308.48,0.0,267,2,1308.48,2,2,3,223,Regular Customers
16378.0,362.95,3,267,2011-02-02 12:42:00,2011-04-06 15:07:00,0.0,0.0,362.95,0.0,247,3,362.95,2,3,2,232,Regular Customers
16379.0,2157.4,4,1410,2011-09-22 09:33:00,2011-12-05 15:38:00,25.5,1.0,2131.9,1.1819783072216556,4,4,2131.9,4,3,3,433,Champions
16380.0,1743.1499999999999,1,1428,2011-10-09 15:40:00,2011-10-09 15:40:00,0.0,0.0,1743.1499999999999,0.0,61,1,1743.1499999999999,3,1,3,313,Potential Loyalists
16381.0,247.85,2,108,2010-10-17 13:06:00,2010-11-09 09:56:00,0.0,0.0,247.85,0.0,396,2,247.85,1,2,1,121,Lost Customers
16382.0,353.1,2,167,2010-06-07 12:42:00,2010-10-27 16:23:00,0.0,0.0,353.1,0.0,408,2,353.1,1,2,2,122,Lost Customers
16383.0,2896.69,7,1596,2010-02-04 13:18:00,2011-09-26 12:45:00,64.0,2.0,2832.69,2.20941833610086,75,7,2832.69,3,4,4,344,Champions
16384.0,1358.95,4,861,2010-04-28 14:01:00,2011-09-11 11:19:00,0.0,0.0,1358.95,0.0,90,4,1358.95,3,3,3,333,Champions
16385.0,881.35,5,476,2010-03-18 12:45:00,2011-10-10 13:12:00,0.0,0.0,881.35,0.0,60,5,881.35,3,3,3,333,Champions
16386.0,1068.16,3,700,2010-11-17 11:19:00,2011-11-11 12:28:00,0.0,0.0,1068.16,0.0,29,3,1068.16,3,3,3,333,Champions
16387.0,882.46,5,448,2010-03-11 12:22:00,2011-01-21 11:34:00,0.0,0.0,882.46,0.0,323,5,882.46,2,3,3,233,At Risk
16388.0,186.05,1,83,2010-02-24 10:20:00,2010-02-24 10:20:00,0.0,0.0,186.05,0.0,654,1,186.05,1,1,1,111,Lost Customers
16389.0,1382.07,4,1242,2011-03-01 15:47:00,2011-10-17 14:41:00,19.799999999999997,1.0,1362.27,1.4326336582083397,53,4,1362.27,3,3,3,333,Champions
16390.0,467.5,3,122,2010-01-29 15:25:00,2010-06-21 10:11:00,0.0,0.0,467.5,0.0,537,3,467.5,1,3,2,132,Regular Customers
16391.0,1052.26,4,715,2010-05-27 11:27:00,2010-11-04 12:27:00,0.0,0.0,1052.26,0.0,401,4,1052.26,1,3,3,133,At Risk
16392.0,756.7,3,604,2010-05-27 11:17:00,2011-03-15 12:11:00,0.0,0.0,756.7,0.0,270,3,756.7,2,3,2,232,Regular Customers
16393.0,5297.77,23,3001,2009-12-01 12:13:00,2011-12-07 12:51:00,105.16000000000001,7.0,5192.610000000001,1.9849861356759542,2,23,5192.610000000001,4,4,4,444,Champions
16394.0,1555.34,5,2604,2011-02-23 10:58:00,2011-10-14 09:48:00,143.28,4.0,1412.06,9.212133681381564,57,5,1412.06,3,3,3,333,Champions
16395.0,3518.41,14,2901,2009-12-06 12:26:00,2011-10-10 12:50:00,78.89999999999999,3.0,3439.5099999999998,2.2424902157508644,61,14,3439.5099999999998,3,4,4,344,Champions
16396.0,137.8,1,80,2010-08-20 14:17:00,2010-08-20 14:17:00,35.1,2.0,102.70000000000002,25.471698113207548,476,1,102.70000000000002,1,1,1,111,Lost Customers
16397.0,123.13,1,43,2010-03-21 15:36:00,2010-03-21 15:36:00,0.0,0.0,123.13,0.0,628,1,123.13,1,1,1,111,Lost Customers
16398.0,1705.8,2,758,2011-03-31 09:38:00,2011-07-08 15:16:00,74.65,2.0,1631.1499999999999,4.376245749794818,154,2,1631.1499999999999,2,2,3,223,Regular Customers
16399.0,630.22,3,452,2010-11-15 15:03:00,2011-11-20 16:12:00,0.0,0.0,630.22,0.0,19,3,630.22,4,3,2,432,Loyal Customers
16400.0,3059.85,9,2066,2009-12-08 12:38:00,2011-09-06 12:27:00,0.0,0.0,3059.85,0.0,95,9,3059.85,3,4,4,344,Champions
16401.0,6849.15,23,6035,2010-06-02 13:13:00,2011-12-08 18:15:00,220.16,16.0,6628.99,3.214413467364564,1,23,6628.99,4,4,4,444,Champions
16402.0,293.45,2,146,2010-12-05 13:42:00,2011-03-20 12:25:00,0.0,0.0,293.45,0.0,265,2,293.45,2,2,1,221,Regular Customers
16403.0,177.5,1,114,2011-01-31 13:39:00,2011-01-31 13:39:00,16.45,1.0,161.05,9.267605633802816,312,1,161.05,2,1,1,211,Regular Customers
16404.0,443.05,1,157,2011-09-30 14:55:00,2011-09-30 14:55:00,12.75,1.0,430.3,2.8777790317119964,70,1,430.3,3,1,2,312,Potential Loyalists
16405.0,167.25,2,187,2011-02-02 17:08:00,2011-02-10 15:24:00,0.0,0.0,167.25,0.0,302,2,167.25,2,2,1,221,Regular Customers
16406.0,528.36,3,257,2010-02-24 11:51:00,2011-11-21 11:57:00,18.7,1.0,509.66,3.5392535392535387,19,3,509.66,4,3,2,432,Loyal Customers
16407.0,2761.65,14,1448,2010-10-03 13:56:00,2011-11-27 11:05:00,0.0,0.0,2761.65,0.0,13,14,2761.65,4,4,4,444,Champions
16408.0,231.93,1,227,2010-04-27 14:08:00,2010-04-27 14:08:00,0.0,0.0,231.93,0.0,591,1,231.93,1,1,1,111,Lost Customers
16409.0,5652.74,12,3664,2009-12-13 15:38:00,2011-11-03 16:45:00,0.0,0.0,5652.74,0.0,36,12,5652.74,3,4,4,344,Champions
16410.0,130.32,1,348,2009-12-05 14:51:00,2009-12-05 14:51:00,0.0,0.0,130.32,0.0,734,1,130.32,1,1,1,111,Lost Customers
16411.0,756.39,4,461,2010-10-07 15:09:00,2011-11-20 13:23:00,0.0,0.0,756.39,0.0,19,4,756.39,4,3,2,432,Loyal Customers
16412.0,593.19,5,288,2010-02-04 13:46:00,2011-10-17 12:35:00,0.0,0.0,593.19,0.0,54,5,593.19,3,3,2,332,Loyal Customers
16413.0,522.03,2,283,2010-11-29 12:49:00,2011-10-14 12:08:00,0.0,0.0,522.03,0.0,57,2,522.03,3,2,2,322,Potential Loyalists
16414.0,551.21,5,201,2010-01-14 10:21:00,2011-11-18 09:42:00,0.0,0.0,551.21,0.0,22,5,551.21,4,3,2,432,Loyal Customers
16415.0,696.76,3,508,2010-02-01 12:30:00,2011-10-26 13:35:00,0.0,0.0,696.76,0.0,44,3,696.76,3,3,2,332,Loyal Customers
16416.0,2957.88,9,2198,2010-02-23 12:00:00,2011-11-13 12:50:00,24.41,1.0,2933.4700000000003,0.8252532219021731,27,9,2933.4700000000003,3,4,4,344,Champions
16417.0,35.7,1,6,2010-08-04 09:08:00,2010-08-04 09:08:00,0.0,0.0,35.7,0.0,493,1,35.7,1,1,1,111,Lost Customers
16418.0,1028.74,5,564,2010-10-13 12:31:00,2011-10-26 12:39:00,0.0,0.0,1028.74,0.0,45,5,1028.74,3,3,3,333,Champions
16419.0,1463.7,8,701,2010-02-09 13:26:00,2011-08-19 12:33:00,12.75,1.0,1450.95,0.8710801393728222,113,8,1450.95,2,4,3,243,At Risk
16420.0,75.0,1,120,2010-11-08 15:15:00,2010-11-08 15:15:00,0.0,0.0,75.0,0.0,396,1,75.0,1,1,1,111,Lost Customers
16421.0,526.27,3,123,2010-08-27 12:02:00,2010-11-28 13:31:00,0.0,0.0,526.27,0.0,376,3,526.27,2,3,2,232,Regular Customers
16422.0,61920.87,109,64225,2010-01-12 11:57:00,2011-11-22 14:00:00,2540.93,37.0,59379.94,4.1035114655204294,17,109,59379.94,4,4,4,444,Champions
16423.0,346.12,1,230,2011-11-15 09:21:00,2011-11-15 09:21:00,0.0,0.0,346.12,0.0,25,1,346.12,4,1,2,412,Potential Loyalists
16424.0,443.06,2,212,2010-11-22 11:24:00,2011-06-01 13:40:00,51.0,1.0,392.06,11.51085631742879,191,2,392.06,2,2,2,222,Regular Customers
16425.0,302.7,1,199,2011-02-10 14:30:00,2011-02-10 14:30:00,0.0,0.0,302.7,0.0,302,1,302.7,2,1,1,211,Regular Customers
16426.0,1863.76,10,1215,2011-03-08 15:45:00,2011-12-07 14:01:00,0.0,0.0,1863.76,0.0,2,10,1863.76,4,4,3,443,Champions
16427.0,241.06,2,156,2011-02-28 15:18:00,2011-03-21 17:10:00,0.0,0.0,241.06,0.0,263,2,241.06,2,2,1,221,Regular Customers
16428.0,638.49,3,575,2010-07-30 12:10:00,2010-10-22 12:22:00,2.95,1.0,635.54,0.46202759636016233,414,3,635.54,1,3,2,132,Regular Customers
16429.0,284.55,1,9,2011-08-25 13:54:00,2011-08-25 13:54:00,0.0,0.0,284.55,0.0,106,1,284.55,2,1,1,211,Regular Customers
16430.0,1117.94,7,307,2010-01-27 12:45:00,2011-10-13 14:47:00,0.0,0.0,1117.94,0.0,57,7,1117.94,3,4,3,343,Champions
16431.0,623.28,3,442,2011-02-15 14:02:00,2011-05-10 14:09:00,0.0,0.0,623.28,0.0,213,3,623.28,2,3,2,232,Regular Customers
16432.0,287.4,1,276,2011-10-06 13:59:00,2011-10-06 13:59:00,0.0,0.0,287.4,0.0,64,1,287.4,3,1,1,311,Potential Loyalists
16433.0,384.52,2,214,2010-10-27 12:26:00,2011-11-11 14:09:00,0.0,0.0,384.52,0.0,28,2,384.52,3,2,2,322,Potential Loyalists
16434.0,2673.69,12,1310,2010-01-17 14:51:00,2011-11-10 14:28:00,14.700000000000001,1.0,2658.9900000000002,0.5498019590902461,29,12,2658.9900000000002,3,4,4,344,Champions
16435.0,1003.0699999999999,3,608,2010-07-13 13:29:00,2010-07-15 18:22:00,0.0,0.0,1003.0699999999999,0.0,512,3,1003.0699999999999,1,3,3,133,At Risk
16436.0,319.14,3,227,2009-12-06 16:02:00,2010-02-09 13:19:00,87.3,1.0,231.83999999999997,27.354765933446135,668,3,231.83999999999997,1,3,1,131,Regular Customers
16437.0,301.25,2,197,2010-10-06 12:34:00,2010-11-23 16:59:00,0.0,0.0,301.25,0.0,381,2,301.25,1,2,1,121,Lost Customers
16438.0,798.35,5,463,2011-09-18 13:31:00,2011-12-04 10:51:00,0.0,0.0,798.35,0.0,6,5,798.35,4,3,2,432,Loyal Customers
16439.0,310.70000000000005,1,74,2009-12-17 14:22:00,2009-12-17 14:22:00,0.0,0.0,310.70000000000005,0.0,722,1,310.70000000000005,1,1,1,111,Lost Customers
16440.0,3856.9700000000003,6,2108,2010-08-03 11:32:00,2011-12-02 12:02:00,0.0,0.0,3856.9700000000003,0.0,8,6,3856.9700000000003,4,3,4,434,Champions
16441.0,1019.13,5,478,2010-03-22 18:00:00,2011-10-03 17:48:00,10.95,1.0,1008.18,1.0744458508728032,67,5,1008.18,3,3,3,333,Champions
16442.0,891.98,5,580,2009-12-13 11:05:00,2011-12-08 11:43:00,0.0,0.0,891.98,0.0,2,5,891.98,4,3,3,433,Champions
16443.0,162.24,1,96,2010-07-07 11:57:00,2010-07-07 11:57:00,0.0,0.0,162.24,0.0,521,1,162.24,1,1,1,111,Lost Customers
16444.0,3625.88,17,1945,2010-03-24 14:06:00,2011-10-24 13:50:00,74.19999999999999,3.0,3551.6800000000003,2.046399770538462,46,17,3551.6800000000003,3,4,4,344,Champions
16445.0,583.16,4,287,2010-10-24 12:39:00,2011-11-06 12:32:00,0.0,0.0,583.16,0.0,34,4,583.16,3,3,2,332,Loyal Customers
16447.0,727.1,3,315,2010-02-17 14:09:00,2011-07-27 12:45:00,0.0,0.0,727.1,0.0,136,3,727.1,2,3,2,232,Regular Customers
16448.0,361.12,2,176,2010-08-25 16:58:00,2011-05-25 16:28:00,0.0,0.0,361.12,0.0,198,2,361.12,2,2,2,222,Regular Customers
16449.0,707.69,2,367,2011-03-04 12:15:00,2011-05-26 10:25:00,33.0,1.0,674.69,4.663058683887012,198,2,674.69,2,2,2,222,Regular Customers
16450.0,1505.73,3,681,2010-02-21 15:46:00,2011-07-13 11:47:00,30.0,1.0,1475.73,1.9923890737383196,150,3,1475.73,2,3,3,233,At Risk
16451.0,1013.15,3,524,2009-12-04 15:11:00,2011-09-13 09:17:00,3.75,1.0,1009.4,0.3701327542812022,88,3,1009.4,3,3,3,333,Champions
16452.0,332.17,2,199,2010-01-15 12:22:00,2010-03-19 12:39:00,0.0,0.0,332.17,0.0,631,2,332.17,1,2,1,121,Lost Customers
16453.0,251.71,2,139,2010-06-09 13:15:00,2010-06-27 12:46:00,0.0,0.0,251.71,0.0,531,2,251.71,1,2,1,121,Lost Customers
16454.0,30.950000000000003,4,9,2010-04-07 15:54:00,2011-10-26 11:40:00,29.05,4.0,1.9000000000000021,93.86106623586429,45,4,1.9000000000000021,3,3,1,331,Loyal Customers
16455.0,3995.57,11,2851,2010-03-30 10:31:00,2011-10-07 12:17:00,77.65,2.0,3917.92,1.9434023180672597,64,11,3917.92,3,4,4,344,Champions
16456.0,6000.94,13,3296,2010-03-29 11:16:00,2011-09-01 13:50:00,677.5,1.0,5323.44,11.289897915993162,99,13,5323.44,2,4,4,244,At Risk
16457.0,208.36,1,140,2011-05-05 13:19:00,2011-05-05 13:19:00,0.0,0.0,208.36,0.0,218,1,208.36,2,1,1,211,Regular Customers
16458.0,5690.89,30,3395,2010-05-26 14:38:00,2011-12-07 09:34:00,0.0,0.0,5690.89,0.0,3,30,5690.89,4,4,4,444,Champions
16459.0,71.78999999999999,1,59,2009-12-10 12:42:00,2009-12-10 12:42:00,0.0,0.0,71.78999999999999,0.0,730,1,71.78999999999999,1,1,1,111,Lost Customers
16460.0,811.23,3,876,2011-09-19 10:15:00,2011-11-11 13:46:00,0.0,0.0,811.23,0.0,28,3,811.23,3,3,2,332,Loyal Customers
16461.0,1545.83,3,933,2010-03-03 13:57:00,2011-06-15 12:07:00,0.0,0.0,1545.83,0.0,178,3,1545.83,2,3,3,233,At Risk
16462.0,136.0,3,16,2011-03-01 08:58:00,2011-09-27 10:24:00,34.0,1.0,102.0,25.0,74,3,102.0,3,3,1,331,Loyal Customers
16463.0,1422.4,4,1163,2011-05-19 14:45:00,2011-11-18 14:01:00,38.7,3.0,1383.7,2.720753655793026,21,4,1383.7,4,3,3,433,Champions
16464.0,1298.66,3,952,2011-07-20 13:53:00,2011-11-20 12:11:00,0.0,0.0,1298.66,0.0,20,3,1298.66,4,3,3,433,Champions
16465.0,746.24,2,504,2010-09-21 10:46:00,2010-10-15 09:27:00,19.9,1.0,726.34,2.6667024013722127,421,2,726.34,1,2,2,122,Lost Customers
16466.0,3767.09,15,1777,2010-03-07 14:31:00,2011-11-06 11:35:00,125.0,1.0,3642.09,3.318211139102065,34,15,3642.09,3,4,4,344,Champions
16467.0,2869.16,7,7384,2009-12-02 11:59:00,2010-07-19 11:49:00,6.76,1.0,2862.3999999999996,0.2356090284264384,509,7,2862.3999999999996,1,4,4,144,At Risk
16468.0,787.52,3,371,2010-08-15 13:10:00,2011-09-26 14:13:00,0.0,0.0,787.52,0.0,74,3,787.52,3,3,2,332,Loyal Customers
16469.0,803.9,5,332,2010-07-13 13:17:00,2011-11-16 12:25:00,0.0,0.0,803.9,0.0,24,5,803.9,4,3,2,432,Loyal Customers
16470.0,2416.85,11,1335,2009-12-11 12:21:00,2011-10-19 12:11:00,4.95,1.0,2411.9,0.20481204874113002,52,11,2411.9,3,4,4,344,Champions
16471.0,1189.98,4,670,2010-02-25 10:07:00,2011-03-10 09:41:00,3.8,2.0,1186.18,0.31933309803526105,275,4,1186.18,2,3,3,233,At Risk
16472.0,789.6,2,252,2010-04-21 11:48:00,2010-10-01 13:56:00,0.0,0.0,789.6,0.0,434,2,789.6,1,2,2,122,Lost Customers
16473.0,470.83,4,296,2010-11-30 16:29:00,2011-06-28 09:10:00,1.25,1.0,469.58,0.2654886052290636,165,4,469.58,2,3,2,232,Regular Customers
16474.0,1810.65,7,909,2011-07-17 14:51:00,2011-12-02 13:02:00,60.03,4.0,1750.6200000000001,3.3153839781294008,7,7,1750.6200000000001,4,4,3,443,Champions
16475.0,544.3,4,319,2011-03-11 09:39:00,2011-09-12 14:37:00,0.0,0.0,544.3,0.0,88,4,544.3,3,3,2,332,Loyal Customers
16476.0,350.35,1,187,2010-10-04 10:29:00,2010-10-04 10:29:00,13.35,2.0,337.0,3.810475239046667,432,1,337.0,1,1,1,112,Lost Customers
16477.0,4094.37,11,2507,2010-08-12 09:43:00,2011-10-07 09:44:00,0.0,0.0,4094.37,0.0,64,11,4094.37,3,4,4,344,Champions
16478.0,331.0,3,224,2011-10-05 12:02:00,2011-11-14 15:51:00,0.0,0.0,331.0,0.0,25,3,331.0,4,3,1,431,Loyal Customers
16479.0,300.83,2,102,2011-11-29 13:04:00,2011-11-29 13:40:00,0.0,0.0,300.83,0.0,10,2,300.83,4,2,1,421,Potential Loyalists
16480.0,769.29,1,455,2011-09-25 11:40:00,2011-09-25 11:40:00,0.0,0.0,769.29,0.0,76,1,769.29,3,1,2,312,Potential Loyalists
16481.0,453.38,1,201,2010-01-26 13:09:00,2010-01-26 13:09:00,25.15,2.0,428.23,5.547223079977061,682,1,428.23,1,1,2,112,Lost Customers
16482.0,220.62,1,346,2011-11-24 12:33:00,2011-11-24 12:33:00,0.0,0.0,220.62,0.0,16,1,220.62,4,1,1,411,Potential Loyalists
16483.0,139.35,1,44,2011-05-31 13:08:00,2011-05-31 13:08:00,0.0,0.0,139.35,0.0,192,1,139.35,2,1,1,211,Regular Customers
16484.0,404.3,2,200,2011-06-02 10:39:00,2011-06-19 12:06:00,24.900000000000002,1.0,379.40000000000003,6.158792975513233,174,2,379.40000000000003,2,2,2,222,Regular Customers
16485.0,2287.19,5,1153,2009-12-06 12:28:00,2011-09-23 15:50:00,157.0,2.0,2130.19,6.8643182245462775,77,5,2130.19,3,3,3,333,Champions
16486.0,134.36,1,24,2010-06-20 12:16:00,2010-06-20 12:16:00,0.0,0.0,134.36,0.0,538,1,134.36,1,1,1,111,Lost Customers
16487.0,209.4,2,163,2010-02-18 17:36:00,2010-05-11 13:38:00,0.0,0.0,209.4,0.0,577,2,209.4,1,2,1,121,Lost Customers
16488.0,498.8,3,728,2011-07-14 11:46:00,2011-11-06 13:42:00,6.6,1.0,492.2,1.3231756214915797,33,3,492.2,3,3,2,332,Loyal Customers
16489.0,303.7,2,38,2010-09-29 15:02:00,2010-11-24 14:40:00,0.0,0.0,303.7,0.0,380,2,303.7,1,2,1,121,Lost Customers
16490.0,205.41000000000003,1,113,2010-09-29 16:30:00,2010-09-29 16:30:00,26.25,1.0,179.16000000000003,12.779319409960566,436,1,179.16000000000003,1,1,1,111,Lost Customers
16491.0,1533.16,2,1060,2010-10-22 15:42:00,2011-10-24 10:18:00,8.850000000000001,1.0,1524.3100000000002,0.5772391661666102,47,2,1524.3100000000002,3,2,3,323,Potential Loyalists
16492.0,385.56,1,235,2010-06-17 08:20:00,2010-06-17 08:20:00,0.0,0.0,385.56,0.0,541,1,385.56,1,1,2,112,Lost Customers
16493.0,2132.09,7,1988,2010-03-26 13:05:00,2011-09-21 11:10:00,21.97,2.0,2110.1200000000003,1.0304443058219868,80,7,2110.1200000000003,3,4,3,343,Champions
16494.0,826.53,1,675,2011-02-16 12:49:00,2011-02-16 12:49:00,0.0,0.0,826.53,0.0,297,1,826.53,2,1,2,212,Regular Customers
16495.0,648.26,3,328,2011-03-08 16:38:00,2011-12-06 13:20:00,0.0,0.0,648.26,0.0,3,3,648.26,4,3,2,432,Loyal Customers
16496.0,2330.77,6,1764,2010-07-18 13:42:00,2011-12-01 10:31:00,37.3,1.0,2293.47,1.6003295048417476,9,6,2293.47,4,3,4,434,Champions
16497.0,6695.28,23,3050,2009-12-03 14:11:00,2011-10-21 10:55:00,0.0,0.0,6695.28,0.0,50,23,6695.28,3,4,4,344,Champions
16498.0,100.97,2,45,2011-06-30 19:52:00,2011-07-01 15:07:00,14.850000000000001,1.0,86.12,14.707338813508963,161,2,86.12,2,2,1,221,Regular Customers
16499.0,2578.34,8,1364,2010-06-11 12:22:00,2010-12-14 13:31:00,68.7,5.0,2509.6400000000003,2.6645050691530208,360,8,2509.6400000000003,2,4,4,244,At Risk
16500.0,843.9100000000001,9,386,2010-06-14 14:54:00,2011-12-05 12:04:00,7.95,1.0,835.96,0.9420435828465121,5,9,835.96,4,4,2,442,Loyal Customers
16501.0,1191.23,1,628,2010-11-21 14:10:00,2010-11-21 14:10:00,0.0,0.0,1191.23,0.0,383,1,1191.23,1,1,3,113,Lost Customers
16502.0,258.55,2,220,2010-03-29 13:39:00,2010-03-29 13:44:00,0.0,0.0,258.55,0.0,620,2,258.55,1,2,1,121,Lost Customers
16503.0,3614.34,11,1535,2010-06-21 14:07:00,2011-08-25 11:46:00,16.45,2.0,3597.8900000000003,0.45513150395369556,107,11,3597.8900000000003,2,4,4,244,At Risk
16504.0,465.88,1,510,2011-11-14 15:18:00,2011-11-14 15:18:00,0.0,0.0,465.88,0.0,25,1,465.88,4,1,2,412,Potential Loyalists
16505.0,777.6,1,576,2011-11-08 12:14:00,2011-11-08 12:14:00,0.0,0.0,777.6,0.0,32,1,777.6,3,1,2,312,Potential Loyalists
16506.0,90.30000000000001,2,42,2011-10-30 15:50:00,2011-11-20 12:17:00,0.0,0.0,90.30000000000001,0.0,20,2,90.30000000000001,4,2,1,421,Potential Loyalists
16507.0,142.71,1,111,2010-05-16 12:56:00,2010-05-16 12:56:00,0.0,0.0,142.71,0.0,572,1,142.71,1,1,1,111,Lost Customers
16508.0,240.95,1,103,2010-03-19 13:41:00,2010-03-19 13:41:00,0.0,0.0,240.95,0.0,630,1,240.95,1,1,1,111,Lost Customers
16509.0,363.7,1,64,2011-02-16 09:25:00,2011-02-16 09:25:00,0.0,0.0,363.7,0.0,297,1,363.7,2,1,2,212,Regular Customers
16510.0,1777.5,6,930,2010-01-17 12:30:00,2010-12-02 13:39:00,0.0,0.0,1777.5,0.0,372,6,1777.5,2,3,3,233,At Risk
16511.0,1760.49,6,769,2010-03-01 12:21:00,2011-11-18 10:41:00,0.0,0.0,1760.49,0.0,22,6,1760.49,4,3,3,433,Champions
16513.0,874.59,4,407,2011-10-27 14:56:00,2011-12-05 10:18:00,0.0,0.0,874.59,0.0,5,4,874.59,4,3,3,433,Champions
16515.0,3179.06,10,1573,2010-06-17 12:17:00,2011-10-18 13:10:00,0.0,0.0,3179.06,0.0,52,10,3179.06,3,4,4,344,Champions
16516.0,101.69999999999999,1,58,2011-11-09 14:59:00,2011-11-09 14:59:00,0.0,0.0,101.69999999999999,0.0,30,1,101.69999999999999,3,1,1,311,Potential Loyalists
16517.0,162.7,1,96,2011-03-07 13:50:00,2011-03-07 13:50:00,0.0,0.0,162.7,0.0,277,1,162.7,2,1,1,211,Regular Customers
16518.0,959.37,4,524,2010-06-01 13:31:00,2011-10-09 15:04:00,21.1,2.0,938.27,2.199359996664478,61,4,938.27,3,3,3,333,Champions
16519.0,439.06,4,150,2010-03-01 13:51:00,2011-11-14 15:41:00,0.0,0.0,439.06,0.0,25,4,439.06,4,3,2,432,Loyal Customers
16520.0,2148.38,6,1045,2010-03-02 16:50:00,2011-06-06 13:24:00,16.7,2.0,2131.6800000000003,0.7773298950837375,186,6,2131.6800000000003,2,3,3,233,At Risk
16521.0,1140.11,3,1014,2010-03-01 13:22:00,2010-10-20 13:09:00,0.0,0.0,1140.11,0.0,415,3,1140.11,1,3,3,133,At Risk
16522.0,433.36,2,212,2010-09-15 13:32:00,2010-09-30 10:54:00,0.0,0.0,433.36,0.0,436,2,433.36,1,2,2,122,Lost Customers
16523.0,11916.33,28,4979,2010-01-24 13:14:00,2011-12-08 09:06:00,155.79,11.0,11760.539999999999,1.3073656066926647,2,28,11760.539999999999,4,4,4,444,Champions
16524.0,306.19,2,259,2010-01-17 13:16:00,2010-09-19 13:37:00,0.0,0.0,306.19,0.0,446,2,306.19,1,2,1,121,Lost Customers
16525.0,24151.3,48,14430,2009-12-02 13:53:00,2011-12-07 15:07:00,1231.9,6.0,22919.399999999998,5.100760621581448,2,48,22919.399999999998,4,4,4,444,Champions
16526.0,717.21,2,279,2010-05-04 16:34:00,2011-06-21 12:02:00,0.0,0.0,717.21,0.0,172,2,717.21,2,2,2,222,Regular Customers
16527.0,1232.94,2,708,2010-10-11 13:25:00,2011-09-19 16:21:00,0.0,0.0,1232.94,0.0,81,2,1232.94,3,2,3,323,Potential Loyalists
16528.0,244.41,1,171,2011-12-06 12:45:00,2011-12-06 12:45:00,0.0,0.0,244.41,0.0,4,1,244.41,4,1,1,411,Potential Loyalists
16529.0,1986.8,4,739,2010-06-27 13:29:00,2011-06-02 17:23:00,0.0,0.0,1986.8,0.0,190,4,1986.8,2,3,3,233,At Risk
16530.0,48.349999999999994,1,17,2010-02-09 15:30:00,2010-02-09 15:30:00,0.0,0.0,48.349999999999994,0.0,668,1,48.349999999999994,1,1,1,111,Lost Customers
16531.0,2298.33,11,1863,2010-09-24 09:49:00,2011-11-17 16:29:00,34.75,1.0,2263.58,1.5119673850143365,22,11,2263.58,4,4,4,444,Champions
16532.0,8756.64,5,2544,2010-03-29 10:26:00,2011-11-22 11:08:00,0.0,0.0,8756.64,0.0,18,5,8756.64,4,3,4,434,Champions
16533.0,1082.81,3,611,2011-10-02 15:07:00,2011-11-20 13:08:00,68.62,2.0,1014.1899999999999,6.337215208577683,19,3,1014.1899999999999,4,3,3,433,Champions
16534.0,635.9,1,168,2010-03-07 15:47:00,2010-03-07 15:47:00,0.0,0.0,635.9,0.0,642,1,635.9,1,1,2,112,Lost Customers
16535.0,972.04,3,664,2010-01-28 15:26:00,2011-12-04 15:18:00,0.0,0.0,972.04,0.0,5,3,972.04,4,3,3,433,Champions
16536.0,548.12,1,250,2011-08-21 15:54:00,2011-08-21 15:54:00,9.95,1.0,538.17,1.815295920601328,110,1,538.17,2,1,2,212,Regular Customers
16537.0,23.35,1,59,2010-03-08 13:41:00,2010-03-08 13:41:00,0.0,0.0,23.35,0.0,641,1,23.35,1,1,1,111,Lost Customers
16538.0,395.07,3,254,2010-04-23 16:25:00,2010-06-16 16:59:00,0.0,0.0,395.07,0.0,541,3,395.07,1,3,2,132,Regular Customers
16539.0,3289.66,10,1014,2010-06-25 15:24:00,2011-12-07 08:41:00,0.0,0.0,3289.66,0.0,3,10,3289.66,4,4,4,444,Champions
16540.0,205.75,1,105,2010-10-21 17:22:00,2010-10-21 17:22:00,0.0,0.0,205.75,0.0,414,1,205.75,1,1,1,111,Lost Customers
16541.0,424.03,1,173,2009-12-04 13:22:00,2009-12-04 13:22:00,4.25,1.0,419.78,1.0022875739924062,735,1,419.78,1,1,2,112,Lost Customers
16542.0,257.32,2,142,2010-11-03 14:44:00,2011-10-17 10:47:00,0.0,0.0,257.32,0.0,54,2,257.32,3,2,1,321,Potential Loyalists
16543.0,292.21,1,317,2010-04-27 11:38:00,2010-04-27 11:38:00,14.399999999999999,1.0,277.81,4.9279627665035415,592,1,277.81,1,1,1,111,Lost Customers
16544.0,376.70000000000005,4,150,2010-02-15 13:20:00,2010-07-08 11:11:00,266.40000000000003,2.0,110.30000000000001,70.7194053623573,520,4,110.30000000000001,1,3,1,131,Regular Customers
16545.0,689.82,2,322,2010-11-29 10:39:00,2011-06-28 10:37:00,0.0,0.0,689.82,0.0,165,2,689.82,2,2,2,222,Regular Customers
16546.0,5307.07,5,4211,2010-09-23 15:43:00,2011-02-22 11:20:00,886.03,2.0,4421.04,16.695276301235896,291,5,4421.04,2,3,4,234,At Risk
16547.0,104.25999999999999,1,108,2010-06-11 13:02:00,2010-06-11 13:02:00,0.0,0.0,104.25999999999999,0.0,546,1,104.25999999999999,1,1,1,111,Lost Customers
16548.0,30.15,1,6,2010-04-19 16:15:00,2010-04-19 16:15:00,0.0,0.0,30.15,0.0,599,1,30.15,1,1,1,111,Lost Customers
16549.0,12781.8,34,7087,2010-03-28 15:45:00,2011-11-29 15:06:00,22.55,3.0,12759.25,0.17642272606362172,10,34,12759.25,4,4,4,444,Champions
16550.0,8813.58,18,5405,2009-12-02 11:24:00,2011-08-23 11:12:00,256.76,11.0,8556.82,2.913231626648876,109,18,8556.82,2,4,4,244,At Risk
16551.0,2237.12,7,2076,2009-12-13 16:12:00,2011-09-05 09:38:00,0.0,0.0,2237.12,0.0,96,7,2237.12,2,4,4,244,At Risk
16552.0,379.73,2,219,2010-12-01 12:36:00,2011-04-11 10:04:00,0.0,0.0,379.73,0.0,243,2,379.73,2,2,2,222,Regular Customers
16553.0,16584.01,33,16427,2010-02-11 18:46:00,2011-06-29 15:42:00,83.89,3.0,16500.12,0.505848706072898,163,33,16500.12,2,4,4,244,At Risk
16554.0,2841.72,8,1346,2009-12-15 09:42:00,2011-10-28 14:51:00,434.55,10.0,2407.1699999999996,15.291795110003804,42,8,2407.1699999999996,3,4,4,344,Champions
16555.0,1915.68,6,1816,2010-07-22 13:39:00,2011-11-04 14:31:00,1629.79,4.0,285.8900000000001,85.07631754781592,35,6,285.8900000000001,3,3,1,331,Loyal Customers
16556.0,8012.58,17,4353,2009-12-07 10:51:00,2011-10-04 11:36:00,402.35,7.0,7610.23,5.021478724705402,67,17,7610.23,3,4,4,344,Champions
16557.0,281.85,2,111,2011-07-25 13:28:00,2011-11-15 14:04:00,0.0,0.0,281.85,0.0,24,2,281.85,4,2,1,421,Potential Loyalists
16558.0,13304.11,38,7813,2009-12-03 18:11:00,2011-12-09 10:20:00,154.55,9.0,13149.560000000001,1.1616710926172438,1,38,13149.560000000001,4,4,4,444,Champions
16559.0,175.0,1,61,2010-11-07 13:52:00,2010-11-07 13:52:00,0.0,0.0,175.0,0.0,397,1,175.0,1,1,1,111,Lost Customers
16560.0,3048.38,8,1603,2009-12-08 12:05:00,2011-11-13 10:35:00,37.650000000000006,2.0,3010.73,1.2350822404030994,27,8,3010.73,3,4,4,344,Champions
16561.0,511.12,2,244,2011-10-11 09:53:00,2011-12-04 11:50:00,0.0,0.0,511.12,0.0,6,2,511.12,4,2,2,422,Potential Loyalists
16562.0,223.85999999999999,1,264,2010-08-20 11:45:00,2010-08-20 11:45:00,0.0,0.0,223.85999999999999,0.0,477,1,223.85999999999999,1,1,1,111,Lost Customers
16563.0,4412.56,6,2584,2009-12-01 18:35:00,2011-10-17 11:51:00,10.2,1.0,4402.360000000001,0.23115832985840415,54,6,4402.360000000001,3,3,4,334,Champions
16564.0,87.8,1,40,2010-05-19 14:41:00,2010-05-19 14:41:00,0.0,0.0,87.8,0.0,569,1,87.8,1,1,1,111,Lost Customers
16565.0,773.05,4,211,2010-06-02 12:47:00,2010-12-10 15:21:00,72.6,1.0,700.4499999999999,9.391371838820257,364,4,700.4499999999999,2,3,2,232,Regular Customers
16566.0,614.66,5,362,2011-02-20 10:29:00,2011-11-24 16:34:00,0.65,1.0,614.01,0.10574952005987051,15,5,614.01,4,3,2,432,Loyal Customers
16567.0,865.6,2,996,2011-01-07 09:31:00,2011-05-29 13:57:00,0.0,0.0,865.6,0.0,194,2,865.6,2,2,3,223,Regular Customers
16568.0,1020.9000000000001,2,366,2010-03-08 14:51:00,2010-10-08 10:54:00,0.0,0.0,1020.9000000000001,0.0,428,2,1020.9000000000001,1,2,3,123,Lost Customers
16569.0,1455.23,5,988,2009-12-16 15:05:00,2011-12-06 15:32:00,0.0,0.0,1455.23,0.0,3,5,1455.23,4,3,3,433,Champions
16570.0,7434.31,20,4292,2010-03-30 09:32:00,2011-11-24 17:02:00,592.49,11.0,6841.820000000001,7.969670352729439,15,20,6841.820000000001,4,4,4,444,Champions
16571.0,4248.74,10,3703,2010-03-18 09:12:00,2011-11-13 11:46:00,223.69,7.0,4025.0499999999997,5.264854992303601,27,10,4025.0499999999997,3,4,4,344,Champions
16572.0,1009.6,3,532,2011-03-09 12:04:00,2011-08-04 16:34:00,9.9,1.0,999.7,0.9805863708399367,127,3,999.7,2,3,3,233,At Risk
16573.0,663.61,2,360,2011-02-22 15:14:00,2011-09-16 09:13:00,15.2,2.0,648.41,2.290501951447386,85,2,648.41,3,2,2,322,Potential Loyalists
16574.0,1301.78,3,1002,2010-02-19 11:46:00,2011-09-29 13:39:00,0.0,0.0,1301.78,0.0,71,3,1301.78,3,3,3,333,Champions
16576.0,540.87,2,323,2010-07-06 10:42:00,2010-10-15 13:37:00,27.700000000000003,3.0,513.17,5.121378519792187,420,2,513.17,1,2,2,122,Lost Customers
16577.0,380.0,1,142,2010-02-11 09:45:00,2010-02-11 09:45:00,0.0,0.0,380.0,0.0,667,1,380.0,1,1,2,112,Lost Customers
16578.0,156.6,1,108,2010-03-23 15:11:00,2010-03-23 15:11:00,0.0,0.0,156.6,0.0,626,1,156.6,1,1,1,111,Lost Customers
16579.0,295.05,1,119,2010-10-10 11:58:00,2010-10-10 11:58:00,30.599999999999998,1.0,264.45,10.371123538383324,426,1,264.45,1,1,1,111,Lost Customers
16581.0,105.84,1,134,2011-06-10 10:05:00,2011-06-10 10:05:00,35.400000000000006,1.0,70.44,33.446712018140595,183,1,70.44,2,1,1,211,Regular Customers
16582.0,313.62,1,164,2011-08-18 17:02:00,2011-08-18 17:02:00,0.0,0.0,313.62,0.0,113,1,313.62,2,1,1,211,Regular Customers
16583.0,297.95,2,153,2010-02-04 12:18:00,2010-12-01 12:03:00,0.0,0.0,297.95,0.0,374,2,297.95,2,2,1,221,Regular Customers
16584.0,3156.17,5,1913,2010-02-16 10:41:00,2011-09-20 13:45:00,78.2,2.0,3077.9700000000003,2.477686563144571,80,5,3077.9700000000003,3,3,4,334,Champions
16585.0,341.59,2,151,2010-01-13 13:31:00,2010-04-25 10:34:00,0.0,0.0,341.59,0.0,594,2,341.59,1,2,2,122,Lost Customers
16586.0,1462.78,3,348,2010-03-14 11:24:00,2011-04-05 09:32:00,0.0,0.0,1462.78,0.0,249,3,1462.78,2,3,3,233,At Risk
16587.0,225.15,1,71,2011-04-21 15:51:00,2011-04-21 15:51:00,0.0,0.0,225.15,0.0,232,1,225.15,2,1,1,211,Regular Customers
16588.0,1361.28,4,882,2010-05-14 13:43:00,2010-11-18 17:56:00,0.0,0.0,1361.28,0.0,386,4,1361.28,1,3,3,133,At Risk
16589.0,612.36,4,536,2010-09-15 14:56:00,2011-09-29 14:50:00,0.0,0.0,612.36,0.0,71,4,612.36,3,3,2,332,Loyal Customers
16590.0,605.9,2,240,2010-10-21 12:09:00,2010-11-04 09:06:00,42.3,1.0,563.6,6.981350057765308,401,2,563.6,1,2,2,122,Lost Customers
16591.0,213.5,1,41,2011-10-02 10:43:00,2011-10-02 10:43:00,0.0,0.0,213.5,0.0,69,1,213.5,3,1,1,311,Potential Loyalists
16592.0,7807.91,28,5504,2009-12-18 15:57:00,2011-12-05 13:49:00,183.45,6.0,7624.46,2.3495404019769692,4,28,7624.46,4,4,4,444,Champions
16593.0,1071.1399999999999,8,377,2009-12-05 10:44:00,2011-10-20 12:41:00,19.9,1.0,1051.2399999999998,1.8578337098791944,51,8,1051.2399999999998,3,4,3,343,Champions
16594.0,181.09,1,64,2011-09-25 14:08:00,2011-09-25 14:08:00,0.0,0.0,181.09,0.0,75,1,181.09,3,1,1,311,Potential Loyalists
16595.0,1757.75,5,1331,2010-01-17 12:12:00,2011-10-09 13:15:00,0.0,0.0,1757.75,0.0,61,5,1757.75,3,3,3,333,Champions
16596.0,458.98,4,180,2009-12-10 13:09:00,2011-11-24 10:02:00,0.0,0.0,458.98,0.0,16,4,458.98,4,3,2,432,Loyal Customers
16597.0,90.04,1,184,2011-12-05 15:44:00,2011-12-05 15:44:00,0.0,0.0,90.04,0.0,4,1,90.04,4,1,1,411,Potential Loyalists
16598.0,145.04999999999998,1,73,2011-02-27 11:42:00,2011-02-27 11:42:00,4.35,1.0,140.7,2.998965873836608,286,1,140.7,2,1,1,211,Regular Customers
16599.0,172.8,1,159,2010-11-19 12:45:00,2010-11-19 12:45:00,0.0,0.0,172.8,0.0,386,1,172.8,1,1,1,111,Lost Customers
16600.0,2153.41,13,2420,2009-12-18 12:59:00,2011-12-05 16:00:00,59.85,3.0,2093.56,2.7793128108441962,4,13,2093.56,4,4,3,443,Champions
16601.0,677.0,3,391,2010-03-26 13:39:00,2011-10-30 11:09:00,0.0,0.0,677.0,0.0,41,3,677.0,3,3,2,332,Loyal Customers
16602.0,763.33,2,429,2010-11-16 09:13:00,2011-11-03 15:54:00,51.7,3.0,711.63,6.772955340416334,36,2,711.63,3,2,2,322,Potential Loyalists
16603.0,482.47,2,480,2011-09-09 13:02:00,2011-09-26 10:06:00,0.0,0.0,482.47,0.0,75,2,482.47,3,2,2,322,Potential Loyalists
16604.0,432.45,2,175,2010-05-20 16:34:00,2010-05-26 09:10:00,106.20000000000002,1.0,326.25,24.55775234131114,563,2,326.25,1,2,1,121,Lost Customers
16605.0,60.48,1,144,2009-12-15 19:03:00,2009-12-15 19:03:00,0.0,0.0,60.48,0.0,724,1,60.48,1,1,1,111,Lost Customers
16606.0,357.66,2,148,2010-10-01 13:21:00,2010-10-31 13:57:00,0.0,0.0,357.66,0.0,404,2,357.66,1,2,2,122,Lost Customers
16607.0,5706.87,25,4436,2010-04-29 14:01:00,2011-11-22 10:24:00,331.69,4.0,5375.18,5.812117675713657,18,25,5375.18,4,4,4,444,Champions
16608.0,1286.6200000000001,2,612,2010-02-14 11:57:00,2010-09-12 11:44:00,0.0,0.0,1286.6200000000001,0.0,454,2,1286.6200000000001,1,2,3,123,Lost Customers
16609.0,5493.46,7,2420,2011-04-01 10:11:00,2011-11-24 13:32:00,42.5,2.0,5450.96,0.773647209591041,15,7,5450.96,4,4,4,444,Champions
16610.0,75.66,1,66,2011-05-04 13:13:00,2011-05-04 13:13:00,0.0,0.0,75.66,0.0,219,1,75.66,2,1,1,211,Regular Customers
16611.0,1785.13,6,874,2010-03-10 16:07:00,2011-06-06 15:46:00,8.5,1.0,1776.63,0.4761557981771636,186,6,1776.63,2,3,3,233,At Risk
16612.0,3245.43,9,1419,2009-12-03 15:54:00,2011-11-07 07:38:00,1.95,1.0,3243.48,0.06008448803394311,33,9,3243.48,3,4,4,344,Champions
16613.0,618.59,1,293,2011-09-30 15:52:00,2011-09-30 15:52:00,0.0,0.0,618.59,0.0,70,1,618.59,3,1,2,312,Potential Loyalists
16614.0,1179.79,3,349,2010-05-10 15:18:00,2011-06-10 11:36:00,0.0,0.0,1179.79,0.0,183,3,1179.79,2,3,3,233,At Risk
16615.0,291.5,1,211,2010-03-23 15:13:00,2010-03-23 15:13:00,27.0,1.0,264.5,9.262435677530018,626,1,264.5,1,1,1,111,Lost Customers
16616.0,500.42,2,370,2011-07-05 13:38:00,2011-11-24 16:31:00,0.0,0.0,500.42,0.0,15,2,500.42,4,2,2,422,Potential Loyalists
16617.0,151.85,1,91,2011-04-18 10:35:00,2011-04-18 10:35:00,0.0,0.0,151.85,0.0,236,1,151.85,2,1,1,211,Regular Customers
16618.0,2647.59,5,1363,2011-01-21 11:55:00,2011-11-08 13:52:00,16.95,1.0,2630.6400000000003,0.6402048655569782,31,5,2630.6400000000003,3,3,4,334,Champions
16619.0,1938.33,4,1055,2010-02-22 12:05:00,2011-03-21 08:18:00,21.8,1.0,1916.53,1.1246794921401413,264,4,1916.53,2,3,3,233,At Risk
16620.0,1758.93,6,1146,2009-12-01 14:35:00,2011-12-06 12:19:00,0.0,0.0,1758.93,0.0,4,6,1758.93,4,3,3,433,Champions
16621.0,813.48,4,302,2011-03-07 11:32:00,2011-10-19 11:38:00,0.0,0.0,813.48,0.0,52,4,813.48,3,3,2,332,Loyal Customers
16622.0,225.4,1,44,2010-06-14 10:44:00,2010-06-14 10:44:00,19.8,1.0,205.6,8.78438331854481,544,1,205.6,1,1,1,111,Lost Customers
16623.0,1015.24,4,442,2010-04-26 14:04:00,2011-04-08 10:09:00,12.75,1.0,1002.49,1.2558606831882118,246,4,1002.49,2,3,3,233,At Risk
16624.0,810.5699999999999,2,488,2011-05-26 14:20:00,2011-09-20 12:39:00,0.0,0.0,810.5699999999999,0.0,81,2,810.5699999999999,3,2,2,322,Potential Loyalists
16625.0,1654.03,5,1057,2010-06-14 11:56:00,2011-03-10 12:50:00,2.95,1.0,1651.08,0.17835226688754136,275,5,1651.08,2,3,3,233,At Risk
16626.0,4413.1,17,2690,2011-03-18 12:27:00,2011-12-09 11:56:00,33.449999999999996,3.0,4379.650000000001,0.757970587568829,1,17,4379.650000000001,4,4,4,444,Champions
16627.0,322.8,1,162,2011-09-21 14:38:00,2011-09-21 14:38:00,0.0,0.0,322.8,0.0,79,1,322.8,3,1,1,311,Potential Loyalists
16628.0,2318.1,7,1260,2010-03-08 12:24:00,2011-11-10 12:45:00,5.01,1.0,2313.0899999999997,0.21612527500970624,30,7,2313.0899999999997,3,4,4,344,Champions
16629.0,408.63,2,489,2011-09-04 16:12:00,2011-09-27 10:34:00,0.0,0.0,408.63,0.0,74,2,408.63,3,2,2,322,Potential Loyalists
16630.0,106.80000000000001,1,72,2010-10-28 14:30:00,2010-10-28 14:30:00,2.5,1.0,104.30000000000001,2.340823970037453,407,1,104.30000000000001,1,1,1,111,Lost Customers
16631.0,1892.52,7,775,2010-02-26 10:49:00,2010-08-15 11:20:00,25.5,1.0,1867.02,1.3474098028026122,482,7,1867.02,1,4,3,143,At Risk
16632.0,406.4,2,256,2010-05-07 16:46:00,2010-08-11 11:39:00,0.0,0.0,406.4,0.0,486,2,406.4,1,2,2,122,Lost Customers
16633.0,2883.1,6,1138,2011-04-19 14:36:00,2011-11-22 13:41:00,4.95,1.0,2878.15,0.17169019458222054,17,6,2878.15,4,3,4,434,Champions
16634.0,1649.81,6,1257,2010-01-21 09:30:00,2011-05-01 12:09:00,451.51,4.0,1198.3,27.367393821106674,223,6,1198.3,2,3,3,233,At Risk
16635.0,473.0,1,277,2010-10-29 09:41:00,2010-10-29 09:41:00,0.0,0.0,473.0,0.0,407,1,473.0,1,1,2,112,Lost Customers
16636.0,3802.04,4,2186,2010-03-03 14:06:00,2010-09-27 13:13:00,0.0,0.0,3802.04,0.0,438,4,3802.04,1,3,4,134,At Risk
16637.0,1154.47,4,927,2011-04-28 10:20:00,2011-11-07 13:17:00,29.879999999999995,1.0,1124.5900000000001,2.588200646183963,32,4,1124.5900000000001,3,3,3,333,Champions
16638.0,2380.13,15,1627,2010-08-18 13:33:00,2011-11-17 11:09:00,4.25,1.0,2375.88,0.17856167520261498,23,15,2375.88,4,4,4,444,Champions
16639.0,1747.98,4,751,2010-10-26 18:23:00,2011-11-08 13:20:00,88.13000000000001,1.0,1659.85,5.041819700454239,31,4,1659.85,3,3,3,333,Champions
16640.0,179.4,1,146,2010-11-07 10:48:00,2010-11-07 10:48:00,0.0,0.0,179.4,0.0,398,1,179.4,1,1,1,111,Lost Customers
16641.0,554.5,2,454,2010-01-07 12:22:00,2011-08-26 12:49:00,0.0,0.0,554.5,0.0,106,2,554.5,2,2,2,222,Regular Customers
16642.0,1077.45,3,775,2010-10-20 14:22:00,2011-12-05 11:31:00,25.990000000000002,2.0,1051.46,2.412176899160054,5,3,1051.46,4,3,3,433,Champions
16643.0,923.11,2,553,2010-10-13 09:47:00,2011-04-08 08:24:00,7.550000000000001,1.0,915.5600000000001,0.8178873590363014,246,2,915.5600000000001,2,2,3,223,Regular Customers
16644.0,833.78,2,826,2011-05-11 12:53:00,2011-06-15 12:39:00,0.0,0.0,833.78,0.0,178,2,833.78,2,2,2,222,Regular Customers
16645.0,160.39,1,117,2009-12-04 09:49:00,2009-12-04 09:49:00,0.0,0.0,160.39,0.0,736,1,160.39,1,1,1,111,Lost Customers
16646.0,678.8,1,1072,2010-09-16 13:28:00,2010-09-16 13:28:00,3.75,1.0,675.05,0.552445492044785,449,1,675.05,1,1,2,112,Lost Customers
16647.0,541.9,4,396,2010-06-13 15:52:00,2011-06-23 11:47:00,0.0,0.0,541.9,0.0,170,4,541.9,2,3,2,232,Regular Customers
16648.0,672.8,3,503,2010-04-28 14:58:00,2011-10-28 08:58:00,19.8,1.0,653.0,2.9429250891795484,43,3,653.0,3,3,2,332,Loyal Customers
16649.0,306.58000000000004,1,82,2010-07-07 15:41:00,2010-07-07 15:41:00,0.0,0.0,306.58000000000004,0.0,520,1,306.58000000000004,1,1,1,111,Lost Customers
16650.0,1916.11,7,1511,2010-07-08 14:18:00,2011-09-29 09:51:00,0.0,0.0,1916.11,0.0,72,7,1916.11,3,4,3,343,Champions
16651.0,136.2,1,60,2010-05-02 11:46:00,2010-05-02 11:46:00,0.0,0.0,136.2,0.0,587,1,136.2,1,1,1,111,Lost Customers
16652.0,17550.39,16,7477,2010-03-17 10:22:00,2011-10-12 09:38:00,237.56,8.0,17312.829999999998,1.353588153881481,59,16,17312.829999999998,3,4,4,344,Champions
16653.0,1212.66,2,733,2011-09-29 13:38:00,2011-11-23 14:51:00,45.74,1.0,1166.92,3.771873402272689,16,2,1166.92,4,2,3,423,Potential Loyalists
16654.0,1484.07,8,640,2010-04-06 13:29:00,2011-07-21 15:23:00,6.3,1.0,1477.77,0.4245082779114193,141,8,1477.77,2,4,3,243,At Risk
16655.0,6423.26,13,3938,2010-01-31 15:40:00,2011-11-22 11:25:00,35.1,1.0,6388.16,0.5464514903647057,18,13,6388.16,4,4,4,444,Champions
16656.0,16833.170000000002,30,15433,2009-12-04 12:59:00,2011-11-17 14:43:00,525.45,14.0,16307.720000000001,3.1215154364864133,22,30,16307.720000000001,4,4,4,444,Champions
16657.0,874.43,4,1130,2011-03-30 12:02:00,2011-11-30 11:48:00,0.0,0.0,874.43,0.0,10,4,874.43,4,3,3,433,Champions
16658.0,690.83,6,277,2010-03-30 16:24:00,2010-12-06 13:47:00,117.35000000000001,3.0,573.48,16.98681296411563,368,6,573.48,2,3,2,232,Regular Customers
16659.0,39.12,1,72,2011-06-03 15:03:00,2011-06-03 15:03:00,0.0,0.0,39.12,0.0,189,1,39.12,2,1,1,211,Regular Customers
16660.0,1879.55,7,991,2010-01-14 11:09:00,2011-11-23 14:53:00,457.2,1.0,1422.35,24.324971402729375,16,7,1422.35,4,4,3,443,Champions
16661.0,932.76,4,364,2009-12-17 15:39:00,2010-06-17 15:24:00,144.45,1.0,788.31,15.486298726360479,540,4,788.31,1,3,2,132,Regular Customers
16662.0,151.05,1,35,2010-11-10 16:56:00,2010-11-10 16:56:00,0.0,0.0,151.05,0.0,394,1,151.05,1,1,1,111,Lost Customers
16663.0,165.0,1,100,2009-12-10 13:12:00,2009-12-10 13:12:00,0.0,0.0,165.0,0.0,729,1,165.0,1,1,1,111,Lost Customers
16664.0,109.2,1,24,2010-05-19 17:11:00,2010-05-19 17:11:00,0.0,0.0,109.2,0.0,569,1,109.2,1,1,1,111,Lost Customers
16665.0,135.39999999999998,1,59,2010-12-12 14:03:00,2010-12-12 14:03:00,0.0,0.0,135.39999999999998,0.0,362,1,135.39999999999998,2,1,1,211,Regular Customers
16666.0,217.71,2,354,2010-03-28 15:13:00,2011-11-20 14:01:00,0.0,0.0,217.71,0.0,19,2,217.71,4,2,1,421,Potential Loyalists
16667.0,567.1800000000001,2,236,2011-02-28 12:57:00,2011-10-02 15:26:00,0.0,0.0,567.1800000000001,0.0,68,2,567.1800000000001,3,2,2,322,Potential Loyalists
16668.0,862.42,13,773,2010-03-18 18:25:00,2011-11-24 17:43:00,0.0,0.0,862.42,0.0,15,13,862.42,4,4,3,443,Champions
16669.0,1348.88,3,881,2011-09-22 14:13:00,2011-11-16 12:26:00,1148.73,2.0,200.1500000000001,85.16176383369907,24,3,200.1500000000001,4,3,1,431,Loyal Customers
16670.0,8030.150000000001,20,4534,2009-12-10 15:28:00,2011-11-23 09:34:00,243.49,13.0,7786.660000000001,3.032197406026039,17,20,7786.660000000001,4,4,4,444,Champions
16671.0,1692.27,3,875,2011-06-28 11:20:00,2011-11-11 13:40:00,0.0,0.0,1692.27,0.0,28,3,1692.27,3,3,3,333,Champions
16672.0,8134.9400000000005,20,2832,2011-03-18 10:15:00,2011-12-07 16:29:00,41.349999999999994,3.0,8093.59,0.5083012290195132,2,20,8093.59,4,4,4,444,Champions
16673.0,171.13,1,95,2010-01-29 14:22:00,2010-01-29 14:22:00,0.0,0.0,171.13,0.0,679,1,171.13,1,1,1,111,Lost Customers
16674.0,304.24,2,181,2011-09-02 13:59:00,2011-10-16 11:31:00,0.0,0.0,304.24,0.0,55,2,304.24,3,2,1,321,Potential Loyalists
16675.0,608.86,2,296,2010-08-18 13:11:00,2010-09-24 12:15:00,0.0,0.0,608.86,0.0,442,2,608.86,1,2,2,122,Lost Customers
16676.0,2361.9,6,927,2010-10-17 13:07:00,2011-11-06 12:01:00,33.4,1.0,2328.5,1.4141157542656335,34,6,2328.5,3,3,4,334,Champions
16677.0,880.62,2,457,2010-02-25 16:11:00,2010-10-24 14:53:00,30.85,1.0,849.77,3.5032136449319804,411,2,849.77,1,2,3,123,Lost Customers
16678.0,3109.99,12,2397,2011-03-02 09:24:00,2011-12-07 12:17:00,96.16,5.0,3013.83,3.091971356821083,3,12,3013.83,4,4,4,444,Champions
16679.0,663.31,3,247,2010-06-10 18:35:00,2010-12-08 13:51:00,0.0,0.0,663.31,0.0,366,3,663.31,2,3,2,232,Regular Customers
16680.0,821.45,3,377,2010-06-23 09:30:00,2011-10-27 17:35:00,0.0,0.0,821.45,0.0,43,3,821.45,3,3,2,332,Loyal Customers
16681.0,1921.84,7,1492,2010-03-08 14:10:00,2011-09-28 11:11:00,0.0,0.0,1921.84,0.0,73,7,1921.84,3,4,3,343,Champions
16682.0,1028.0,5,1040,2011-06-05 11:02:00,2011-12-05 12:13:00,0.0,0.0,1028.0,0.0,5,5,1028.0,4,3,3,433,Champions
16683.0,320.25,1,190,2010-06-24 10:36:00,2010-06-24 10:36:00,10.9,1.0,309.35,3.4035909445745514,534,1,309.35,1,1,1,111,Lost Customers
16684.0,147142.77,55,104810,2009-12-07 12:56:00,2011-12-05 14:06:00,5640.52,10.0,141502.25,3.833365377041632,4,55,141502.25,4,4,4,444,Champions
16685.0,324.24,2,396,2011-10-09 13:44:00,2011-10-09 13:58:00,0.0,0.0,324.24,0.0,61,2,324.24,3,2,1,321,Potential Loyalists
16686.0,4881.07,16,3419,2009-12-06 15:48:00,2011-10-23 13:49:00,19.35,2.0,4861.719999999999,0.3964294714068842,47,16,4861.719999999999,3,4,4,344,Champions
16687.0,157.63,1,141,2010-11-14 11:46:00,2010-11-14 11:46:00,0.0,0.0,157.63,0.0,391,1,157.63,1,1,1,111,Lost Customers
16688.0,1260.86,4,804,2011-10-10 12:23:00,2011-12-08 15:24:00,0.0,0.0,1260.86,0.0,1,4,1260.86,4,3,3,433,Champions
16689.0,422.59999999999997,2,330,2011-09-18 13:29:00,2011-09-25 11:39:00,119.34,1.0,303.26,28.23946994794132,76,2,303.26,3,2,1,321,Potential Loyalists
16690.0,353.03,4,209,2010-09-14 15:00:00,2011-09-28 15:02:00,16.95,1.0,336.08,4.801291674928477,72,4,336.08,3,3,1,331,Loyal Customers
16691.0,178.83,2,92,2010-05-27 14:55:00,2010-10-17 15:03:00,0.0,0.0,178.83,0.0,418,2,178.83,1,2,1,121,Lost Customers
16692.0,1914.6999999999998,4,878,2010-09-24 11:31:00,2011-03-28 14:46:00,0.0,0.0,1914.6999999999998,0.0,256,4,1914.6999999999998,2,3,3,233,At Risk
16693.0,1179.48,5,658,2010-02-21 12:42:00,2011-10-02 11:10:00,0.0,0.0,1179.48,0.0,69,5,1179.48,3,3,3,333,Champions
16694.0,98.30000000000001,1,26,2009-12-16 15:45:00,2009-12-16 15:45:00,0.0,0.0,98.30000000000001,0.0,723,1,98.30000000000001,1,1,1,111,Lost Customers
16695.0,191.9,2,184,2010-05-27 12:24:00,2010-05-27 12:36:00,0.0,0.0,191.9,0.0,562,2,191.9,1,2,1,121,Lost Customers
16696.0,657.9000000000001,4,146,2011-04-05 15:20:00,2011-07-27 14:23:00,0.0,0.0,657.9000000000001,0.0,135,4,657.9000000000001,2,3,2,232,Regular Customers
16697.0,112.75,1,27,2011-04-12 17:12:00,2011-04-12 17:12:00,0.0,0.0,112.75,0.0,241,1,112.75,2,1,1,211,Regular Customers
16698.0,1998.0,2,840,2011-03-31 13:33:00,2011-04-27 10:52:00,0.0,0.0,1998.0,0.0,227,2,1998.0,2,2,3,223,Regular Customers
16699.0,994.6,7,640,2009-12-04 13:31:00,2010-11-24 14:38:00,29.700000000000003,1.0,964.9,2.986125075407199,380,7,964.9,1,4,3,143,At Risk
16700.0,8830.77,25,6644,2009-12-02 10:51:00,2011-12-01 11:00:00,83.65,6.0,8747.12,0.9472560150473855,9,25,8747.12,4,4,4,444,Champions
16701.0,9916.73,26,11046,2009-12-01 19:19:00,2011-12-01 11:10:00,302.14,8.0,9614.59,3.046770457600439,9,26,9614.59,4,4,4,444,Champions
16702.0,1110.83,4,692,2009-12-07 16:40:00,2010-10-20 14:10:00,9.95,1.0,1100.8799999999999,0.8957266188345652,415,4,1100.8799999999999,1,3,3,133,At Risk
16704.0,664.16,2,433,2010-02-05 14:14:00,2010-03-31 14:02:00,0.0,0.0,664.16,0.0,618,2,664.16,1,2,2,122,Lost Customers
16705.0,43515.051,42,22302,2009-12-09 13:34:00,2011-12-09 12:08:00,861.91,19.0,42653.140999999996,1.9807169707786854,1,42,42653.140999999996,4,4,4,444,Champions
16706.0,531.35,3,249,2011-08-17 15:53:00,2011-11-02 13:50:00,0.0,0.0,531.35,0.0,37,3,531.35,3,3,2,332,Loyal Customers
16707.0,533.41,4,396,2010-03-09 15:16:00,2010-11-04 14:39:00,0.0,0.0,533.41,0.0,400,4,533.41,1,3,2,132,Regular Customers
16708.0,656.63,1,285,2011-10-25 12:20:00,2011-10-25 12:20:00,0.0,0.0,656.63,0.0,46,1,656.63,3,1,2,312,Potential Loyalists
16709.0,9056.01,14,3261,2009-12-09 13:16:00,2011-09-16 10:56:00,0.0,0.0,9056.01,0.0,85,14,9056.01,3,4,4,344,Champions
16710.0,5921.35,22,4174,2009-12-04 13:41:00,2011-11-20 14:50:00,12.75,1.0,5908.6,0.2153225193579167,19,22,5908.6,4,4,4,444,Champions
16711.0,2868.48,9,1212,2009-12-02 13:22:00,2011-12-06 16:32:00,117.0,1.0,2751.48,4.078815261044177,3,9,2751.48,4,4,4,444,Champions
16712.0,4232.87,13,2074,2010-11-03 15:45:00,2011-11-30 13:48:00,0.0,0.0,4232.87,0.0,9,13,4232.87,4,4,4,444,Champions
16713.0,14115.56,32,8482,2009-12-15 12:49:00,2011-11-21 12:36:00,172.2,9.0,13943.359999999999,1.2199303463695381,19,32,13943.359999999999,4,4,4,444,Champions
16714.0,1497.33,4,828,2010-02-07 11:17:00,2011-05-05 11:09:00,275.09,3.0,1222.24,18.372035556624123,219,4,1222.24,2,3,3,233,At Risk
16715.0,625.52,2,1174,2010-05-26 12:35:00,2011-09-22 18:15:00,0.0,0.0,625.52,0.0,78,2,625.52,3,2,2,322,Potential Loyalists
16716.0,2149.6800000000003,3,912,2010-03-19 11:05:00,2011-03-18 10:03:00,581.4,1.0,1568.2800000000002,27.045885899296636,267,3,1568.2800000000002,2,3,3,233,At Risk
16717.0,6663.68,14,3145,2009-12-07 15:55:00,2011-11-16 12:16:00,676.27,6.0,5987.41,10.148596571263925,24,14,5987.41,4,4,4,444,Champions
16718.0,3006.08,5,1924,2009-12-06 13:07:00,2010-12-05 13:03:00,0.0,0.0,3006.08,0.0,369,5,3006.08,2,3,4,234,At Risk
16719.0,3513.62,14,2356,2009-12-13 10:59:00,2011-11-25 09:27:00,144.75,3.0,3368.87,4.119682834227947,15,14,3368.87,4,4,4,444,Champions
16720.0,758.74,3,460,2009-12-17 17:54:00,2011-11-13 16:22:00,202.05,1.0,556.69,26.62967551466906,26,3,556.69,3,3,2,332,Loyal Customers
16721.0,292.47,1,172,2011-03-22 16:08:00,2011-03-22 16:08:00,0.0,0.0,292.47,0.0,262,1,292.47,2,1,1,211,Regular Customers
16722.0,8189.56,22,7986,2009-12-03 19:23:00,2011-11-22 13:28:00,21.25,4.0,8168.31,0.25947669960290903,17,22,8168.31,4,4,4,444,Champions
16723.0,1231.36,4,958,2009-12-04 13:23:00,2011-09-09 13:01:00,0.0,0.0,1231.36,0.0,91,4,1231.36,3,3,3,333,Champions
16724.0,147.35,1,69,2010-10-31 11:40:00,2010-10-31 11:40:00,0.0,0.0,147.35,0.0,405,1,147.35,1,1,1,111,Lost Customers
16725.0,1688.26,14,700,2009-12-13 15:54:00,2011-02-10 16:52:00,11.4,2.0,1676.86,0.6752514423133879,302,14,1676.86,2,4,3,243,At Risk
16726.0,2063.88,7,1323,2010-10-24 16:09:00,2011-11-13 14:53:00,0.0,0.0,2063.88,0.0,26,7,2063.88,3,4,3,343,Champions
16727.0,1377.77,4,1066,2010-01-20 10:48:00,2010-12-10 13:48:00,0.0,0.0,1377.77,0.0,364,4,1377.77,2,3,3,233,At Risk
16728.0,1048.28,4,671,2011-03-20 13:28:00,2011-10-24 14:36:00,0.0,0.0,1048.28,0.0,46,4,1048.28,3,3,3,333,Champions
16729.0,7205.33,21,5722,2011-04-12 14:22:00,2011-11-01 14:29:00,163.64,5.0,7041.69,2.2710965354813726,38,21,7041.69,3,4,4,344,Champions
16730.0,743.11,3,994,2011-01-24 14:01:00,2011-10-18 14:11:00,40.32,1.0,702.79,5.42584543338133,52,3,702.79,3,3,2,332,Loyal Customers
16731.0,170.3,1,124,2010-03-01 15:05:00,2010-03-01 15:05:00,0.0,0.0,170.3,0.0,648,1,170.3,1,1,1,111,Lost Customers
16732.0,4387.64,4,2414,2009-12-08 13:04:00,2011-11-08 09:54:00,420.85,5.0,3966.7900000000004,9.591716731545889,32,4,3966.7900000000004,3,3,4,334,Champions
16733.0,259.68,1,112,2010-06-28 10:12:00,2010-06-28 10:12:00,0.0,0.0,259.68,0.0,530,1,259.68,1,1,1,111,Lost Customers
16734.0,646.76,3,345,2011-08-17 15:00:00,2011-10-18 13:44:00,0.0,0.0,646.76,0.0,52,3,646.76,3,3,2,332,Loyal Customers
16735.0,6217.41,14,4240,2009-12-08 09:24:00,2011-09-22 11:49:00,638.55,8.0,5578.86,10.27035373250276,79,14,5578.86,3,4,4,344,Champions
16736.0,2956.56,5,1050,2009-12-03 16:12:00,2010-07-22 10:09:00,52.05,3.0,2904.5099999999998,1.760491923045702,506,5,2904.5099999999998,1,3,4,134,At Risk
16737.0,835.1999999999999,2,576,2010-05-11 09:53:00,2011-10-17 13:03:00,0.0,0.0,835.1999999999999,0.0,53,2,835.1999999999999,3,2,2,322,Potential Loyalists
16738.0,3.75,1,3,2011-02-15 09:46:00,2011-02-15 09:46:00,0.0,0.0,3.75,0.0,298,1,3.75,2,1,1,211,Regular Customers
16739.0,786.43,2,391,2010-06-21 09:38:00,2011-06-16 09:17:00,14.2,2.0,772.2299999999999,1.8056279643452058,177,2,772.2299999999999,2,2,2,222,Regular Customers
16740.0,226.91,1,110,2010-11-09 13:34:00,2010-11-09 13:34:00,0.0,0.0,226.91,0.0,395,1,226.91,1,1,1,111,Lost Customers
16741.0,173.06,1,81,2010-03-24 15:15:00,2010-03-24 15:15:00,0.0,0.0,173.06,0.0,625,1,173.06,1,1,1,111,Lost Customers
16742.0,2799.87,14,2558,2009-12-16 17:22:00,2011-10-24 12:02:00,464.9,1.0,2334.97,16.60434234446599,47,14,2334.97,3,4,4,344,Champions
16743.0,4212.15,14,3707,2010-04-22 13:21:00,2011-11-10 13:13:00,46.25,1.0,4165.9,1.0980140783210475,29,14,4165.9,3,4,4,344,Champions
16744.0,1291.91,7,798,2011-06-19 15:13:00,2011-11-28 13:06:00,0.0,0.0,1291.91,0.0,11,7,1291.91,4,4,3,443,Champions
16745.0,7180.7,17,6719,2011-02-01 11:31:00,2011-09-14 11:58:00,23.6,1.0,7157.099999999999,0.3286587658584818,87,17,7157.099999999999,3,4,4,344,Champions
16746.0,18046.75,42,11900,2009-12-04 13:00:00,2011-12-05 12:33:00,34.55,4.0,18012.2,0.19144721348719299,5,42,18012.2,4,4,4,444,Champions
16747.0,836.06,2,583,2011-10-03 10:18:00,2011-11-02 11:37:00,9.1,2.0,826.9599999999999,1.0884386288065449,38,2,826.9599999999999,3,2,2,322,Potential Loyalists
16748.0,3637.33,14,2127,2009-12-10 12:28:00,2011-11-22 10:17:00,5.04,1.0,3632.29,0.1385631768357559,18,14,3632.29,4,4,4,444,Champions
16749.0,4157.88,2,1910,2009-12-15 14:05:00,2010-04-27 13:06:00,0.0,0.0,4157.88,0.0,591,2,4157.88,1,2,4,124,Lost Customers
16750.0,623.93,5,214,2011-04-21 16:53:00,2011-10-26 12:48:00,0.0,0.0,623.93,0.0,45,5,623.93,3,3,2,332,Loyal Customers
16751.0,1764.72,1,1031,2011-11-09 10:48:00,2011-11-09 10:48:00,0.0,0.0,1764.72,0.0,31,1,1764.72,3,1,3,313,Potential Loyalists
16752.0,207.5,1,54,2010-12-02 12:18:00,2010-12-02 12:18:00,0.0,0.0,207.5,0.0,373,1,207.5,2,1,1,211,Regular Customers
16753.0,223.92000000000002,1,189,2011-10-12 13:14:00,2011-10-12 13:14:00,0.0,0.0,223.92000000000002,0.0,58,1,223.92000000000002,3,1,1,311,Potential Loyalists
16754.0,65500.07,29,63551,2010-03-08 11:32:00,2010-12-02 17:38:00,10941.89,6.0,54558.18,16.705157719678773,372,29,54558.18,2,4,4,244,At Risk
16755.0,2864.68,7,1985,2009-12-09 14:25:00,2011-08-17 13:21:00,18.55,3.0,2846.1299999999997,0.6475417847717722,114,7,2846.1299999999997,2,4,4,244,At Risk
16756.0,1312.3700000000001,7,707,2010-03-09 15:56:00,2011-05-09 09:33:00,24.950000000000003,2.0,1287.42,1.9011406844106464,215,7,1287.42,2,4,3,243,At Risk
16757.0,270.48,2,180,2010-10-26 15:09:00,2011-01-25 11:59:00,0.0,0.0,270.48,0.0,319,2,270.48,2,2,1,221,Regular Customers
16758.0,369.34000000000003,1,203,2011-10-05 14:47:00,2011-10-05 14:47:00,0.0,0.0,369.34000000000003,0.0,65,1,369.34000000000003,3,1,2,312,Potential Loyalists
16759.0,789.79,3,609,2011-11-09 09:06:00,2011-12-02 12:42:00,16.95,1.0,772.8399999999999,2.1461401131946465,8,3,772.8399999999999,4,3,2,432,Loyal Customers
16760.0,228.0,1,168,2010-10-05 15:55:00,2010-10-05 15:55:00,0.0,0.0,228.0,0.0,430,1,228.0,1,1,1,111,Lost Customers
16761.0,316.62,1,341,2011-09-04 11:15:00,2011-09-04 11:15:00,0.0,0.0,316.62,0.0,97,1,316.62,2,1,1,211,Regular Customers
16762.0,1207.24,3,480,2011-07-18 12:52:00,2011-11-20 11:43:00,0.0,0.0,1207.24,0.0,20,3,1207.24,4,3,3,433,Champions
16763.0,964.6999999999999,2,492,2009-12-01 15:26:00,2011-05-25 11:52:00,16.95,1.0,947.7499999999999,1.7570229086762725,199,2,947.7499999999999,2,2,3,223,Regular Customers
16764.0,2790.9500000000003,13,1253,2011-07-19 17:17:00,2011-12-06 11:41:00,41.0,5.0,2749.9500000000003,1.4690338415234954,4,13,2749.9500000000003,4,4,4,444,Champions
16765.0,454.75,2,311,2010-11-22 13:42:00,2011-02-18 15:41:00,0.0,0.0,454.75,0.0,294,2,454.75,2,2,2,222,Regular Customers
16766.0,1145.6,2,536,2011-03-11 13:34:00,2011-03-11 15:22:00,0.0,0.0,1145.6,0.0,273,2,1145.6,2,2,3,223,Regular Customers
16767.0,8056.76,15,7102,2010-04-28 16:49:00,2011-11-09 09:42:00,102.0,1.0,7954.76,1.2660176050918732,31,15,7954.76,3,4,4,344,Champions
16768.0,1698.57,9,774,2009-12-07 11:47:00,2011-10-23 10:38:00,61.05,5.0,1637.52,3.594199826913227,48,9,1637.52,3,4,3,343,Champions
16769.0,1117.05,4,295,2009-12-14 11:10:00,2011-03-24 13:41:00,0.0,0.0,1117.05,0.0,260,4,1117.05,2,3,3,233,At Risk
16770.0,1778.93,9,1052,2010-08-22 16:08:00,2011-10-13 12:21:00,32.1,2.0,1746.8300000000002,1.8044554872873018,58,9,1746.8300000000002,3,4,3,343,Champions
16771.0,3949.6,10,2308,2009-12-09 11:52:00,2011-11-06 13:28:00,0.0,0.0,3949.6,0.0,33,10,3949.6,3,4,4,344,Champions
16772.0,3698.0499999999997,3,687,2009-12-18 10:50:00,2010-10-12 13:19:00,937.9499999999999,2.0,2760.1,25.363367180000267,423,3,2760.1,1,3,4,134,At Risk
16773.0,421.24,3,252,2009-12-06 15:01:00,2011-10-13 14:37:00,0.0,0.0,421.24,0.0,57,3,421.24,3,3,2,332,Loyal Customers
16774.0,1567.48,8,774,2010-02-16 16:53:00,2011-10-03 12:41:00,6.6,1.0,1560.88,0.4210580039298747,68,8,1560.88,3,4,3,343,Champions
16775.0,2820.84,16,957,2010-09-23 17:34:00,2011-11-29 15:22:00,81.6,1.0,2739.2400000000002,2.89275534947037,10,16,2739.2400000000002,4,4,4,444,Champions
16776.0,592.51,2,435,2010-10-20 12:13:00,2011-10-10 13:04:00,0.0,0.0,592.51,0.0,60,2,592.51,3,2,2,322,Potential Loyalists
16777.0,1292.18,5,470,2010-03-17 12:42:00,2011-09-20 13:41:00,30.75,1.0,1261.43,2.3796994226810506,80,5,1261.43,3,3,3,333,Champions
16778.0,245.94,2,194,2011-03-10 15:21:00,2011-09-26 13:48:00,0.0,0.0,245.94,0.0,74,2,245.94,3,2,1,321,Potential Loyalists
16779.0,32809.03,53,19411,2009-12-03 13:03:00,2011-12-07 14:54:00,286.63,9.0,32522.399999999998,0.873631436223503,2,53,32522.399999999998,4,4,4,444,Champions
16780.0,596.4,3,352,2010-10-28 19:41:00,2011-08-31 16:09:00,0.0,0.0,596.4,0.0,100,3,596.4,2,3,2,232,Regular Customers
16781.0,623.0,2,192,2010-02-08 13:56:00,2010-12-02 14:26:00,16.599999999999998,1.0,606.4,2.6645264847512036,372,2,606.4,2,2,2,222,Regular Customers
16782.0,9636.12,38,4027,2009-12-09 11:58:00,2011-11-29 13:20:00,83.5,12.0,9552.62,0.8665313424905459,10,38,9552.62,4,4,4,444,Champions
16783.0,391.95,1,163,2010-09-29 11:53:00,2010-09-29 11:53:00,0.0,0.0,391.95,0.0,437,1,391.95,1,1,2,112,Lost Customers
16784.0,892.33,5,494,2010-03-28 12:55:00,2011-11-20 12:20:00,0.0,0.0,892.33,0.0,20,5,892.33,4,3,3,433,Champions
16785.0,533.78,1,313,2010-10-26 10:36:00,2010-10-26 10:36:00,0.0,0.0,533.78,0.0,410,1,533.78,1,1,2,112,Lost Customers
16786.0,51.839999999999996,1,72,2010-11-11 08:25:00,2010-11-11 08:25:00,0.0,0.0,51.839999999999996,0.0,394,1,51.839999999999996,1,1,1,111,Lost Customers
16787.0,1017.53,4,472,2010-01-10 11:12:00,2010-11-07 11:01:00,0.0,0.0,1017.53,0.0,398,4,1017.53,1,3,3,133,At Risk
16788.0,1928.93,5,965,2010-02-07 12:40:00,2011-08-08 14:53:00,0.0,0.0,1928.93,0.0,123,5,1928.93,2,3,3,233,At Risk
16789.0,80.8,1,32,2011-12-01 15:12:00,2011-12-01 15:12:00,0.0,0.0,80.8,0.0,8,1,80.8,4,1,1,411,Potential Loyalists
16790.0,1545.6200000000001,6,898,2011-11-02 11:23:00,2011-12-06 11:53:00,25.5,2.0,1520.1200000000001,1.6498233718507782,4,6,1520.1200000000001,4,3,3,433,Champions
16791.0,3957.63,15,1854,2009-12-03 18:08:00,2011-11-10 19:12:00,92.57,3.0,3865.06,2.3390261343278675,29,15,3865.06,3,4,4,344,Champions
16792.0,623.46,5,324,2010-01-04 13:47:00,2011-03-02 14:41:00,0.0,0.0,623.46,0.0,282,5,623.46,2,3,2,232,Regular Customers
16793.0,243.84,1,146,2011-10-13 15:08:00,2011-10-13 15:08:00,0.0,0.0,243.84,0.0,57,1,243.84,3,1,1,311,Potential Loyalists
16794.0,2052.7,15,1576,2010-03-25 15:17:00,2011-12-08 17:54:00,21.2,2.0,2031.4999999999998,1.0327860866176257,1,15,2031.4999999999998,4,4,3,443,Champions
16795.0,2062.41,3,1214,2010-01-25 13:14:00,2010-12-09 14:08:00,27.2,2.0,2035.2099999999998,1.318845428406573,365,3,2035.2099999999998,2,3,3,233,At Risk
16796.0,305.62,1,186,2011-09-11 14:01:00,2011-09-11 14:01:00,0.0,0.0,305.62,0.0,89,1,305.62,3,1,1,311,Potential Loyalists
16797.0,1802.02,5,898,2009-12-02 13:33:00,2010-11-11 19:14:00,41.0,4.0,1761.02,2.275224470316645,393,5,1761.02,1,3,3,133,At Risk
16798.0,841.16,3,205,2009-12-10 19:35:00,2010-06-03 19:01:00,11.149999999999999,1.0,830.01,1.3255504303580767,554,3,830.01,1,3,2,132,Regular Customers
16799.0,452.78000000000003,2,162,2010-09-12 12:46:00,2010-10-03 14:28:00,4.95,1.0,447.83000000000004,1.0932461681169663,432,2,447.83000000000004,1,2,2,122,Lost Customers
16800.0,1162.65,1,524,2011-11-28 14:06:00,2011-11-28 14:06:00,0.0,0.0,1162.65,0.0,11,1,1162.65,4,1,3,413,Potential Loyalists
16801.0,1594.23,4,493,2011-03-11 13:56:00,2011-06-29 15:33:00,751.9,1.0,842.33,47.16383457844853,163,4,842.33,2,3,2,232,Regular Customers
16802.0,582.61,2,369,2009-12-09 13:00:00,2010-01-29 13:44:00,0.0,0.0,582.61,0.0,679,2,582.61,1,2,2,122,Lost Customers
16803.0,332.3,1,245,2011-10-05 14:28:00,2011-10-05 14:28:00,0.0,0.0,332.3,0.0,65,1,332.3,3,1,1,311,Potential Loyalists
16804.0,536.99,3,246,2011-03-14 15:48:00,2011-11-16 16:43:00,0.0,0.0,536.99,0.0,23,3,536.99,4,3,2,432,Loyal Customers
16805.0,1091.34,5,1120,2009-12-08 14:29:00,2011-06-19 11:23:00,0.0,0.0,1091.34,0.0,174,5,1091.34,2,3,3,233,At Risk
16806.0,762.16,4,356,2011-04-14 19:59:00,2011-08-28 15:27:00,0.0,0.0,762.16,0.0,103,4,762.16,2,3,2,232,Regular Customers
16807.0,2123.88,6,1433,2010-03-26 14:38:00,2011-07-20 12:00:00,59.00000000000001,2.0,2064.88,2.777934723242368,143,6,2064.88,2,3,3,233,At Risk
16808.0,288.42,2,196,2011-03-10 19:05:00,2011-09-01 19:34:00,0.0,0.0,288.42,0.0,99,2,288.42,2,2,1,221,Regular Customers
16809.0,1727.43,9,1093,2010-04-13 15:34:00,2011-11-16 15:45:00,1.95,1.0,1725.48,0.1128844584151022,23,9,1725.48,4,4,3,443,Champions
16810.0,842.0400000000001,2,372,2010-10-15 15:32:00,2011-05-31 15:32:00,55.9,2.0,786.1400000000001,6.638639494560827,192,2,786.1400000000001,2,2,2,222,Regular Customers
16811.0,547.07,2,477,2011-11-22 17:19:00,2011-12-05 11:39:00,0.0,0.0,547.07,0.0,5,2,547.07,4,2,2,422,Potential Loyalists
16812.0,2392.0,4,1116,2010-11-22 14:36:00,2010-12-14 12:35:00,175.2,1.0,2216.8,7.3244147157190636,361,4,2216.8,2,3,4,234,At Risk
16813.0,1652.18,10,1501,2011-05-19 13:28:00,2011-12-01 14:03:00,0.0,0.0,1652.18,0.0,8,10,1652.18,4,4,3,443,Champions
16814.0,11924.85,36,4844,2010-04-11 12:45:00,2011-11-25 13:27:00,8.5,1.0,11916.35,0.07127972259609136,14,36,11916.35,4,4,4,444,Champions
16815.0,406.02,2,237,2010-06-21 12:05:00,2010-09-12 10:59:00,0.0,0.0,406.02,0.0,454,2,406.02,1,2,2,122,Lost Customers
16816.0,417.06,4,274,2010-12-16 17:01:00,2011-08-28 14:16:00,0.0,0.0,417.06,0.0,103,4,417.06,2,3,2,232,Regular Customers
16817.0,2560.7,13,1401,2010-10-04 09:06:00,2011-12-07 11:03:00,167.85,5.0,2392.85,6.554848283672434,3,13,2392.85,4,4,4,444,Champions
16818.0,3349.57,11,2164,2011-05-18 11:42:00,2011-11-29 10:41:00,31.599999999999998,2.0,3317.9700000000003,0.9434046758240608,11,11,3317.9700000000003,4,4,4,444,Champions
16819.0,182.59,2,253,2010-08-31 17:31:00,2010-08-31 17:37:00,0.0,0.0,182.59,0.0,465,2,182.59,1,2,1,121,Lost Customers
16820.0,497.61,1,307,2011-09-05 12:06:00,2011-09-05 12:06:00,0.0,0.0,497.61,0.0,96,1,497.61,2,1,2,212,Regular Customers
16821.0,113.35,1,13,2010-11-23 10:04:00,2010-11-23 10:04:00,0.0,0.0,113.35,0.0,382,1,113.35,1,1,1,111,Lost Customers
16822.0,181.39,1,171,2010-01-22 14:22:00,2010-01-22 14:22:00,36.55,2.0,144.83999999999997,20.149953139643863,686,1,144.83999999999997,1,1,1,111,Lost Customers
16823.0,2243.09,7,1166,2009-12-02 09:57:00,2011-04-26 15:00:00,6.95,1.0,2236.1400000000003,0.3098404433170314,227,7,2236.1400000000003,2,4,4,244,At Risk
16824.0,686.24,3,390,2010-11-11 12:21:00,2011-11-24 12:38:00,0.0,0.0,686.24,0.0,16,3,686.24,4,3,2,432,Loyal Customers
16825.0,1826.89,5,1297,2010-06-23 13:14:00,2011-11-01 11:51:00,0.0,0.0,1826.89,0.0,39,5,1826.89,3,3,3,333,Champions
16826.0,341.7,1,158,2011-10-19 14:05:00,2011-10-19 14:05:00,0.0,0.0,341.7,0.0,51,1,341.7,3,1,2,312,Potential Loyalists
16827.0,392.13,5,125,2010-04-29 19:07:00,2010-11-11 14:04:00,0.0,0.0,392.13,0.0,393,5,392.13,1,3,2,132,Regular Customers
16828.0,128.5,2,59,2011-08-19 13:24:00,2011-09-07 15:10:00,0.0,0.0,128.5,0.0,93,2,128.5,3,2,1,321,Potential Loyalists
16829.0,513.32,2,215,2010-11-16 18:11:00,2011-07-06 10:48:00,0.0,0.0,513.32,0.0,157,2,513.32,2,2,2,222,Regular Customers
16830.0,1207.5,4,699,2009-12-13 12:11:00,2011-11-01 11:35:00,23.8,1.0,1183.7,1.9710144927536235,39,4,1183.7,3,3,3,333,Champions
16831.0,91.8,1,48,2010-05-24 09:08:00,2010-05-24 09:08:00,0.0,0.0,91.8,0.0,565,1,91.8,1,1,1,111,Lost Customers
16832.0,417.61,5,179,2010-09-07 12:35:00,2011-06-08 15:36:00,0.0,0.0,417.61,0.0,184,5,417.61,2,3,2,232,Regular Customers
16833.0,2409.04,6,878,2010-03-26 15:31:00,2011-12-08 14:39:00,0.0,0.0,2409.04,0.0,1,6,2409.04,4,3,4,434,Champions
16834.0,898.96,2,760,2010-02-03 14:24:00,2011-04-26 09:37:00,0.0,0.0,898.96,0.0,228,2,898.96,2,2,3,223,Regular Customers
16835.0,1456.66,6,496,2010-05-19 08:41:00,2011-08-03 13:50:00,66.9,4.0,1389.76,4.592698364752241,128,6,1389.76,2,3,3,233,At Risk
16836.0,782.37,4,539,2010-05-14 12:52:00,2011-10-31 10:05:00,0.0,0.0,782.37,0.0,40,4,782.37,3,3,2,332,Loyal Customers
16837.0,3170.98,11,1563,2011-04-08 08:48:00,2011-11-08 14:27:00,3.25,1.0,3167.73,0.10249197409002894,31,11,3167.73,3,4,4,344,Champions
16838.0,1159.61,4,509,2010-02-14 15:27:00,2011-05-26 13:13:00,32.95,2.0,1126.6599999999999,2.8414725640517076,197,4,1126.6599999999999,2,3,3,233,At Risk
16839.0,21758.25,44,11295,2010-02-11 15:02:00,2011-12-01 09:03:00,1342.22,7.0,20416.03,6.168786552227316,9,44,20416.03,4,4,4,444,Champions
16840.0,139.85,2,117,2010-02-03 12:42:00,2010-04-15 15:48:00,13.14,1.0,126.71,9.395781194136575,603,2,126.71,1,2,1,121,Lost Customers
16841.0,4006.06,12,3478,2010-01-12 11:32:00,2011-11-03 11:51:00,164.89999999999998,2.0,3841.16,4.116263860251719,37,12,3841.16,3,4,4,344,Champions
16842.0,1264.19,3,693,2011-02-10 14:51:00,2011-08-31 10:42:00,3.75,1.0,1260.44,0.29663262642482535,101,3,1260.44,2,3,3,233,At Risk
16843.0,19571.43,35,18502,2009-12-10 11:40:00,2011-10-28 09:06:00,42.650000000000006,3.0,19528.78,0.21791969212265022,43,35,19528.78,3,4,4,344,Champions
16844.0,614.34,2,281,2010-05-06 09:16:00,2010-05-26 10:29:00,0.0,0.0,614.34,0.0,563,2,614.34,1,2,2,122,Lost Customers
16845.0,253.88,1,167,2010-03-31 13:09:00,2010-03-31 13:09:00,0.0,0.0,253.88,0.0,618,1,253.88,1,1,1,111,Lost Customers
16846.0,842.41,3,517,2010-03-10 12:03:00,2011-10-20 13:55:00,0.0,0.0,842.41,0.0,50,3,842.41,3,3,2,332,Loyal Customers
16847.0,614.89,2,255,2010-03-31 13:32:00,2011-10-27 13:29:00,0.0,0.0,614.89,0.0,43,2,614.89,3,2,2,322,Potential Loyalists
16848.0,1411.62,4,780,2010-10-03 11:01:00,2011-10-18 08:42:00,0.0,0.0,1411.62,0.0,53,4,1411.62,3,3,3,333,Champions
16849.0,124.57,1,33,2011-06-06 09:16:00,2011-06-06 09:16:00,0.0,0.0,124.57,0.0,187,1,124.57,2,1,1,211,Regular Customers
16850.0,332.41,1,249,2011-01-10 11:09:00,2011-01-10 11:09:00,0.0,0.0,332.41,0.0,334,1,332.41,2,1,1,211,Regular Customers
16851.0,342.45,3,271,2011-10-19 09:48:00,2011-12-05 13:32:00,0.0,0.0,342.45,0.0,4,3,342.45,4,3,2,432,Loyal Customers
16852.0,144.91000000000003,2,56,2011-06-16 15:49:00,2011-11-29 13:22:00,0.0,0.0,144.91000000000003,0.0,10,2,144.91000000000003,4,2,1,421,Potential Loyalists
16854.0,1408.96,2,997,2010-03-09 14:32:00,2010-10-18 16:31:00,0.0,0.0,1408.96,0.0,417,2,1408.96,1,2,3,123,Lost Customers
16855.0,328.4,2,164,2011-10-27 16:31:00,2011-11-16 12:03:00,0.0,0.0,328.4,0.0,24,2,328.4,4,2,1,421,Potential Loyalists
16856.0,358.49,3,171,2010-09-23 13:11:00,2011-11-25 08:59:00,0.0,0.0,358.49,0.0,15,3,358.49,4,3,2,432,Loyal Customers
16857.0,352.8,1,168,2010-09-23 10:49:00,2010-09-23 10:49:00,0.0,0.0,352.8,0.0,443,1,352.8,1,1,2,112,Lost Customers
16858.0,4292.59,10,1423,2009-12-15 11:09:00,2010-12-06 09:52:00,206.85000000000002,6.0,4085.7400000000002,4.818769088126283,369,10,4085.7400000000002,2,4,4,244,At Risk
16859.0,1932.41,7,1899,2010-03-04 12:37:00,2011-07-18 12:19:00,274.67,3.0,1657.74,14.2138573077142,145,7,1657.74,2,4,3,243,At Risk
16860.0,1610.62,3,625,2010-02-15 13:46:00,2010-09-13 10:05:00,16.95,1.0,1593.6699999999998,1.0523897629484298,453,3,1593.6699999999998,1,3,3,133,At Risk
16861.0,946.59,5,616,2010-07-19 11:44:00,2011-10-11 09:05:00,22.110000000000003,1.0,924.48,2.3357525433397774,60,5,924.48,3,3,3,333,Champions
16862.0,662.33,4,513,2010-01-07 12:57:00,2010-06-10 13:05:00,0.0,0.0,662.33,0.0,547,4,662.33,1,3,2,132,Regular Customers
16863.0,834.27,3,640,2010-10-26 10:03:00,2011-11-08 15:26:00,21.45,2.0,812.8199999999999,2.5711100722787585,31,3,812.8199999999999,3,3,2,332,Loyal Customers
16864.0,409.25,2,283,2010-04-20 11:56:00,2010-10-01 16:16:00,0.0,0.0,409.25,0.0,434,2,409.25,1,2,2,122,Lost Customers
16865.0,130.95,1,157,2010-11-03 11:34:00,2010-11-03 11:34:00,0.0,0.0,130.95,0.0,402,1,130.95,1,1,1,111,Lost Customers
16866.0,207.73999999999998,3,60,2011-07-01 12:34:00,2011-07-22 10:06:00,0.0,0.0,207.73999999999998,0.0,141,3,207.73999999999998,2,3,1,231,Regular Customers
16867.0,76.74000000000001,1,58,2010-01-19 09:11:00,2010-01-19 09:11:00,0.0,0.0,76.74000000000001,0.0,690,1,76.74000000000001,1,1,1,111,Lost Customers
16868.0,384.56,3,112,2010-04-25 11:31:00,2010-11-10 13:17:00,0.0,0.0,384.56,0.0,394,3,384.56,1,3,2,132,Regular Customers
16869.0,817.12,4,583,2011-06-17 13:01:00,2011-11-17 12:02:00,19.8,1.0,797.32,2.4231447033483455,23,4,797.32,4,3,2,432,Loyal Customers
16870.0,450.15999999999997,1,278,2010-08-27 13:53:00,2010-08-27 13:53:00,0.0,0.0,450.15999999999997,0.0,469,1,450.15999999999997,1,1,2,112,Lost Customers
16871.0,2812.34,6,1253,2011-03-14 10:31:00,2011-11-17 19:27:00,50.849999999999994,1.0,2761.4900000000002,1.8081028609627565,22,6,2761.4900000000002,4,3,4,434,Champions
16872.0,1213.13,6,1079,2010-09-02 17:36:00,2011-09-23 16:05:00,0.0,0.0,1213.13,0.0,77,6,1213.13,3,3,3,333,Champions
16873.0,14617.39,12,8601,2010-02-09 14:17:00,2011-12-05 12:05:00,70.36,5.0,14547.029999999999,0.4813444807862416,5,12,14547.029999999999,4,4,4,444,Champions
16874.0,209.89000000000001,1,78,2010-11-25 13:08:00,2010-11-25 13:08:00,0.0,0.0,209.89000000000001,0.0,379,1,209.89000000000001,2,1,1,211,Regular Customers
16875.0,4234.53,11,2099,2010-01-05 09:16:00,2011-10-03 13:39:00,181.33,9.0,4053.2,4.282175353581154,67,11,4053.2,3,4,4,344,Champions
16876.0,136.01,1,181,2010-11-01 11:59:00,2010-11-01 11:59:00,0.0,0.0,136.01,0.0,404,1,136.01,1,1,1,111,Lost Customers
16877.0,846.62,6,458,2011-05-15 16:13:00,2011-11-27 13:47:00,0.0,0.0,846.62,0.0,12,6,846.62,4,3,2,432,Loyal Customers
16880.0,1813.21,8,904,2010-08-03 13:54:00,2011-11-09 11:33:00,0.0,0.0,1813.21,0.0,31,8,1813.21,3,4,3,343,Champions
16881.0,432.0,1,600,2011-10-04 10:33:00,2011-10-04 10:33:00,0.0,0.0,432.0,0.0,67,1,432.0,3,1,2,312,Potential Loyalists
16882.0,705.12,3,424,2011-01-26 17:43:00,2011-10-04 10:42:00,0.0,0.0,705.12,0.0,67,3,705.12,3,3,2,332,Loyal Customers
16883.0,2246.06,19,1016,2009-12-04 12:07:00,2011-06-05 12:51:00,9.95,1.0,2236.11,0.4429979608737077,187,19,2236.11,2,4,4,244,At Risk
16884.0,1070.97,4,520,2010-05-18 12:00:00,2011-11-02 11:52:00,0.0,0.0,1070.97,0.0,38,4,1070.97,3,3,3,333,Champions
16885.0,684.6,4,358,2010-11-19 12:51:00,2011-11-24 13:40:00,0.0,0.0,684.6,0.0,15,4,684.6,4,3,2,432,Loyal Customers
16887.0,658.17,3,423,2009-12-01 13:41:00,2011-11-04 14:07:00,0.0,0.0,658.17,0.0,35,3,658.17,3,3,2,332,Loyal Customers
16888.0,434.2,3,145,2010-01-07 13:07:00,2010-11-04 12:39:00,0.0,0.0,434.2,0.0,401,3,434.2,1,3,2,132,Regular Customers
16889.0,2526.65,6,1611,2010-05-23 10:46:00,2011-05-29 11:05:00,0.0,0.0,2526.65,0.0,195,6,2526.65,2,3,4,234,At Risk
16890.0,285.41,3,243,2010-05-06 16:27:00,2010-08-20 11:23:00,0.0,0.0,285.41,0.0,477,3,285.41,1,3,1,131,Regular Customers
16891.0,1727.94,11,652,2009-12-04 12:37:00,2011-12-08 11:15:00,0.0,0.0,1727.94,0.0,2,11,1727.94,4,4,3,443,Champions
16892.0,754.75,7,367,2009-12-08 14:20:00,2011-12-08 13:18:00,28.7,2.0,726.05,3.8025836369658825,1,7,726.05,4,4,2,442,Loyal Customers
16893.0,249.89000000000001,2,117,2010-11-28 15:14:00,2010-12-08 12:06:00,0.0,0.0,249.89000000000001,0.0,367,2,249.89000000000001,2,2,1,221,Regular Customers
16894.0,1306.96,3,503,2010-06-22 14:21:00,2010-07-25 15:43:00,41.7,2.0,1265.26,3.1906102711636164,502,3,1265.26,1,3,3,133,At Risk
16895.0,1102.9,5,421,2010-02-12 11:07:00,2011-10-06 12:15:00,0.0,0.0,1102.9,0.0,65,5,1102.9,3,3,3,333,Champions
16896.0,103.95,1,18,2010-06-02 15:40:00,2010-06-02 15:40:00,0.0,0.0,103.95,0.0,555,1,103.95,1,1,1,111,Lost Customers
16897.0,289.78,2,73,2011-01-30 11:52:00,2011-02-13 15:02:00,76.75,1.0,213.02999999999997,26.48560977293119,299,2,213.02999999999997,2,2,1,221,Regular Customers
16898.0,885.21,5,695,2010-05-12 12:18:00,2011-11-13 15:44:00,64.35,1.0,820.86,7.269461483715728,26,5,820.86,3,3,2,332,Loyal Customers
16899.0,1695.77,8,811,2010-11-07 15:00:00,2011-12-02 12:03:00,0.0,0.0,1695.77,0.0,8,8,1695.77,4,4,3,443,Champions
16900.0,887.11,3,833,2011-10-07 13:17:00,2011-11-23 10:32:00,699.42,2.0,187.69000000000005,78.84253362040783,17,3,187.69000000000005,4,3,1,431,Loyal Customers
16901.0,204.26,1,42,2009-12-10 16:30:00,2009-12-10 16:30:00,0.0,0.0,204.26,0.0,729,1,204.26,1,1,1,111,Lost Customers
16902.0,1706.88,1,629,2011-08-15 14:17:00,2011-08-15 14:17:00,0.0,0.0,1706.88,0.0,116,1,1706.88,2,1,3,213,Regular Customers
16903.0,1041.75,3,717,2010-10-20 14:42:00,2011-11-10 15:32:00,32.3,1.0,1009.45,3.100551955843532,29,3,1009.45,3,3,3,333,Champions
16904.0,4675.36,21,2607,2010-10-24 16:03:00,2011-12-05 13:10:00,0.0,0.0,4675.36,0.0,4,21,4675.36,4,4,4,444,Champions
16905.0,4706.77,17,1913,2009-12-10 20:04:00,2011-12-04 14:01:00,29.65,3.0,4677.120000000001,0.6299436768739496,5,17,4677.120000000001,4,4,4,444,Champions
16906.0,1410.92,7,590,2010-05-13 13:23:00,2011-09-19 11:49:00,0.0,0.0,1410.92,0.0,82,7,1410.92,3,4,3,343,Champions
16907.0,1470.89,9,451,2010-07-01 17:30:00,2011-11-10 18:04:00,0.0,0.0,1470.89,0.0,29,9,1470.89,3,4,3,343,Champions
16908.0,252.59,1,61,2009-12-17 13:35:00,2009-12-17 13:35:00,99.0,1.0,153.59,39.19395067104794,722,1,153.59,1,1,1,111,Lost Customers
16909.0,379.14,1,436,2011-09-28 16:45:00,2011-09-28 16:45:00,15.0,1.0,364.14,3.9563222028802025,72,1,364.14,3,1,2,312,Potential Loyalists
16910.0,1508.96,8,884,2011-09-09 14:14:00,2011-12-05 12:51:00,0.0,0.0,1508.96,0.0,4,8,1508.96,4,4,3,443,Champions
16911.0,255.25,2,161,2010-02-16 16:12:00,2010-03-14 12:18:00,3.9,1.0,251.35,1.5279138099902057,636,2,251.35,1,2,1,121,Lost Customers
16912.0,4460.51,15,1689,2009-12-09 12:32:00,2011-11-11 12:18:00,46.709999999999994,3.0,4413.8,1.04718967113626,29,15,4413.8,3,4,4,344,Champions
16913.0,423.90999999999997,3,229,2010-02-26 12:06:00,2011-02-22 12:56:00,0.0,0.0,423.90999999999997,0.0,290,3,423.90999999999997,2,3,2,232,Regular Customers
16914.0,183.76,1,112,2011-11-03 15:27:00,2011-11-03 15:27:00,0.0,0.0,183.76,0.0,36,1,183.76,3,1,1,311,Potential Loyalists
16915.0,1543.18,11,190,2010-05-19 13:32:00,2011-11-30 16:39:00,0.0,0.0,1543.18,0.0,9,11,1543.18,4,4,3,443,Champions
16916.0,902.02,4,649,2010-10-20 12:56:00,2011-11-16 12:08:00,0.0,0.0,902.02,0.0,24,4,902.02,4,3,3,433,Champions
16917.0,1851.88,2,792,2010-03-17 15:24:00,2011-03-08 11:55:00,8.95,1.0,1842.93,0.4832926539516598,277,2,1842.93,2,2,3,223,Regular Customers
16918.0,3206.54,16,2066,2009-12-03 12:27:00,2011-10-21 12:50:00,75.22999999999999,3.0,3131.31,2.346142571120273,50,16,3131.31,3,4,4,344,Champions
16919.0,4909.66,24,2333,2010-08-19 15:28:00,2011-07-06 13:35:00,72.1,4.0,4837.5599999999995,1.4685334626022983,156,24,4837.5599999999995,2,4,4,244,At Risk
16920.0,355.45,1,81,2010-10-24 14:07:00,2010-10-24 14:07:00,0.0,0.0,355.45,0.0,411,1,355.45,1,1,2,112,Lost Customers
16921.0,409.21,3,275,2010-04-18 15:34:00,2011-10-09 16:22:00,0.0,0.0,409.21,0.0,61,3,409.21,3,3,2,332,Loyal Customers
16922.0,611.08,1,281,2010-05-16 11:24:00,2010-05-16 11:24:00,0.0,0.0,611.08,0.0,573,1,611.08,1,1,2,112,Lost Customers
16923.0,13157.130000000001,32,6190,2010-01-31 11:14:00,2011-11-27 13:00:00,584.98,9.0,12572.150000000001,4.4461064077044155,12,32,12572.150000000001,4,4,4,444,Champions
16924.0,829.89,3,467,2011-09-16 12:54:00,2011-11-18 12:53:00,107.25,1.0,722.64,12.923399486678958,21,3,722.64,4,3,2,432,Loyal Customers
16925.0,125.65,1,123,2010-06-17 15:03:00,2010-06-17 15:03:00,0.0,0.0,125.65,0.0,540,1,125.65,1,1,1,111,Lost Customers
16926.0,1169.6100000000001,5,197,2010-07-01 12:57:00,2010-12-03 13:42:00,10.95,1.0,1158.66,0.93620950573268,371,5,1158.66,2,3,3,233,At Risk
16927.0,543.05,3,993,2010-12-13 11:57:00,2011-08-16 11:10:00,0.0,0.0,543.05,0.0,116,3,543.05,2,3,2,232,Regular Customers
16928.0,3897.5299999999997,29,2587,2010-02-03 12:30:00,2011-09-20 15:10:00,119.65,4.0,3777.8799999999997,3.069892983504938,80,29,3777.8799999999997,3,4,4,344,Champions
16929.0,1295.39,7,929,2011-07-07 12:39:00,2011-12-06 08:37:00,0.0,0.0,1295.39,0.0,4,7,1295.39,4,4,3,443,Champions
16930.0,378.89,3,339,2011-10-02 14:25:00,2011-11-13 16:13:00,0.0,0.0,378.89,0.0,26,3,378.89,3,3,2,332,Loyal Customers
16931.0,5032.22,23,3357,2010-11-07 13:24:00,2011-12-04 13:15:00,0.0,0.0,5032.22,0.0,5,23,5032.22,4,4,4,444,Champions
16932.0,412.55,3,217,2010-05-17 14:15:00,2011-10-17 14:12:00,0.0,0.0,412.55,0.0,53,3,412.55,3,3,2,332,Loyal Customers
16933.0,3099.3,9,1533,2009-12-09 15:03:00,2011-12-08 12:54:00,81.65,7.0,3017.65,2.6344658471267706,1,9,3017.65,4,4,4,444,Champions
16934.0,2083.14,6,936,2010-03-28 12:43:00,2011-10-16 12:40:00,20.25,1.0,2062.89,0.9720902099714854,55,6,2062.89,3,3,3,333,Champions
16935.0,530.86,3,273,2010-10-14 13:09:00,2010-11-23 09:16:00,0.0,0.0,530.86,0.0,382,3,530.86,1,3,2,132,Regular Customers
16936.0,548.29,2,339,2010-11-19 11:54:00,2011-11-14 11:04:00,0.0,0.0,548.29,0.0,26,2,548.29,3,2,2,322,Potential Loyalists
16937.0,196.25,1,123,2010-07-28 17:56:00,2010-07-28 17:56:00,0.0,0.0,196.25,0.0,499,1,196.25,1,1,1,111,Lost Customers
16938.0,6995.360000000001,9,5041,2010-02-17 14:47:00,2011-12-01 10:20:00,833.2500000000001,1.0,6162.110000000001,11.91146702957389,9,9,6162.110000000001,4,4,4,444,Champions
16939.0,433.85,3,229,2010-02-28 13:33:00,2010-08-08 12:24:00,0.0,0.0,433.85,0.0,489,3,433.85,1,3,2,132,Regular Customers
16940.0,6427.66,8,4503,2009-12-08 13:08:00,2011-10-18 13:15:00,182.25,3.0,6245.41,2.8354019969942406,52,8,6245.41,3,4,4,344,Champions
16941.0,33.0,1,12,2010-04-07 11:13:00,2010-04-07 11:13:00,0.0,0.0,33.0,0.0,612,1,33.0,1,1,1,111,Lost Customers
16942.0,1904.99,9,805,2011-04-26 11:59:00,2011-11-27 12:40:00,26.479999999999997,1.0,1878.51,1.3900335434831677,13,9,1878.51,4,4,3,443,Champions
16943.0,1299.49,5,147,2010-03-25 13:34:00,2011-05-12 11:57:00,482.76,2.0,816.73,37.14995883000254,212,5,816.73,2,3,2,232,Regular Customers
16944.0,101.36,1,27,2010-04-09 11:03:00,2010-04-09 11:03:00,0.0,0.0,101.36,0.0,610,1,101.36,1,1,1,111,Lost Customers
16945.0,8548.16,33,5889,2009-12-09 11:33:00,2011-11-18 11:39:00,17.5,2.0,8530.66,0.20472241979560515,22,33,8530.66,4,4,4,444,Champions
16946.0,1222.04,5,509,2010-03-02 10:49:00,2010-11-21 14:06:00,22.5,1.0,1199.54,1.8411835946450197,383,5,1199.54,1,3,3,133,At Risk
16947.0,955.21,5,655,2010-03-03 10:54:00,2011-04-18 09:38:00,58.480000000000004,5.0,896.73,6.122213963421657,236,5,896.73,2,3,3,233,At Risk
16948.0,868.77,7,2091,2010-02-21 13:48:00,2011-07-24 12:46:00,0.0,0.0,868.77,0.0,139,7,868.77,2,4,3,243,At Risk
16949.0,1286.27,6,791,2011-01-27 12:11:00,2011-12-06 11:07:00,125.0,1.0,1161.27,9.71802187721085,4,6,1161.27,4,3,3,433,Champions
16950.0,3541.77,10,2432,2010-01-24 11:26:00,2011-10-14 09:06:00,59.17999999999999,2.0,3482.59,1.6709159544521524,57,10,3482.59,3,4,4,344,Champions
16951.0,1277.75,3,1318,2011-02-08 14:58:00,2011-07-28 12:05:00,15.0,1.0,1262.75,1.1739385638818236,135,3,1262.75,2,3,3,233,At Risk
16952.0,795.83,5,343,2009-12-11 13:52:00,2011-08-22 13:03:00,0.0,0.0,795.83,0.0,109,5,795.83,2,3,2,232,Regular Customers
16953.0,20.8,1,10,2011-11-09 15:54:00,2011-11-09 15:54:00,0.0,0.0,20.8,0.0,30,1,20.8,3,1,1,311,Potential Loyalists
16954.0,6081.88,20,4086,2010-01-18 14:49:00,2011-12-09 09:46:00,44.550000000000004,1.0,6037.33,0.7325037652831032,1,20,6037.33,4,4,4,444,Champions
16955.0,1120.31,6,723,2010-01-31 11:38:00,2011-06-08 10:36:00,48.25,3.0,1072.06,4.306843641492087,185,6,1072.06,2,3,3,233,At Risk
16956.0,308.74,1,114,2011-11-22 08:56:00,2011-11-22 08:56:00,16.4,1.0,292.34000000000003,5.311912936451383,18,1,292.34000000000003,4,1,1,411,Potential Loyalists
16957.0,416.64,2,172,2011-03-03 09:25:00,2011-04-14 13:56:00,0.0,0.0,416.64,0.0,239,2,416.64,2,2,2,222,Regular Customers
16958.0,778.49,1,514,2010-09-30 14:25:00,2010-09-30 14:25:00,0.0,0.0,778.49,0.0,435,1,778.49,1,1,2,112,Lost Customers
16959.0,117.35000000000001,1,49,2011-09-13 15:03:00,2011-09-13 15:03:00,0.0,0.0,117.35000000000001,0.0,87,1,117.35000000000001,3,1,1,311,Potential Loyalists
16960.0,1990.88,8,1492,2010-03-02 13:36:00,2011-11-01 11:35:00,21.45,1.0,1969.43,1.077413003295025,39,8,1969.43,3,4,3,343,Champions
16961.0,794.56,3,482,2010-06-25 14:36:00,2011-08-15 13:46:00,21.549999999999997,3.0,773.01,2.7121929118002415,116,3,773.01,2,3,2,232,Regular Customers
16962.0,251.04,1,158,2010-10-26 11:36:00,2010-10-26 11:36:00,0.0,0.0,251.04,0.0,410,1,251.04,1,1,1,111,Lost Customers
16963.0,110.55000000000001,1,35,2011-06-05 13:48:00,2011-06-05 13:48:00,0.0,0.0,110.55000000000001,0.0,187,1,110.55000000000001,2,1,1,211,Regular Customers
16964.0,207.85,2,49,2009-12-06 12:51:00,2009-12-06 12:53:00,0.0,0.0,207.85,0.0,733,2,207.85,1,2,1,121,Lost Customers
16965.0,201.19,1,291,2011-04-27 12:08:00,2011-04-27 12:08:00,0.0,0.0,201.19,0.0,227,1,201.19,2,1,1,211,Regular Customers
16966.0,2154.97,7,1981,2011-04-13 14:17:00,2011-12-01 13:40:00,6.5,3.0,2148.47,0.3016283289326534,8,7,2148.47,4,4,3,443,Champions
16967.0,319.02,1,333,2011-06-03 14:24:00,2011-06-03 14:24:00,0.0,0.0,319.02,0.0,189,1,319.02,2,1,1,211,Regular Customers
16968.0,439.43,2,326,2011-08-24 10:51:00,2011-12-05 15:02:00,0.0,0.0,439.43,0.0,4,2,439.43,4,2,2,422,Potential Loyalists
16969.0,650.41,3,816,2011-06-01 12:10:00,2011-10-31 13:12:00,0.0,0.0,650.41,0.0,39,3,650.41,3,3,2,332,Loyal Customers
16970.0,71.4,1,12,2010-03-23 13:50:00,2010-03-23 13:50:00,0.0,0.0,71.4,0.0,626,1,71.4,1,1,1,111,Lost Customers
16971.0,357.21,1,72,2011-11-01 15:06:00,2011-11-01 15:06:00,125.0,1.0,232.20999999999998,34.99342123680748,38,1,232.20999999999998,3,1,1,311,Potential Loyalists
16972.0,749.0,2,183,2010-09-09 11:20:00,2010-11-22 10:59:00,0.0,0.0,749.0,0.0,383,2,749.0,1,2,2,122,Lost Customers
16973.0,127.0,1,60,2010-11-18 13:56:00,2010-11-18 13:56:00,0.0,0.0,127.0,0.0,386,1,127.0,1,1,1,111,Lost Customers
16974.0,365.5,2,70,2010-05-24 10:43:00,2010-07-05 10:18:00,0.0,0.0,365.5,0.0,523,2,365.5,1,2,2,122,Lost Customers
16975.0,926.12,3,586,2010-07-22 11:38:00,2010-10-12 17:53:00,23.700000000000003,2.0,902.42,2.5590636202651926,423,3,902.42,1,3,3,133,At Risk
16976.0,251.51999999999998,1,88,2011-03-17 16:33:00,2011-03-17 16:33:00,0.0,0.0,251.51999999999998,0.0,267,1,251.51999999999998,2,1,1,211,Regular Customers
16977.0,496.0,4,142,2010-03-18 11:06:00,2010-11-09 13:17:00,0.0,0.0,496.0,0.0,395,4,496.0,1,3,2,132,Regular Customers
16978.0,768.88,3,285,2010-02-11 16:27:00,2011-09-23 12:50:00,0.0,0.0,768.88,0.0,78,3,768.88,3,3,2,332,Loyal Customers
16979.0,2859.74,9,1451,2010-09-15 14:30:00,2011-12-06 12:21:00,72.65,3.0,2787.0899999999997,2.5404407393679147,4,9,2787.0899999999997,4,4,4,444,Champions
16980.0,1422.8300000000002,3,990,2010-10-07 14:05:00,2011-03-29 16:36:00,0.0,0.0,1422.8300000000002,0.0,255,3,1422.8300000000002,2,3,3,233,At Risk
16982.0,384.06,1,182,2011-10-10 12:28:00,2011-10-10 12:28:00,0.0,0.0,384.06,0.0,61,1,384.06,3,1,2,312,Potential Loyalists
16983.0,3490.5299999999997,11,2315,2010-09-19 12:38:00,2011-11-27 12:10:00,11.049999999999999,1.0,3479.4799999999996,0.31657083594754953,13,11,3479.4799999999996,4,4,4,444,Champions
16984.0,10350.53,9,5127,2010-03-07 15:34:00,2011-09-12 13:43:00,155.38,10.0,10195.150000000001,1.501179166670692,88,9,10195.150000000001,3,4,4,344,Champions
16985.0,10923.16,23,3103,2009-12-10 13:34:00,2011-11-22 13:33:00,377.4,3.0,10545.76,3.4550441447346736,17,23,10545.76,4,4,4,444,Champions
16986.0,4888.75,11,2539,2010-02-04 14:46:00,2011-11-10 11:55:00,0.0,0.0,4888.75,0.0,30,11,4888.75,3,4,4,344,Champions
16987.0,2521.4,11,671,2009-12-02 14:34:00,2011-12-06 17:26:00,11.9,1.0,2509.5,0.4719600222098834,3,11,2509.5,4,4,4,444,Champions
16988.0,382.67,2,158,2010-11-25 09:22:00,2011-12-04 16:02:00,0.0,0.0,382.67,0.0,5,2,382.67,4,2,2,422,Potential Loyalists
16989.0,1133.25,6,1233,2011-07-12 09:11:00,2011-12-02 16:39:00,0.0,0.0,1133.25,0.0,7,6,1133.25,4,3,3,433,Champions
16990.0,344.0,2,200,2010-10-13 11:42:00,2011-05-05 08:30:00,0.0,0.0,344.0,0.0,219,2,344.0,2,2,2,222,Regular Customers
16991.0,1041.21,1,793,2010-10-14 14:08:00,2010-10-14 14:08:00,0.0,0.0,1041.21,0.0,421,1,1041.21,1,1,3,113,Lost Customers
16992.0,5476.5,13,2061,2010-02-11 12:36:00,2011-11-29 11:50:00,16.4,2.0,5460.1,0.2994613347941203,11,13,5460.1,4,4,4,444,Champions
16993.0,1950.9499999999998,2,285,2010-05-12 13:55:00,2010-09-02 12:16:00,262.79999999999995,1.0,1688.1499999999999,13.470360593556984,464,2,1688.1499999999999,1,2,3,123,Lost Customers
16996.0,2123.61,9,919,2010-10-18 12:24:00,2011-11-09 16:43:00,79.45,4.0,2044.16,3.7412707606387237,30,9,2044.16,3,4,3,343,Champions
16997.0,702.0,3,360,2011-01-18 11:51:00,2011-02-24 17:28:00,0.0,0.0,702.0,0.0,288,3,702.0,2,3,2,232,Regular Customers
16998.0,402.0,5,104,2010-09-21 14:39:00,2011-07-13 09:44:00,7.98,2.0,394.02,1.9850746268656718,150,5,394.02,2,3,2,232,Regular Customers
16999.0,484.82,2,294,2011-09-26 15:43:00,2011-11-16 13:53:00,0.0,0.0,484.82,0.0,23,2,484.82,4,2,2,422,Potential Loyalists
17000.0,406.3,2,305,2010-10-27 14:16:00,2010-11-08 13:35:00,0.0,0.0,406.3,0.0,396,2,406.3,1,2,2,122,Lost Customers
17001.0,6640.8,19,3782,2010-03-25 12:41:00,2011-12-09 09:38:00,0.0,0.0,6640.8,0.0,1,19,6640.8,4,4,4,444,Champions
17002.0,2571.55,7,1265,2010-03-08 15:46:00,2011-09-15 12:40:00,5.95,1.0,2565.6000000000004,0.23137796270731656,86,7,2565.6000000000004,3,4,4,344,Champions
17003.0,828.21,4,494,2010-05-10 11:20:00,2010-11-02 13:15:00,0.0,0.0,828.21,0.0,402,4,828.21,1,3,2,132,Regular Customers
17004.0,2324.36,4,1233,2010-10-11 15:43:00,2011-10-24 14:25:00,0.0,0.0,2324.36,0.0,46,4,2324.36,3,3,4,334,Champions
17005.0,622.36,2,691,2010-04-30 10:55:00,2010-08-26 10:57:00,9.95,1.0,612.41,1.5987531332347835,471,2,612.41,1,2,2,122,Lost Customers
17006.0,1635.27,8,572,2010-03-05 13:33:00,2011-12-05 12:09:00,0.0,0.0,1635.27,0.0,5,8,1635.27,4,4,3,443,Champions
17007.0,1120.1,7,717,2010-09-28 13:51:00,2011-10-20 10:47:00,12.5,1.0,1107.6,1.1159717882331937,51,7,1107.6,3,4,3,343,Champions
17008.0,81.36,1,24,2010-10-06 15:19:00,2010-10-06 15:19:00,0.0,0.0,81.36,0.0,429,1,81.36,1,1,1,111,Lost Customers
17009.0,242.06,1,336,2010-06-06 16:01:00,2010-06-06 16:01:00,0.0,0.0,242.06,0.0,551,1,242.06,1,1,1,111,Lost Customers
17010.0,195.36,1,118,2011-11-21 14:49:00,2011-11-21 14:49:00,9.9,1.0,185.46,5.0675675675675675,18,1,185.46,4,1,1,411,Potential Loyalists
17011.0,671.7,3,792,2010-02-26 09:47:00,2011-11-09 13:30:00,135.0,1.0,536.7,20.09825815096025,30,3,536.7,3,3,2,332,Loyal Customers
17012.0,360.61,1,251,2009-12-14 17:34:00,2009-12-14 17:34:00,0.0,0.0,360.61,0.0,725,1,360.61,1,1,2,112,Lost Customers
17014.0,583.4300000000001,3,243,2011-10-04 11:36:00,2011-12-01 14:09:00,20.75,1.0,562.6800000000001,3.5565534854224152,8,3,562.6800000000001,4,3,2,432,Loyal Customers
17015.0,1838.6100000000001,3,1978,2011-06-07 13:19:00,2011-11-11 10:45:00,0.0,0.0,1838.6100000000001,0.0,29,3,1838.6100000000001,3,3,3,333,Champions
17016.0,552.4,1,309,2010-05-12 12:32:00,2010-05-12 12:32:00,0.0,0.0,552.4,0.0,577,1,552.4,1,1,2,112,Lost Customers
17017.0,12576.99,29,9397,2009-12-03 13:22:00,2011-12-07 09:32:00,6023.2,12.0,6553.79,47.89063201926693,3,29,6553.79,4,4,4,444,Champions
17018.0,2287.7,6,456,2009-12-05 10:27:00,2011-10-30 11:42:00,0.0,0.0,2287.7,0.0,41,6,2287.7,3,3,4,334,Champions
17019.0,3602.29,11,2396,2009-12-02 11:52:00,2011-11-28 13:06:00,60.7,2.0,3541.59,1.6850392389285707,11,11,3541.59,4,4,4,444,Champions
17020.0,935.62,2,860,2010-03-03 12:27:00,2010-06-15 13:06:00,0.0,0.0,935.62,0.0,542,2,935.62,1,2,3,123,Lost Customers
17021.0,1182.22,6,992,2010-04-29 20:05:00,2010-09-23 20:01:00,0.0,0.0,1182.22,0.0,442,6,1182.22,1,3,3,133,At Risk
17022.0,260.0,2,180,2010-10-03 10:27:00,2011-11-08 17:09:00,0.0,0.0,260.0,0.0,31,2,260.0,3,2,1,321,Potential Loyalists
17023.0,800.18,3,530,2010-01-11 15:09:00,2010-10-18 15:37:00,0.0,0.0,800.18,0.0,417,3,800.18,1,3,2,132,Regular Customers
17024.0,95.85,3,69,2011-07-05 09:31:00,2011-10-25 13:47:00,0.0,0.0,95.85,0.0,45,3,95.85,3,3,1,331,Loyal Customers
17025.0,1349.67,5,885,2010-03-08 13:37:00,2011-10-10 09:06:00,0.0,0.0,1349.67,0.0,61,5,1349.67,3,3,3,333,Champions
17026.0,175.82999999999998,3,107,2010-10-18 15:22:00,2011-06-07 14:28:00,0.0,0.0,175.82999999999998,0.0,185,3,175.82999999999998,2,3,1,231,Regular Customers
17027.0,1310.63,9,645,2009-12-10 12:10:00,2011-09-22 12:24:00,41.7,1.0,1268.93,3.1816759878836893,79,9,1268.93,3,4,3,343,Champions
17028.0,1593.83,3,856,2009-12-18 14:28:00,2010-05-07 15:33:00,0.0,0.0,1593.83,0.0,581,3,1593.83,1,3,3,133,At Risk
17029.0,2137.3,7,1265,2010-02-14 10:19:00,2011-08-21 11:06:00,0.0,0.0,2137.3,0.0,111,7,2137.3,2,4,3,243,At Risk
17030.0,146.87,1,146,2011-10-07 08:49:00,2011-10-07 08:49:00,0.0,0.0,146.87,0.0,64,1,146.87,3,1,1,311,Potential Loyalists
17031.0,2773.85,6,1595,2010-05-07 14:52:00,2011-11-28 10:23:00,0.0,0.0,2773.85,0.0,12,6,2773.85,4,3,4,434,Champions
17032.0,2984.32,8,1667,2009-12-10 15:36:00,2010-06-10 12:16:00,854.54,5.0,2129.78,28.634328758310097,548,8,2129.78,1,4,3,143,At Risk
17033.0,1332.79,4,871,2010-11-07 12:55:00,2011-09-14 14:34:00,0.0,0.0,1332.79,0.0,86,4,1332.79,3,3,3,333,Champions
17034.0,1276.42,5,694,2010-07-14 12:55:00,2011-11-23 15:14:00,44.6,2.0,1231.8200000000002,3.494147694332586,16,5,1231.8200000000002,4,3,3,433,Champions
17035.0,613.59,4,327,2009-12-03 10:37:00,2011-04-08 11:23:00,45.2,1.0,568.39,7.366482504604052,246,4,568.39,2,3,2,232,Regular Customers
17036.0,176.9,1,76,2010-11-21 14:26:00,2010-11-21 14:26:00,0.0,0.0,176.9,0.0,383,1,176.9,1,1,1,111,Lost Customers
17037.0,1267.32,1,656,2011-09-13 12:49:00,2011-09-13 12:49:00,14.100000000000001,1.0,1253.22,1.1125840356026893,88,1,1253.22,3,1,3,313,Potential Loyalists
17038.0,743.17,2,535,2010-10-20 16:04:00,2011-11-09 13:50:00,0.0,0.0,743.17,0.0,30,2,743.17,3,2,2,322,Potential Loyalists
17039.0,1954.99,1,689,2010-04-14 12:56:00,2010-04-14 12:56:00,0.0,0.0,1954.99,0.0,604,1,1954.99,1,1,3,113,Lost Customers
17040.0,463.25,2,189,2010-06-07 15:08:00,2011-07-25 10:19:00,0.0,0.0,463.25,0.0,138,2,463.25,2,2,2,222,Regular Customers
17041.0,1655.2,6,1303,2010-04-18 14:25:00,2011-11-13 11:21:00,15.8,1.0,1639.4,0.9545674238762687,27,6,1639.4,3,3,3,333,Champions
17042.0,1036.58,5,990,2011-04-06 14:53:00,2011-12-07 12:26:00,0.0,0.0,1036.58,0.0,3,5,1036.58,4,3,3,433,Champions
17043.0,2593.65,8,1616,2009-12-09 15:20:00,2011-11-07 15:33:00,0.0,0.0,2593.65,0.0,32,8,2593.65,3,4,4,344,Champions
17044.0,11962.3,12,5722,2009-12-07 12:25:00,2011-11-14 14:28:00,94.7,4.0,11867.599999999999,0.7916537789555521,25,12,11867.599999999999,4,4,4,444,Champions
17045.0,827.6800000000001,5,294,2010-10-06 14:52:00,2011-08-18 17:09:00,0.0,0.0,827.6800000000001,0.0,113,5,827.6800000000001,2,3,2,232,Regular Customers
17046.0,1906.07,5,1636,2010-03-29 13:46:00,2011-07-05 14:24:00,0.0,0.0,1906.07,0.0,157,5,1906.07,2,3,3,233,At Risk
17047.0,2289.23,6,1184,2009-12-08 08:48:00,2011-09-15 13:27:00,0.0,0.0,2289.23,0.0,85,6,2289.23,3,3,4,334,Champions
17048.0,2071.68,7,1068,2010-01-18 13:55:00,2011-08-14 11:49:00,80.23,4.0,1991.4499999999998,3.8727023478529508,118,7,1991.4499999999998,2,4,3,243,At Risk
17049.0,9942.53,19,4273,2010-03-04 10:23:00,2011-12-07 10:48:00,353.7,6.0,9588.83,3.557444634313399,3,19,9588.83,4,4,4,444,Champions
17050.0,4648.59,11,2432,2010-01-26 14:54:00,2011-09-04 13:48:00,300.13,1.0,4348.46,6.456366339040439,96,11,4348.46,2,4,4,244,At Risk
17051.0,706.49,4,507,2010-03-21 14:55:00,2011-05-29 14:13:00,0.0,0.0,706.49,0.0,194,4,706.49,2,3,2,232,Regular Customers
17052.0,399.09,1,251,2011-11-11 14:50:00,2011-11-11 14:50:00,0.0,0.0,399.09,0.0,28,1,399.09,3,1,2,312,Potential Loyalists
17053.0,498.48,1,122,2011-08-01 10:23:00,2011-08-01 10:23:00,2.1,1.0,496.38,0.4212806933076553,131,1,496.38,2,1,2,212,Regular Customers
17054.0,1356.33,5,804,2011-04-08 13:14:00,2011-11-11 12:56:00,2.5,1.0,1353.83,0.18432092484867252,28,5,1353.83,3,3,3,333,Champions
17055.0,232.85,1,83,2010-09-20 12:21:00,2010-09-20 12:21:00,0.0,0.0,232.85,0.0,446,1,232.85,1,1,1,111,Lost Customers
17056.0,128.60000000000002,1,26,2009-12-01 12:55:00,2009-12-01 12:55:00,0.0,0.0,128.60000000000002,0.0,738,1,128.60000000000002,1,1,1,111,Lost Customers
17057.0,294.74,1,129,2010-04-22 19:21:00,2010-04-22 19:21:00,0.0,0.0,294.74,0.0,596,1,294.74,1,1,1,111,Lost Customers
17058.0,1179.89,3,592,2011-04-14 09:18:00,2011-09-19 10:13:00,0.0,0.0,1179.89,0.0,82,3,1179.89,3,3,3,333,Champions
17059.0,4864.57,9,3107,2010-01-26 14:43:00,2011-11-10 12:27:00,17.700000000000003,1.0,4846.87,0.36385538701262404,30,9,4846.87,3,4,4,344,Champions
17060.0,234.24,1,216,2011-03-18 13:27:00,2011-03-18 13:27:00,0.0,0.0,234.24,0.0,266,1,234.24,2,1,1,211,Regular Customers
17061.0,5232.2300000000005,11,1526,2011-04-21 13:29:00,2011-09-27 11:24:00,116.10000000000001,1.0,5116.13,2.2189391521397184,74,11,5116.13,3,4,4,344,Champions
17062.0,889.75,6,644,2010-09-26 11:57:00,2011-01-30 11:01:00,3.9,1.0,885.85,0.43832537229558866,314,6,885.85,2,3,3,233,At Risk
17063.0,3638.53,13,1899,2009-12-01 12:36:00,2011-11-18 16:19:00,61.65,10.0,3576.88,1.6943655817046994,21,13,3576.88,4,4,4,444,Champions
17064.0,855.45,3,316,2011-01-16 16:10:00,2011-10-12 10:18:00,0.0,0.0,855.45,0.0,59,3,855.45,3,3,3,333,Champions
17065.0,194.7,2,82,2010-03-12 11:40:00,2010-03-12 11:41:00,112.35,1.0,82.35,57.704160246533135,638,2,82.35,1,2,1,121,Lost Customers
17066.0,228.34,1,93,2009-12-13 13:24:00,2009-12-13 13:24:00,0.0,0.0,228.34,0.0,726,1,228.34,1,1,1,111,Lost Customers
17067.0,454.54,3,322,2009-12-08 12:03:00,2009-12-15 08:39:00,0.0,0.0,454.54,0.0,725,3,454.54,1,3,2,132,Regular Customers
17068.0,8987.68,47,4351,2010-03-28 14:26:00,2011-11-27 13:14:00,34.65,2.0,8953.03,0.38552774464600426,12,47,8953.03,4,4,4,444,Champions
17069.0,5517.2300000000005,14,3230,2009-12-03 12:27:00,2011-11-11 17:13:00,75.88,7.0,5441.35,1.3753278366136628,28,14,5441.35,3,4,4,344,Champions
17070.0,437.42,2,232,2010-10-25 15:57:00,2011-08-17 17:01:00,0.0,0.0,437.42,0.0,114,2,437.42,2,2,2,222,Regular Customers
17071.0,3793.71,13,1934,2010-01-24 13:05:00,2011-11-11 16:31:00,62.75,7.0,3730.96,1.654053683597323,28,13,3730.96,3,4,4,344,Champions
17072.0,273.35,1,212,2010-03-24 16:33:00,2010-03-24 16:33:00,0.0,0.0,273.35,0.0,625,1,273.35,1,1,1,111,Lost Customers
17073.0,1446.09,4,759,2011-08-22 14:37:00,2011-11-22 11:47:00,0.0,0.0,1446.09,0.0,18,4,1446.09,4,3,3,433,Champions
17074.0,203.05,1,19,2010-05-26 12:04:00,2010-05-26 12:04:00,0.0,0.0,203.05,0.0,563,1,203.05,1,1,1,111,Lost Customers
17075.0,2236.63,10,785,2009-12-14 11:24:00,2011-11-22 11:58:00,20.35,1.0,2216.28,0.9098509811636256,18,10,2216.28,4,4,4,444,Champions
17076.0,1242.75,6,514,2009-12-04 12:12:00,2011-11-03 17:53:00,0.0,0.0,1242.75,0.0,36,6,1242.75,3,3,3,333,Champions
17077.0,306.0,1,36,2010-05-10 16:36:00,2010-05-10 16:36:00,0.0,0.0,306.0,0.0,578,1,306.0,1,1,1,111,Lost Customers
17078.0,378.2,2,788,2011-11-03 18:49:00,2011-11-03 19:17:00,0.0,0.0,378.2,0.0,36,2,378.2,3,2,2,322,Potential Loyalists
17079.0,118.80000000000001,1,24,2011-09-22 15:34:00,2011-09-22 15:34:00,0.0,0.0,118.80000000000001,0.0,78,1,118.80000000000001,3,1,1,311,Potential Loyalists
17080.0,957.53,7,569,2010-07-01 16:03:00,2011-11-17 12:59:00,2.12,1.0,955.41,0.2214029847628795,22,7,955.41,4,4,3,443,Champions
17081.0,949.39,6,381,2010-02-22 13:19:00,2011-11-14 12:56:00,0.0,0.0,949.39,0.0,25,6,949.39,4,3,3,433,Champions
17082.0,4732.03,6,2526,2009-12-15 11:25:00,2011-11-06 15:17:00,0.0,0.0,4732.03,0.0,33,6,4732.03,3,3,4,334,Champions
17083.0,4049.79,9,1955,2010-02-09 11:46:00,2011-08-22 15:43:00,14.71,2.0,4035.08,0.36322871062450157,109,9,4035.08,2,4,4,244,At Risk
17084.0,5001.21,3,3178,2010-11-08 14:20:00,2011-11-04 14:54:00,3.25,1.0,4997.96,0.06498427380573901,35,3,4997.96,3,3,4,334,Champions
17085.0,7847.67,28,3583,2009-12-06 12:16:00,2011-08-08 14:15:00,134.0,4.0,7713.67,1.7075131854423033,123,28,7713.67,2,4,4,244,At Risk
17086.0,2050.08,6,1859,2011-10-07 11:22:00,2011-12-02 13:54:00,0.0,0.0,2050.08,0.0,7,6,2050.08,4,3,3,433,Champions
17087.0,221.53,1,113,2009-12-02 10:41:00,2009-12-02 10:41:00,0.0,0.0,221.53,0.0,738,1,221.53,1,1,1,111,Lost Customers
17088.0,1991.01,4,868,2011-03-31 09:48:00,2011-11-11 14:23:00,0.0,0.0,1991.01,0.0,28,4,1991.01,3,3,3,333,Champions
17089.0,128.45,1,35,2010-11-18 15:33:00,2010-11-18 15:33:00,0.0,0.0,128.45,0.0,386,1,128.45,1,1,1,111,Lost Customers
17090.0,3080.1800000000003,13,1344,2010-07-19 16:02:00,2011-12-05 13:44:00,93.53999999999999,2.0,2986.6400000000003,3.036835509613074,4,13,2986.6400000000003,4,4,4,444,Champions
17091.0,7495.75,19,3732,2009-12-16 15:45:00,2011-12-07 10:43:00,33.6,4.0,7462.15,0.4482540106060101,3,19,7462.15,4,4,4,444,Champions
17092.0,5511.41,11,3768,2010-02-02 16:42:00,2011-10-20 19:51:00,31.650000000000002,3.0,5479.76,0.5742632103218596,50,11,5479.76,3,4,4,344,Champions
17093.0,235.88,1,114,2010-04-26 10:22:00,2010-04-26 10:22:00,0.0,0.0,235.88,0.0,593,1,235.88,1,1,1,111,Lost Customers
17094.0,402.20000000000005,2,212,2010-10-12 10:48:00,2011-01-21 13:09:00,31.8,1.0,370.40000000000003,7.906514172053704,322,2,370.40000000000003,2,2,2,222,Regular Customers
17095.0,2572.25,7,1695,2009-12-15 12:32:00,2011-11-17 12:21:00,259.66,5.0,2312.59,10.094664204490233,23,7,2312.59,4,4,4,444,Champions
17096.0,3697.93,11,1559,2010-06-02 14:48:00,2011-11-24 15:01:00,68.35,6.0,3629.58,1.84833136376297,15,11,3629.58,4,4,4,444,Champions
17097.0,1143.36,9,582,2010-10-05 14:09:00,2011-12-07 17:05:00,16.5,1.0,1126.86,1.4431150293870698,2,9,1126.86,4,4,3,443,Champions
17098.0,591.0699999999999,3,125,2010-06-17 10:30:00,2010-11-23 12:13:00,0.0,0.0,591.0699999999999,0.0,382,3,591.0699999999999,1,3,2,132,Regular Customers
17099.0,582.17,1,317,2010-06-24 16:25:00,2010-06-24 16:25:00,0.0,0.0,582.17,0.0,533,1,582.17,1,1,2,112,Lost Customers
17100.0,971.74,2,800,2011-11-21 16:36:00,2011-11-21 16:36:00,0.0,0.0,971.74,0.0,18,2,971.74,4,2,3,423,Potential Loyalists
17101.0,2507.05,7,1175,2010-06-07 15:12:00,2011-11-29 13:57:00,0.0,0.0,2507.05,0.0,10,7,2507.05,4,4,4,444,Champions
17102.0,25.5,1,2,2011-03-23 10:08:00,2011-03-23 10:08:00,0.0,0.0,25.5,0.0,262,1,25.5,2,1,1,211,Regular Customers
17103.0,424.3,1,471,2009-12-17 14:08:00,2009-12-17 14:08:00,0.0,0.0,424.3,0.0,722,1,424.3,1,1,2,112,Lost Customers
17104.0,474.03,1,149,2010-10-12 12:21:00,2010-10-12 12:21:00,0.0,0.0,474.03,0.0,424,1,474.03,1,1,2,112,Lost Customers
17105.0,665.78,2,693,2011-02-06 14:46:00,2011-07-03 15:53:00,0.0,0.0,665.78,0.0,159,2,665.78,2,2,2,222,Regular Customers
17106.0,481.58,1,153,2010-11-15 14:11:00,2010-11-15 14:11:00,0.0,0.0,481.58,0.0,389,1,481.58,1,1,2,112,Lost Customers
17107.0,16052.72,10,7530,2010-01-31 15:47:00,2011-11-06 14:14:00,457.35,3.0,15595.369999999999,2.8490498806432805,33,10,15595.369999999999,3,4,4,344,Champions
17108.0,174.95,1,31,2010-02-14 12:22:00,2010-02-14 12:22:00,0.0,0.0,174.95,0.0,664,1,174.95,1,1,1,111,Lost Customers
17109.0,1291.71,8,788,2010-07-30 12:42:00,2011-11-10 16:59:00,15.360000000000001,2.0,1276.3500000000001,1.1891213972176418,29,8,1276.3500000000001,3,4,3,343,Champions
17110.0,499.9,3,136,2010-04-08 13:32:00,2011-06-27 12:58:00,0.0,0.0,499.9,0.0,165,3,499.9,2,3,2,232,Regular Customers
17111.0,459.58,2,581,2010-10-10 15:21:00,2011-10-23 15:59:00,0.0,0.0,459.58,0.0,47,2,459.58,3,2,2,322,Potential Loyalists
17112.0,197.57,1,130,2010-07-25 11:14:00,2010-07-25 11:14:00,0.0,0.0,197.57,0.0,503,1,197.57,1,1,1,111,Lost Customers
17113.0,2305.59,6,913,2010-01-11 10:14:00,2010-05-14 13:59:00,213.43,2.0,2092.1600000000003,9.257066520933904,574,6,2092.1600000000003,1,3,3,133,At Risk
17114.0,801.12,8,215,2011-01-09 11:39:00,2011-12-04 12:17:00,61.4,2.0,739.72,7.664270021969243,6,8,739.72,4,4,2,442,Loyal Customers
17115.0,2761.4900000000002,7,885,2009-12-05 12:13:00,2011-12-01 14:30:00,145.2,6.0,2616.2900000000004,5.258030990515989,8,7,2616.2900000000004,4,4,4,444,Champions
17116.0,389.78,1,392,2010-03-01 16:29:00,2010-03-01 16:29:00,0.0,0.0,389.78,0.0,648,1,389.78,1,1,2,112,Lost Customers
17117.0,116.19999999999999,1,68,2011-02-24 13:54:00,2011-02-24 13:54:00,0.0,0.0,116.19999999999999,0.0,288,1,116.19999999999999,2,1,1,211,Regular Customers
17118.0,157.02,1,154,2011-01-26 12:19:00,2011-01-26 12:19:00,0.0,0.0,157.02,0.0,318,1,157.02,2,1,1,211,Regular Customers
17119.0,606.91,2,334,2011-10-11 11:03:00,2011-12-06 14:40:00,13.3,1.0,593.61,2.1914287126592087,3,2,593.61,4,2,2,422,Potential Loyalists
17120.0,307.46,1,120,2011-04-20 15:21:00,2011-04-20 15:21:00,0.0,0.0,307.46,0.0,233,1,307.46,2,1,1,211,Regular Customers
17121.0,314.74,1,106,2010-11-02 11:47:00,2010-11-02 11:47:00,0.0,0.0,314.74,0.0,403,1,314.74,1,1,1,111,Lost Customers
17122.0,570.5,4,368,2010-07-28 09:34:00,2011-08-12 14:33:00,0.0,0.0,570.5,0.0,119,4,570.5,2,3,2,232,Regular Customers
17123.0,977.17,3,676,2010-05-16 11:52:00,2011-07-01 10:47:00,0.0,0.0,977.17,0.0,162,3,977.17,2,3,3,233,At Risk
17124.0,294.24,1,129,2011-06-07 14:02:00,2011-06-07 14:02:00,0.0,0.0,294.24,0.0,185,1,294.24,2,1,1,211,Regular Customers
17125.0,230.5,1,281,2011-10-20 14:41:00,2011-10-20 14:41:00,0.0,0.0,230.5,0.0,50,1,230.5,3,1,1,311,Potential Loyalists
17126.0,2016.43,9,1426,2010-08-31 13:41:00,2011-07-10 13:52:00,12.899999999999999,2.0,2003.53,0.639744498941198,152,9,2003.53,2,4,3,243,At Risk
17127.0,1155.0300000000002,5,340,2009-12-04 15:18:00,2010-10-07 09:54:00,0.0,0.0,1155.0300000000002,0.0,429,5,1155.0300000000002,1,3,3,133,At Risk
17128.0,157.09,1,76,2011-01-09 12:02:00,2011-01-09 12:02:00,0.0,0.0,157.09,0.0,335,1,157.09,2,1,1,211,Regular Customers
17129.0,31.85,1,5,2010-07-07 13:46:00,2010-07-07 13:46:00,0.0,0.0,31.85,0.0,520,1,31.85,1,1,1,111,Lost Customers
17131.0,2463.17,5,983,2011-09-25 12:42:00,2011-12-04 12:52:00,0.0,0.0,2463.17,0.0,5,5,2463.17,4,3,4,434,Champions
17132.0,1220.9099999999999,2,963,2010-08-08 13:49:00,2010-09-13 16:31:00,0.0,0.0,1220.9099999999999,0.0,452,2,1220.9099999999999,1,2,3,123,Lost Customers
17133.0,14622.33,12,10107,2010-03-21 12:31:00,2011-11-24 12:27:00,1650.24,1.0,12972.09,11.285752681002275,16,12,12972.09,4,4,4,444,Champions
17134.0,625.3,3,144,2010-09-23 18:32:00,2011-08-25 09:53:00,0.0,0.0,625.3,0.0,107,3,625.3,2,3,2,232,Regular Customers
17135.0,1722.18,10,1686,2010-05-09 16:03:00,2011-11-23 16:48:00,10.92,1.0,1711.26,0.6340800613176323,16,10,1711.26,4,4,3,443,Champions
17136.0,231.68,1,256,2010-02-15 13:13:00,2010-02-15 13:13:00,0.0,0.0,231.68,0.0,662,1,231.68,1,1,1,111,Lost Customers
17137.0,1099.81,6,680,2010-01-31 12:27:00,2010-10-19 14:51:00,0.0,0.0,1099.81,0.0,416,6,1099.81,1,3,3,133,At Risk
17138.0,4417.27,7,2024,2010-02-04 14:19:00,2011-03-09 11:54:00,0.0,0.0,4417.27,0.0,276,7,4417.27,2,4,4,244,At Risk
17139.0,19566.76,25,9853,2010-01-11 11:31:00,2011-11-24 10:12:00,92.85,4.0,19473.91,0.4745292526713672,16,25,19473.91,4,4,4,444,Champions
17140.0,454.12,1,296,2011-04-06 13:33:00,2011-04-06 13:33:00,0.0,0.0,454.12,0.0,247,1,454.12,2,1,2,212,Regular Customers
17141.0,727.58,4,423,2010-01-24 14:19:00,2010-10-17 14:54:00,0.0,0.0,727.58,0.0,418,4,727.58,1,3,2,132,Regular Customers
17142.0,1275.25,4,322,2010-01-24 15:23:00,2011-04-14 18:22:00,0.0,0.0,1275.25,0.0,239,4,1275.25,2,3,3,233,At Risk
17143.0,880.97,2,314,2010-07-12 13:26:00,2010-10-18 15:27:00,0.0,0.0,880.97,0.0,417,2,880.97,1,2,3,123,Lost Customers
17144.0,984.57,2,483,2011-09-16 12:50:00,2011-12-08 17:57:00,0.0,0.0,984.57,0.0,1,2,984.57,4,2,3,423,Potential Loyalists
17145.0,3120.91,4,2591,2010-02-19 12:07:00,2010-07-15 09:02:00,106.27,3.0,3014.64,3.4050965904175383,513,4,3014.64,1,3,4,134,At Risk
17146.0,5852.64,13,2188,2010-02-02 09:39:00,2011-08-26 12:44:00,64.25,3.0,5788.39,1.0977951830285135,106,13,5788.39,2,4,4,244,At Risk
17147.0,3199.95,9,1308,2010-01-11 09:38:00,2011-11-17 12:32:00,130.8,7.0,3069.1499999999996,4.087563868185441,23,9,3069.1499999999996,4,4,4,444,Champions
17148.0,124.88,1,82,2011-10-19 09:59:00,2011-10-19 09:59:00,0.0,0.0,124.88,0.0,52,1,124.88,3,1,1,311,Potential Loyalists
17149.0,143.10000000000002,1,18,2010-09-14 14:56:00,2010-09-14 14:56:00,0.0,0.0,143.10000000000002,0.0,451,1,143.10000000000002,1,1,1,111,Lost Customers
17150.0,1357.95,6,397,2009-12-06 10:51:00,2010-11-28 11:27:00,0.0,0.0,1357.95,0.0,377,6,1357.95,2,3,3,233,At Risk
17151.0,231.90000000000003,1,42,2009-12-04 14:56:00,2009-12-04 14:56:00,0.0,0.0,231.90000000000003,0.0,735,1,231.90000000000003,1,1,1,111,Lost Customers
17152.0,2016.5,4,577,2010-10-10 12:40:00,2011-05-29 12:19:00,186.0,1.0,1830.5,9.223902801884453,195,4,1830.5,2,3,3,233,At Risk
17153.0,213.78,1,104,2011-11-15 13:42:00,2011-11-15 13:42:00,0.0,0.0,213.78,0.0,24,1,213.78,4,1,1,411,Potential Loyalists
17154.0,329.34,1,490,2011-09-25 13:42:00,2011-09-25 13:42:00,0.0,0.0,329.34,0.0,75,1,329.34,3,1,1,311,Potential Loyalists
17155.0,892.46,7,987,2009-12-03 11:34:00,2011-11-22 12:38:00,0.0,0.0,892.46,0.0,18,7,892.46,4,4,3,443,Champions
17156.0,591.87,1,391,2010-08-05 11:30:00,2010-08-05 11:30:00,19.8,1.0,572.07,3.345329210806427,492,1,572.07,1,1,2,112,Lost Customers
17157.0,5151.9,19,2092,2009-12-04 13:00:00,2011-12-02 09:10:00,12.450000000000001,1.0,5139.45,0.2416584172829442,8,19,5139.45,4,4,4,444,Champions
17158.0,1980.0,5,1147,2010-03-07 15:50:00,2011-11-07 15:15:00,17.7,1.0,1962.3,0.8939393939393939,32,5,1962.3,3,3,3,333,Champions
17159.0,2099.59,5,1348,2010-03-04 14:53:00,2011-11-18 10:52:00,4.15,1.0,2095.44,0.19765763791978436,22,5,2095.44,4,3,3,433,Champions
17160.0,10209.16,17,8390,2009-12-04 10:57:00,2011-11-08 14:05:00,7.800000000000001,1.0,10201.36,0.07640197626445272,31,17,10201.36,3,4,4,344,Champions
17161.0,856.01,1,537,2010-09-21 16:44:00,2010-09-21 16:44:00,0.0,0.0,856.01,0.0,444,1,856.01,1,1,3,113,Lost Customers
17162.0,1715.46,10,1001,2011-02-07 12:27:00,2011-11-11 11:34:00,8.25,1.0,1707.21,0.48092056940995415,29,10,1707.21,3,4,3,343,Champions
17163.0,699.78,4,531,2010-02-02 10:39:00,2011-11-18 08:57:00,0.0,0.0,699.78,0.0,22,4,699.78,4,3,2,432,Loyal Customers
17164.0,2467.35,7,1501,2011-03-11 14:26:00,2011-11-07 09:14:00,0.95,1.0,2466.4,0.03850284718422599,33,7,2466.4,3,4,4,344,Champions
17165.0,1794.32,6,788,2009-12-11 09:18:00,2011-02-28 16:39:00,10.690000000000001,2.0,1783.6299999999999,0.5957688706585226,284,6,1783.6299999999999,2,3,3,233,At Risk
17166.0,206.34,2,78,2011-05-20 08:18:00,2011-11-01 09:46:00,16.85,1.0,189.49,8.166133565959097,39,2,189.49,3,2,1,321,Potential Loyalists
17167.0,867.11,3,429,2010-09-20 14:02:00,2010-11-25 10:05:00,0.0,0.0,867.11,0.0,380,3,867.11,1,3,3,133,At Risk
17168.0,400.2,1,220,2010-07-29 12:33:00,2010-07-29 12:33:00,0.0,0.0,400.2,0.0,499,1,400.2,1,1,2,112,Lost Customers
17169.0,1156.73,3,671,2010-05-10 13:00:00,2011-10-13 10:25:00,26.849999999999998,3.0,1129.88,2.3211985510879805,58,3,1129.88,3,3,3,333,Champions
17170.0,178.68,2,152,2010-11-15 16:23:00,2010-11-30 15:55:00,59.699999999999996,1.0,118.98000000000002,33.411685695097376,374,2,118.98000000000002,2,2,1,221,Regular Customers
17171.0,384.59,2,225,2010-02-16 12:02:00,2011-02-23 16:37:00,0.0,0.0,384.59,0.0,289,2,384.59,2,2,2,222,Regular Customers
17172.0,956.5699999999999,3,1215,2009-12-13 11:46:00,2011-09-22 09:36:00,45.58,3.0,910.9899999999999,4.7649414052290995,79,3,910.9899999999999,3,3,3,333,Champions
17173.0,3766.6,8,1122,2011-07-31 15:26:00,2011-12-04 14:40:00,10.95,1.0,3755.65,0.29071310996654803,5,8,3755.65,4,4,4,444,Champions
17174.0,59.9,1,41,2011-05-06 11:47:00,2011-05-06 11:47:00,0.0,0.0,59.9,0.0,218,1,59.9,2,1,1,211,Regular Customers
17175.0,1443.69,4,866,2011-02-16 14:56:00,2011-10-26 15:31:00,12.75,1.0,1430.94,0.8831535856035575,44,4,1430.94,3,3,3,333,Champions
17176.0,902.3199999999999,3,576,2010-01-31 15:49:00,2011-05-22 12:41:00,0.0,0.0,902.3199999999999,0.0,202,3,902.3199999999999,2,3,3,233,At Risk
17177.0,119.5,1,40,2010-07-22 14:53:00,2010-07-22 14:53:00,0.0,0.0,119.5,0.0,505,1,119.5,1,1,1,111,Lost Customers
17178.0,432.96,1,100,2009-12-08 16:20:00,2009-12-08 16:20:00,0.0,0.0,432.96,0.0,731,1,432.96,1,1,2,112,Lost Customers
17179.0,1507.26,6,625,2010-05-26 11:22:00,2011-06-14 16:48:00,0.0,0.0,1507.26,0.0,178,6,1507.26,2,3,3,233,At Risk
17180.0,2236.77,11,1809,2010-01-21 17:43:00,2011-10-14 15:46:00,20.65,3.0,2216.12,0.9232062304126037,56,11,2216.12,3,4,4,344,Champions
17181.0,309.85,3,268,2010-04-23 11:21:00,2011-10-13 14:48:00,0.0,0.0,309.85,0.0,57,3,309.85,3,3,1,331,Loyal Customers
17182.0,321.3,2,54,2009-12-21 15:22:00,2010-10-13 10:09:00,0.0,0.0,321.3,0.0,423,2,321.3,1,2,1,121,Lost Customers
17183.0,3347.31,6,1296,2011-08-26 15:25:00,2011-12-02 10:07:00,60.4,2.0,3286.91,1.8044340082036023,8,6,3286.91,4,3,4,434,Champions
17184.0,198.41000000000003,2,73,2009-12-09 14:17:00,2010-05-19 14:24:00,0.0,0.0,198.41000000000003,0.0,569,2,198.41000000000003,1,2,1,121,Lost Customers
17185.0,229.46,3,119,2010-04-20 13:49:00,2010-04-27 12:15:00,0.0,0.0,229.46,0.0,592,3,229.46,1,3,1,131,Regular Customers
17186.0,144.0,2,200,2011-10-10 12:52:00,2011-10-24 10:20:00,0.0,0.0,144.0,0.0,47,2,144.0,3,2,1,321,Potential Loyalists
17187.0,467.71,2,426,2010-07-01 14:38:00,2011-04-27 12:39:00,0.0,0.0,467.71,0.0,227,2,467.71,2,2,2,222,Regular Customers
17188.0,4592.93,13,2569,2009-12-08 19:16:00,2011-11-28 13:53:00,231.10000000000002,4.0,4361.83,5.031646465328233,11,13,4361.83,4,4,4,444,Champions
17189.0,953.63,5,601,2009-12-02 11:45:00,2011-08-25 19:39:00,0.0,0.0,953.63,0.0,106,5,953.63,2,3,3,233,At Risk
17190.0,1726.57,7,2218,2010-03-05 13:21:00,2011-10-12 11:33:00,195.0,1.0,1531.57,11.294068586851388,59,7,1531.57,3,4,3,343,Champions
17191.0,4310.34,15,2208,2009-12-01 16:34:00,2011-11-11 16:58:00,25.5,1.0,4284.84,0.591600662592742,28,15,4284.84,3,4,4,344,Champions
17192.0,75.28,1,45,2010-06-21 16:07:00,2010-06-21 16:07:00,0.0,0.0,75.28,0.0,536,1,75.28,1,1,1,111,Lost Customers
17193.0,2310.04,9,1668,2009-12-02 10:02:00,2011-11-04 12:47:00,55.44,3.0,2254.6,2.3999584422780558,36,9,2254.6,3,4,4,344,Champions
17194.0,812.5,3,420,2010-06-27 13:16:00,2011-03-11 12:05:00,0.0,0.0,812.5,0.0,274,3,812.5,2,3,2,232,Regular Customers
17195.0,562.98,1,486,2010-02-22 13:05:00,2010-02-22 13:05:00,0.0,0.0,562.98,0.0,655,1,562.98,1,1,2,112,Lost Customers
17196.0,327.75,1,154,2010-10-08 11:31:00,2010-10-08 11:31:00,0.0,0.0,327.75,0.0,428,1,327.75,1,1,1,111,Lost Customers
17197.0,1013.01,1,191,2011-11-10 10:32:00,2011-11-10 10:32:00,0.0,0.0,1013.01,0.0,30,1,1013.01,3,1,3,313,Potential Loyalists
17198.0,692.22,3,357,2010-12-03 14:54:00,2011-11-16 10:39:00,0.0,0.0,692.22,0.0,24,3,692.22,4,3,2,432,Loyal Customers
17199.0,135.04000000000002,1,232,2010-05-06 13:53:00,2010-05-06 13:53:00,0.0,0.0,135.04000000000002,0.0,582,1,135.04000000000002,1,1,1,111,Lost Customers
17200.0,356.71,4,367,2010-02-25 13:23:00,2010-11-17 13:04:00,0.0,0.0,356.71,0.0,387,4,356.71,1,3,2,132,Regular Customers
17201.0,1143.1,4,1004,2010-02-10 12:26:00,2011-10-17 11:55:00,15.600000000000001,1.0,1127.5,1.364709999125186,54,4,1127.5,3,3,3,333,Champions
17202.0,160.65,1,55,2010-10-15 11:25:00,2010-10-15 11:25:00,0.0,0.0,160.65,0.0,421,1,160.65,1,1,1,111,Lost Customers
17203.0,5564.09,10,4597,2010-11-16 12:52:00,2011-11-04 12:27:00,0.0,0.0,5564.09,0.0,36,10,5564.09,3,4,4,344,Champions
17204.0,5504.6900000000005,9,2651,2010-06-10 11:37:00,2011-06-17 14:46:00,241.0,6.0,5263.6900000000005,4.378084869447689,175,9,5263.6900000000005,2,4,4,244,At Risk
17205.0,999.35,3,2214,2010-05-24 15:36:00,2011-10-17 12:46:00,0.0,0.0,999.35,0.0,54,3,999.35,3,3,3,333,Champions
17206.0,204.24,1,76,2011-10-17 13:25:00,2011-10-17 13:25:00,0.0,0.0,204.24,0.0,53,1,204.24,3,1,1,311,Potential Loyalists
17207.0,292.62,1,233,2010-02-25 19:08:00,2010-02-25 19:08:00,0.0,0.0,292.62,0.0,652,1,292.62,1,1,1,111,Lost Customers
17208.0,111.15,1,101,2010-11-09 12:50:00,2010-11-09 12:50:00,0.0,0.0,111.15,0.0,396,1,111.15,1,1,1,111,Lost Customers
17209.0,595.7,3,723,2009-12-03 11:10:00,2010-02-28 16:01:00,0.0,0.0,595.7,0.0,649,3,595.7,1,3,2,132,Regular Customers
17210.0,251.72,1,242,2010-11-12 12:15:00,2010-11-12 12:15:00,0.0,0.0,251.72,0.0,393,1,251.72,1,1,1,111,Lost Customers
17211.0,3773.35,13,2141,2009-12-13 13:17:00,2011-11-13 12:03:00,44.55,2.0,3728.7999999999997,1.1806484953688368,27,13,3728.7999999999997,3,4,4,344,Champions
17212.0,794.41,3,727,2010-08-10 09:22:00,2011-03-31 19:42:00,0.0,0.0,794.41,0.0,253,3,794.41,2,3,2,232,Regular Customers
17213.0,4869.400000000001,13,2087,2009-12-15 10:28:00,2011-10-30 14:53:00,103.37,7.0,4766.030000000001,2.1228488109418,40,13,4766.030000000001,3,4,4,344,Champions
17214.0,1059.1200000000001,6,272,2010-12-15 15:14:00,2011-10-10 13:17:00,85.0,1.0,974.1200000000001,8.0255306292016,60,6,974.1200000000001,3,3,3,333,Champions
17215.0,186.15,1,104,2010-09-01 13:39:00,2010-09-01 13:39:00,0.0,0.0,186.15,0.0,464,1,186.15,1,1,1,111,Lost Customers
17216.0,63.6,1,21,2010-06-03 13:03:00,2010-06-03 13:03:00,0.0,0.0,63.6,0.0,554,1,63.6,1,1,1,111,Lost Customers
17217.0,210.1,2,93,2010-03-30 13:35:00,2011-04-19 17:19:00,0.0,0.0,210.1,0.0,234,2,210.1,2,2,1,221,Regular Customers
17218.0,3891.39,18,2066,2010-01-25 16:12:00,2011-12-05 13:52:00,0.0,0.0,3891.39,0.0,4,18,3891.39,4,4,4,444,Champions
17219.0,259.13,2,188,2010-10-19 11:29:00,2011-11-08 11:25:00,0.0,0.0,259.13,0.0,32,2,259.13,3,2,1,321,Potential Loyalists
17220.0,4457.31,21,2663,2010-01-20 11:57:00,2011-11-15 13:47:00,0.0,0.0,4457.31,0.0,24,21,4457.31,4,4,4,444,Champions
17221.0,976.62,5,713,2010-04-11 15:34:00,2011-12-02 13:35:00,0.0,0.0,976.62,0.0,7,5,976.62,4,3,3,433,Champions
17222.0,1579.51,6,857,2010-01-10 15:24:00,2011-10-05 13:58:00,0.0,0.0,1579.51,0.0,65,6,1579.51,3,3,3,333,Champions
17223.0,558.04,3,155,2010-11-29 17:19:00,2011-02-02 15:57:00,0.0,0.0,558.04,0.0,310,3,558.04,2,3,2,232,Regular Customers
17224.0,100.86,1,65,2010-07-26 13:30:00,2010-07-26 13:30:00,0.0,0.0,100.86,0.0,501,1,100.86,1,1,1,111,Lost Customers
17225.0,131.15,1,36,2010-05-07 11:38:00,2010-05-07 11:38:00,0.0,0.0,131.15,0.0,582,1,131.15,1,1,1,111,Lost Customers
17226.0,895.47,3,853,2010-02-12 14:31:00,2011-02-04 11:52:00,0.0,0.0,895.47,0.0,309,3,895.47,2,3,3,233,At Risk
17227.0,1878.93,12,1681,2010-01-15 15:05:00,2011-11-21 10:51:00,0.0,0.0,1878.93,0.0,19,12,1878.93,4,4,3,443,Champions
17228.0,2820.03,13,2354,2010-03-12 11:54:00,2011-11-24 10:24:00,0.0,0.0,2820.03,0.0,16,13,2820.03,4,4,4,444,Champions
17229.0,318.76,2,185,2011-07-20 12:38:00,2011-09-04 13:56:00,0.0,0.0,318.76,0.0,96,2,318.76,2,2,1,221,Regular Customers
17230.0,9388.49,18,3753,2009-12-08 13:41:00,2011-03-20 16:12:00,229.04000000000002,5.0,9159.449999999999,2.439582936127109,264,18,9159.449999999999,2,4,4,244,At Risk
17231.0,7064.8,25,3681,2009-12-07 16:38:00,2011-11-27 15:18:00,105.97,10.0,6958.83,1.499971690635262,12,25,6958.83,4,4,4,444,Champions
17232.0,417.77,2,202,2011-11-25 12:24:00,2011-12-07 12:21:00,0.0,0.0,417.77,0.0,3,2,417.77,4,2,2,422,Potential Loyalists
17233.0,560.86,3,298,2009-12-15 12:03:00,2011-11-04 14:06:00,0.0,0.0,560.86,0.0,35,3,560.86,3,3,2,332,Loyal Customers
17234.0,149.89000000000001,1,55,2011-06-10 11:20:00,2011-06-10 11:20:00,0.0,0.0,149.89000000000001,0.0,183,1,149.89000000000001,2,1,1,211,Regular Customers
17235.0,1562.98,8,845,2010-06-04 17:01:00,2011-11-14 15:51:00,0.0,0.0,1562.98,0.0,25,8,1562.98,4,4,3,443,Champions
17236.0,1929.26,12,804,2010-03-07 13:00:00,2011-11-27 12:00:00,0.0,0.0,1929.26,0.0,13,12,1929.26,4,4,3,443,Champions
17237.0,994.13,4,414,2010-11-23 11:45:00,2011-11-28 15:02:00,0.0,0.0,994.13,0.0,11,4,994.13,4,3,3,433,Champions
17238.0,7331.67,32,3555,2009-12-01 10:59:00,2011-12-07 11:35:00,0.0,0.0,7331.67,0.0,3,32,7331.67,4,4,4,444,Champions
17239.0,1189.45,4,515,2010-07-01 10:53:00,2011-01-31 09:41:00,15.3,2.0,1174.15,1.2863087981840347,313,4,1174.15,2,3,3,233,At Risk
17240.0,130.6,1,108,2010-04-22 15:44:00,2010-04-22 15:44:00,0.0,0.0,130.6,0.0,596,1,130.6,1,1,1,111,Lost Customers
17241.0,2736.64,12,859,2010-02-15 14:47:00,2010-11-19 13:01:00,0.0,0.0,2736.64,0.0,385,12,2736.64,1,4,4,144,At Risk
17242.0,2889.28,5,1459,2010-01-24 10:27:00,2011-08-23 14:55:00,0.0,0.0,2889.28,0.0,108,5,2889.28,2,3,4,234,At Risk
17243.0,20203.58,69,7932,2009-12-01 15:36:00,2011-12-08 13:26:00,180.65,11.0,20022.93,0.8941484627971874,1,69,20022.93,4,4,4,444,Champions
17244.0,1826.04,5,1419,2009-12-06 11:27:00,2011-10-17 15:19:00,0.0,0.0,1826.04,0.0,53,5,1826.04,3,3,3,333,Champions
17245.0,371.63,2,307,2010-01-19 15:39:00,2011-05-19 10:43:00,0.0,0.0,371.63,0.0,205,2,371.63,2,2,2,222,Regular Customers
17246.0,38.92,2,36,2009-12-01 17:45:00,2010-06-11 12:36:00,0.0,0.0,38.92,0.0,547,2,38.92,1,2,1,121,Lost Customers
17247.0,280.09000000000003,1,105,2011-11-24 15:21:00,2011-11-24 15:21:00,0.0,0.0,280.09000000000003,0.0,15,1,280.09000000000003,4,1,1,411,Potential Loyalists
17248.0,500.54,2,276,2010-08-15 11:55:00,2011-08-11 13:34:00,0.0,0.0,500.54,0.0,120,2,500.54,2,2,2,222,Regular Customers
17249.0,68.03,1,79,2010-10-07 11:33:00,2010-10-07 11:33:00,0.0,0.0,68.03,0.0,429,1,68.03,1,1,1,111,Lost Customers
17250.0,381.97,2,167,2011-03-23 16:45:00,2011-12-06 12:15:00,0.0,0.0,381.97,0.0,4,2,381.97,4,2,2,422,Potential Loyalists
17251.0,798.98,3,377,2009-12-15 10:36:00,2010-12-12 11:06:00,8.7,1.0,790.28,1.0888883326240957,363,3,790.28,2,3,2,232,Regular Customers
17252.0,348.91,2,192,2011-06-06 16:41:00,2011-08-15 09:45:00,0.0,0.0,348.91,0.0,117,2,348.91,2,2,2,222,Regular Customers
17253.0,178.26,1,43,2011-11-21 12:59:00,2011-11-21 12:59:00,0.0,0.0,178.26,0.0,18,1,178.26,4,1,1,411,Potential Loyalists
17254.0,469.48,3,397,2010-11-03 14:00:00,2011-12-05 12:46:00,0.0,0.0,469.48,0.0,5,3,469.48,4,3,2,432,Loyal Customers
17255.0,781.7,4,583,2010-09-19 15:53:00,2011-10-30 12:18:00,0.0,0.0,781.7,0.0,41,4,781.7,3,3,2,332,Loyal Customers
17256.0,498.93,5,299,2010-04-18 13:40:00,2011-08-24 13:30:00,0.0,0.0,498.93,0.0,107,5,498.93,2,3,2,232,Regular Customers
17257.0,189.78,2,187,2010-09-29 12:49:00,2010-09-29 12:51:00,0.0,0.0,189.78,0.0,436,2,189.78,1,2,1,121,Lost Customers
17258.0,417.3,2,188,2010-02-12 15:51:00,2010-11-08 12:37:00,0.0,0.0,417.3,0.0,397,2,417.3,1,2,2,122,Lost Customers
17259.0,1452.39,6,844,2010-02-22 13:38:00,2011-07-14 15:01:00,0.0,0.0,1452.39,0.0,148,6,1452.39,2,3,3,233,At Risk
17260.0,120.95,1,23,2010-10-24 13:21:00,2010-10-24 13:21:00,0.0,0.0,120.95,0.0,411,1,120.95,1,1,1,111,Lost Customers
17261.0,221.59,1,95,2010-07-18 11:49:00,2010-07-18 11:49:00,0.0,0.0,221.59,0.0,510,1,221.59,1,1,1,111,Lost Customers
17262.0,2488.76,11,635,2009-12-15 11:26:00,2011-10-18 12:56:00,0.0,0.0,2488.76,0.0,52,11,2488.76,3,4,4,344,Champions
17263.0,63.440000000000005,1,36,2011-05-15 14:32:00,2011-05-15 14:32:00,0.0,0.0,63.440000000000005,0.0,208,1,63.440000000000005,2,1,1,211,Regular Customers
17264.0,268.28,1,217,2010-10-11 12:52:00,2010-10-11 12:52:00,0.0,0.0,268.28,0.0,424,1,268.28,1,1,1,111,Lost Customers
17265.0,550.01,2,389,2011-06-12 12:00:00,2011-07-24 10:49:00,0.0,0.0,550.01,0.0,139,2,550.01,2,2,2,222,Regular Customers
17266.0,501.71999999999997,5,243,2010-03-09 10:42:00,2011-12-07 14:12:00,0.0,0.0,501.71999999999997,0.0,2,5,501.71999999999997,4,3,2,432,Loyal Customers
17267.0,317.2,2,158,2011-08-04 17:19:00,2011-08-04 17:22:00,0.0,0.0,317.2,0.0,127,2,317.2,2,2,1,221,Regular Customers
17268.0,1733.8899999999999,11,1395,2009-12-08 11:46:00,2011-08-24 10:06:00,0.0,0.0,1733.8899999999999,0.0,108,11,1733.8899999999999,2,4,3,243,At Risk
17269.0,491.81,1,314,2010-11-19 11:12:00,2010-11-19 11:12:00,0.0,0.0,491.81,0.0,386,1,491.81,1,1,2,112,Lost Customers
17270.0,601.4499999999999,2,420,2009-12-07 17:18:00,2010-08-27 14:09:00,0.0,0.0,601.4499999999999,0.0,469,2,601.4499999999999,1,2,2,122,Lost Customers
17271.0,204.3,1,113,2009-12-03 13:49:00,2009-12-03 13:49:00,0.0,0.0,204.3,0.0,736,1,204.3,1,1,1,111,Lost Customers
17272.0,2148.63,4,1778,2011-03-22 12:05:00,2011-10-28 16:37:00,4.1,1.0,2144.53,0.1908192662301094,42,4,2144.53,3,3,3,333,Champions
17273.0,141.12,1,133,2010-10-11 15:57:00,2010-10-11 15:57:00,0.0,0.0,141.12,0.0,424,1,141.12,1,1,1,111,Lost Customers
17274.0,573.22,2,271,2010-11-09 12:06:00,2011-11-04 13:16:00,0.0,0.0,573.22,0.0,35,2,573.22,3,2,2,322,Potential Loyalists
17275.0,114.1,1,71,2010-11-21 13:26:00,2010-11-21 13:26:00,0.0,0.0,114.1,0.0,383,1,114.1,1,1,1,111,Lost Customers
17276.0,502.49,1,187,2010-11-02 16:20:00,2010-11-02 16:20:00,57.05,1.0,445.44,11.353459770343688,402,1,445.44,1,1,2,112,Lost Customers
17277.0,1065.3500000000001,2,430,2011-01-21 12:37:00,2011-04-26 12:47:00,0.0,0.0,1065.3500000000001,0.0,228,2,1065.3500000000001,2,2,3,223,Regular Customers
17278.0,271.24,2,195,2010-05-23 13:49:00,2011-04-12 13:10:00,0.0,0.0,271.24,0.0,241,2,271.24,2,2,1,221,Regular Customers
17279.0,187.82999999999998,1,48,2011-10-13 11:58:00,2011-10-13 11:58:00,0.0,0.0,187.82999999999998,0.0,58,1,187.82999999999998,3,1,1,311,Potential Loyalists
17280.0,118.85999999999999,1,74,2010-09-27 16:46:00,2010-09-27 16:46:00,0.0,0.0,118.85999999999999,0.0,438,1,118.85999999999999,1,1,1,111,Lost Customers
17281.0,797.8499999999999,6,295,2010-02-04 13:00:00,2010-11-30 18:05:00,0.0,0.0,797.8499999999999,0.0,374,6,797.8499999999999,2,3,2,232,Regular Customers
17282.0,2308.54,5,2332,2010-06-09 12:07:00,2011-08-01 14:29:00,0.0,0.0,2308.54,0.0,130,5,2308.54,2,3,4,234,At Risk
17283.0,188.46,1,179,2010-11-26 11:53:00,2010-11-26 11:53:00,0.0,0.0,188.46,0.0,379,1,188.46,2,1,1,211,Regular Customers
17284.0,2788.06,8,2069,2010-09-20 16:18:00,2011-10-10 14:38:00,464.94,3.0,2323.12,16.676111704913094,60,8,2323.12,3,4,4,344,Champions
17285.0,407.94,2,134,2010-02-14 14:10:00,2010-03-21 13:38:00,0.0,0.0,407.94,0.0,628,2,407.94,1,2,2,122,Lost Customers
17286.0,389.18,3,368,2010-11-04 13:43:00,2011-11-18 12:47:00,0.0,0.0,389.18,0.0,22,3,389.18,4,3,2,432,Loyal Customers
17287.0,3826.86,21,1955,2009-12-03 12:45:00,2011-11-13 13:27:00,16.25,2.0,3810.61,0.42463011450641,26,21,3810.61,3,4,4,344,Champions
17288.0,2468.43,11,1699,2010-11-10 14:44:00,2011-11-30 16:09:00,0.0,0.0,2468.43,0.0,9,11,2468.43,4,4,4,444,Champions
17289.0,2041.8,9,1237,2010-03-08 12:52:00,2011-11-08 12:01:00,9.5,2.0,2032.3,0.46527573709472037,32,9,2032.3,3,4,3,343,Champions
17290.0,1487.96,8,1139,2009-12-13 13:28:00,2011-12-06 12:38:00,0.0,0.0,1487.96,0.0,4,8,1487.96,4,4,3,443,Champions
17291.0,550.8000000000001,1,72,2011-02-04 13:04:00,2011-02-04 13:04:00,0.0,0.0,550.8000000000001,0.0,308,1,550.8000000000001,2,1,2,212,Regular Customers
17292.0,271.75,2,131,2010-05-09 14:52:00,2010-08-24 17:14:00,0.0,0.0,271.75,0.0,472,2,271.75,1,2,1,121,Lost Customers
17293.0,3750.63,17,2228,2009-12-03 15:09:00,2011-12-01 14:37:00,0.0,0.0,3750.63,0.0,8,17,3750.63,4,4,4,444,Champions
17294.0,467.78999999999996,2,297,2010-02-08 14:21:00,2010-02-08 16:12:00,0.0,0.0,467.78999999999996,0.0,669,2,467.78999999999996,1,2,2,122,Lost Customers
17295.0,547.0,3,293,2011-10-06 12:22:00,2011-11-11 10:49:00,0.0,0.0,547.0,0.0,29,3,547.0,3,3,2,332,Loyal Customers
17296.0,338.13,1,216,2009-12-09 14:01:00,2009-12-09 14:01:00,0.0,0.0,338.13,0.0,730,1,338.13,1,1,2,112,Lost Customers
17297.0,128.18,1,65,2011-11-22 14:43:00,2011-11-22 14:43:00,0.0,0.0,128.18,0.0,17,1,128.18,4,1,1,411,Potential Loyalists
17298.0,954.26,5,852,2010-03-08 08:56:00,2011-08-30 16:43:00,5.04,1.0,949.22,0.5281579443757466,101,5,949.22,2,3,3,233,At Risk
17299.0,993.23,6,919,2010-08-15 16:00:00,2011-11-28 12:01:00,0.0,0.0,993.23,0.0,12,6,993.23,4,3,3,433,Champions
17300.0,393.64,2,467,2010-08-15 11:02:00,2010-11-14 10:56:00,0.0,0.0,393.64,0.0,391,2,393.64,1,2,2,122,Lost Customers
17301.0,294.39,2,216,2010-03-25 13:16:00,2011-11-18 13:43:00,0.0,0.0,294.39,0.0,21,2,294.39,4,2,1,421,Potential Loyalists
17302.0,1135.63,5,575,2011-02-07 10:14:00,2011-11-25 09:36:00,15.7,1.0,1119.93,1.3824925371820045,15,5,1119.93,4,3,3,433,Champions
17303.0,250.04,1,144,2010-12-13 13:32:00,2010-12-13 13:32:00,0.0,0.0,250.04,0.0,361,1,250.04,2,1,1,211,Regular Customers
17304.0,111.5,1,73,2010-06-23 16:23:00,2010-06-23 16:23:00,0.0,0.0,111.5,0.0,534,1,111.5,1,1,1,111,Lost Customers
17305.0,2135.46,1,1006,2010-03-01 12:47:00,2010-03-01 12:47:00,0.0,0.0,2135.46,0.0,649,1,2135.46,1,1,3,113,Lost Customers
17306.0,9782.35,21,13747,2010-11-01 11:38:00,2011-11-29 12:14:00,30.580000000000002,2.0,9751.77,0.31260382218996463,11,21,9751.77,4,4,4,444,Champions
17307.0,3999.8900000000003,11,3667,2010-01-19 16:38:00,2010-11-09 13:40:00,621.58,4.0,3378.3100000000004,15.53992734800207,395,11,3378.3100000000004,1,4,4,144,At Risk
17308.0,4511.76,2,5148,2010-09-13 09:35:00,2010-11-11 13:19:00,0.0,0.0,4511.76,0.0,393,2,4511.76,1,2,4,124,Lost Customers
17309.0,320.39,3,181,2010-02-04 15:49:00,2011-09-05 15:20:00,0.0,0.0,320.39,0.0,95,3,320.39,3,3,1,331,Loyal Customers
17310.0,1025.1,2,402,2010-06-23 11:38:00,2010-11-17 16:00:00,0.0,0.0,1025.1,0.0,387,2,1025.1,1,2,3,123,Lost Customers
17311.0,3566.56,6,2755,2010-02-03 12:38:00,2011-09-22 14:11:00,75.9,1.0,3490.66,2.1281010273204433,78,6,3490.66,3,3,4,334,Champions
17312.0,644.3,3,372,2011-07-03 13:12:00,2011-07-24 11:52:00,0.0,0.0,644.3,0.0,139,3,644.3,2,3,2,232,Regular Customers
17313.0,2328.84,1,1402,2011-11-08 15:45:00,2011-11-08 15:45:00,40.71,1.0,2288.13,1.7480805894780234,31,1,2288.13,3,1,4,314,Potential Loyalists
17314.0,4904.43,17,3663,2009-12-03 11:25:00,2011-11-15 09:41:00,389.73,5.0,4514.700000000001,7.9464891944629645,25,17,4514.700000000001,4,4,4,444,Champions
17315.0,9599.58,43,5088,2010-09-27 12:45:00,2011-12-08 12:15:00,92.05000000000001,6.0,9507.53,0.9588961183718455,2,43,9507.53,4,4,4,444,Champions
17316.0,124.45,1,44,2010-10-15 14:35:00,2010-10-15 14:35:00,0.0,0.0,124.45,0.0,420,1,124.45,1,1,1,111,Lost Customers
17317.0,2600.34,3,1146,2011-09-11 12:45:00,2011-10-24 17:19:00,76.32000000000001,2.0,2524.02,2.9350008075867002,46,3,2524.02,3,3,4,334,Champions
17318.0,157.32999999999998,1,59,2009-12-14 13:11:00,2009-12-14 13:11:00,0.0,0.0,157.32999999999998,0.0,725,1,157.32999999999998,1,1,1,111,Lost Customers
17319.0,29.1,1,14,2010-02-08 15:47:00,2010-02-08 15:47:00,0.0,0.0,29.1,0.0,669,1,29.1,1,1,1,111,Lost Customers
17320.0,2444.85,6,1182,2010-01-21 16:29:00,2011-08-31 13:31:00,0.0,0.0,2444.85,0.0,100,6,2444.85,2,3,4,234,At Risk
17321.0,1665.21,6,790,2010-05-11 12:10:00,2011-12-01 13:41:00,0.0,0.0,1665.21,0.0,8,6,1665.21,4,3,3,433,Champions
17322.0,922.59,5,631,2009-12-03 11:46:00,2010-11-28 14:41:00,21.950000000000003,2.0,900.64,2.379171679727723,376,5,900.64,2,3,3,233,At Risk
17323.0,1551.04,12,1426,2010-01-10 11:58:00,2011-11-24 17:29:00,12.08,2.0,1538.96,0.7788322673818857,15,12,1538.96,4,4,3,443,Champions
17324.0,2171.07,12,1485,2009-12-18 15:29:00,2011-11-22 10:34:00,153.0,1.0,2018.0700000000002,7.047216349541931,18,12,2018.0700000000002,4,4,3,443,Champions
17325.0,609.5699999999999,3,465,2010-03-08 11:31:00,2011-03-04 13:09:00,0.0,0.0,609.5699999999999,0.0,280,3,609.5699999999999,2,3,2,232,Regular Customers
17326.0,312.35,2,136,2010-06-28 14:05:00,2010-10-27 15:38:00,0.0,0.0,312.35,0.0,408,2,312.35,1,2,1,121,Lost Customers
17327.0,152.35,2,59,2010-05-26 11:20:00,2010-10-26 09:54:00,0.0,0.0,152.35,0.0,410,2,152.35,1,2,1,121,Lost Customers
17328.0,104.7,1,86,2010-02-04 17:11:00,2010-02-04 17:11:00,0.0,0.0,104.7,0.0,673,1,104.7,1,1,1,111,Lost Customers
17329.0,998.53,5,430,2009-12-03 16:09:00,2011-11-25 14:24:00,0.0,0.0,998.53,0.0,14,5,998.53,4,3,3,433,Champions
17330.0,423.8,4,122,2010-03-02 09:20:00,2011-11-17 08:56:00,0.0,0.0,423.8,0.0,23,4,423.8,4,3,2,432,Loyal Customers
17331.0,175.2,1,16,2011-08-08 11:55:00,2011-08-08 11:55:00,0.0,0.0,175.2,0.0,124,1,175.2,2,1,1,211,Regular Customers
17332.0,838.27,5,794,2010-02-21 14:41:00,2010-06-29 16:10:00,0.0,0.0,838.27,0.0,528,5,838.27,1,3,2,132,Regular Customers
17333.0,494.25,1,375,2011-09-15 10:11:00,2011-09-15 10:11:00,0.0,0.0,494.25,0.0,86,1,494.25,3,1,2,312,Potential Loyalists
17334.0,635.15,3,566,2010-10-29 12:16:00,2011-02-10 14:59:00,0.42,1.0,634.73,0.06612611194206093,302,3,634.73,2,3,2,232,Regular Customers
17335.0,497.04,2,210,2010-01-24 11:15:00,2010-11-21 10:17:00,0.0,0.0,497.04,0.0,384,2,497.04,1,2,2,122,Lost Customers
17336.0,81.12,1,48,2010-08-24 15:37:00,2010-08-24 15:37:00,0.0,0.0,81.12,0.0,472,1,81.12,1,1,1,111,Lost Customers
17337.0,1981.06,4,1247,2011-02-02 17:06:00,2011-07-11 14:55:00,83.55000000000001,3.0,1897.51,4.2174391487385545,151,4,1897.51,2,3,3,233,At Risk
17338.0,11889.33,17,5780,2010-03-10 16:09:00,2011-11-22 14:23:00,106.0,3.0,11783.33,0.8915557058303538,17,17,11783.33,4,4,4,444,Champions
17339.0,302.36,3,172,2010-07-18 13:08:00,2011-09-06 13:29:00,59.0,1.0,243.36,19.51316311681439,94,3,243.36,3,3,1,331,Loyal Customers
17340.0,19617.95,18,9497,2010-02-14 14:54:00,2011-11-10 10:45:00,726.06,12.0,18891.89,3.700998320415741,30,18,18891.89,3,4,4,344,Champions
17341.0,1272.21,5,831,2010-06-17 18:17:00,2011-07-06 12:33:00,0.0,0.0,1272.21,0.0,157,5,1272.21,2,3,3,233,At Risk
17342.0,1227.54,4,521,2010-02-08 09:16:00,2010-11-25 11:07:00,71.7,3.0,1155.84,5.840950193069065,380,4,1155.84,1,3,3,133,At Risk
17343.0,1259.94,6,454,2009-12-03 18:30:00,2010-12-19 15:07:00,0.0,0.0,1259.94,0.0,355,6,1259.94,2,3,3,233,At Risk
17344.0,457.36,2,200,2009-12-11 12:31:00,2011-10-24 12:56:00,13.5,1.0,443.86,2.9517229316074864,46,2,443.86,3,2,2,322,Potential Loyalists
17345.0,1586.6299999999999,10,2008,2009-12-01 16:17:00,2011-11-24 15:03:00,120.3,2.0,1466.33,7.582107989890523,15,10,1466.33,4,4,3,443,Champions
17346.0,4998.61,26,3439,2010-04-18 12:18:00,2011-12-06 12:18:00,64.98,1.0,4933.63,1.299961389266216,4,26,4933.63,4,4,4,444,Champions
17347.0,228.96,1,216,2011-09-14 13:12:00,2011-09-14 13:12:00,0.0,0.0,228.96,0.0,86,1,228.96,3,1,1,311,Potential Loyalists
17348.0,2442.29,9,2766,2010-03-10 12:13:00,2011-11-25 11:25:00,0.0,0.0,2442.29,0.0,15,9,2442.29,4,4,4,444,Champions
17349.0,772.41,5,772,2010-03-18 14:26:00,2011-06-13 14:29:00,0.0,0.0,772.41,0.0,179,5,772.41,2,3,2,232,Regular Customers
17350.0,1893.701,7,1178,2010-02-01 15:38:00,2011-12-01 15:47:00,29.88,1.0,1863.821,1.5778626087222851,8,7,1863.821,4,4,3,443,Champions
17351.0,1988.23,12,383,2009-12-10 18:43:00,2011-11-03 18:45:00,0.0,0.0,1988.23,0.0,36,12,1988.23,3,4,3,343,Champions
17352.0,36.25,1,15,2010-01-12 16:13:00,2010-01-12 16:13:00,0.0,0.0,36.25,0.0,696,1,36.25,1,1,1,111,Lost Customers
17353.0,3242.0,4,2168,2010-03-25 12:52:00,2011-08-02 17:19:00,86.45,3.0,3155.55,2.6665638494756325,129,4,3155.55,2,3,4,234,At Risk
17354.0,3133.96,4,2531,2010-10-07 13:22:00,2011-10-20 10:34:00,0.0,0.0,3133.96,0.0,51,4,3133.96,3,3,4,334,Champions
17355.0,273.31,1,249,2010-11-18 13:18:00,2010-11-18 13:18:00,0.0,0.0,273.31,0.0,386,1,273.31,1,1,1,111,Lost Customers
17356.0,946.47,5,925,2010-01-20 12:14:00,2011-02-01 11:07:00,0.0,0.0,946.47,0.0,312,5,946.47,2,3,3,233,At Risk
17357.0,384.39,2,152,2011-11-15 16:29:00,2011-11-15 16:30:00,0.0,0.0,384.39,0.0,24,2,384.39,4,2,2,422,Potential Loyalists
17358.0,861.01,5,430,2010-02-24 16:42:00,2011-02-09 16:57:00,0.0,0.0,861.01,0.0,303,5,861.01,2,3,3,233,At Risk
17359.0,284.46,2,237,2010-03-01 14:48:00,2011-11-28 14:37:00,0.0,0.0,284.46,0.0,11,2,284.46,4,2,1,421,Potential Loyalists
17360.0,1200.51,6,624,2010-10-01 12:07:00,2011-11-22 13:11:00,29.95,1.0,1170.56,2.4947730547850497,17,6,1170.56,4,3,3,433,Champions
17361.0,871.79,5,380,2010-02-01 14:30:00,2011-10-21 15:43:00,0.0,0.0,871.79,0.0,49,5,871.79,3,3,3,333,Champions
17362.0,1024.04,7,549,2010-01-06 10:53:00,2011-04-14 14:43:00,13.5,1.0,1010.54,1.3183078785984923,239,7,1010.54,2,4,3,243,At Risk
17363.0,920.46,3,499,2010-11-02 17:25:00,2010-11-09 17:11:00,0.0,0.0,920.46,0.0,395,3,920.46,1,3,3,133,At Risk
17364.0,11972.92,28,7464,2009-12-07 15:28:00,2011-12-09 09:00:00,385.87,3.0,11587.05,3.2228562455942242,1,28,11587.05,4,4,4,444,Champions
17365.0,8184.49,15,8015,2010-02-01 11:56:00,2011-11-27 12:13:00,19.15,1.0,8165.34,0.23397914836477285,13,15,8165.34,4,4,4,444,Champions
17366.0,1077.24,2,504,2010-09-09 19:46:00,2010-10-03 16:04:00,1.65,1.0,1075.59,0.1531692102038543,432,2,1075.59,1,2,3,123,Lost Customers
17367.0,167.55,1,149,2011-04-15 14:21:00,2011-04-15 14:21:00,0.0,0.0,167.55,0.0,238,1,167.55,2,1,1,211,Regular Customers
17368.0,2758.29,14,2319,2009-12-15 17:45:00,2011-11-16 15:26:00,612.9,2.0,2145.39,22.220288657102767,23,14,2145.39,4,4,3,443,Champions
17369.0,979.1999999999999,1,1152,2010-09-10 09:49:00,2010-09-10 09:49:00,0.0,0.0,979.1999999999999,0.0,456,1,979.1999999999999,1,1,3,113,Lost Customers
17370.0,446.18,4,540,2011-06-23 11:50:00,2011-09-28 10:14:00,0.0,0.0,446.18,0.0,73,4,446.18,3,3,2,332,Loyal Customers
17371.0,655.37,6,281,2009-12-08 12:25:00,2011-11-22 13:30:00,0.0,0.0,655.37,0.0,17,6,655.37,4,3,2,432,Loyal Customers
17372.0,4347.31,28,1863,2009-12-03 18:41:00,2011-10-30 11:37:00,52.13,3.0,4295.18,1.1991323370084028,41,28,4295.18,3,4,4,344,Champions
17373.0,1167.5,7,738,2010-02-28 14:17:00,2011-10-30 15:28:00,0.0,0.0,1167.5,0.0,40,7,1167.5,3,4,3,343,Champions
17374.0,727.11,3,155,2010-11-09 17:14:00,2011-05-05 09:05:00,15.9,1.0,711.21,2.1867392829145524,219,3,711.21,2,3,2,232,Regular Customers
17375.0,660.55,4,480,2010-10-04 09:14:00,2011-05-24 15:45:00,27.6,1.0,632.9499999999999,4.17833623495572,199,4,632.9499999999999,2,3,2,232,Regular Customers
17376.0,453.64,4,244,2010-07-05 11:11:00,2011-09-30 12:36:00,0.0,0.0,453.64,0.0,71,4,453.64,3,3,2,332,Loyal Customers
17377.0,17644.27,78,7335,2009-12-02 12:39:00,2011-11-16 11:17:00,468.0,13.0,17176.27,2.6524191706429336,24,78,17176.27,4,4,4,444,Champions
17379.0,389.71999999999997,1,623,2011-11-28 13:56:00,2011-11-28 13:56:00,0.0,0.0,389.71999999999997,0.0,11,1,389.71999999999997,4,1,2,412,Potential Loyalists
17380.0,645.0,3,252,2010-06-23 11:24:00,2010-10-01 16:42:00,1.25,1.0,643.75,0.1937984496124031,434,3,643.75,1,3,2,132,Regular Customers
17381.0,36398.65,38,42879,2010-06-09 12:55:00,2011-12-01 11:59:00,3.18,1.0,36395.47,0.008736587758062455,9,38,36395.47,4,4,4,444,Champions
17382.0,902.28,8,457,2010-05-19 11:33:00,2011-10-05 13:05:00,0.0,0.0,902.28,0.0,65,8,902.28,3,4,3,343,Champions
17383.0,304.09,2,160,2010-09-12 14:54:00,2011-12-05 17:36:00,0.0,0.0,304.09,0.0,4,2,304.09,4,2,1,421,Potential Loyalists
17384.0,507.55,3,121,2010-08-29 16:01:00,2011-11-20 15:48:00,0.0,0.0,507.55,0.0,19,3,507.55,4,3,2,432,Loyal Customers
17385.0,256.11,1,197,2011-11-25 11:02:00,2011-11-25 11:02:00,0.0,0.0,256.11,0.0,15,1,256.11,4,1,1,411,Potential Loyalists
17386.0,2812.77,7,1955,2010-11-19 13:40:00,2011-12-02 11:28:00,0.0,0.0,2812.77,0.0,8,7,2812.77,4,4,4,444,Champions
17387.0,746.81,2,522,2011-11-06 11:25:00,2011-11-20 11:00:00,0.0,0.0,746.81,0.0,20,2,746.81,4,2,2,422,Potential Loyalists
17388.0,2675.37,11,2555,2009-12-10 11:45:00,2011-09-23 10:31:00,0.0,0.0,2675.37,0.0,78,11,2675.37,3,4,4,344,Champions
17389.0,57215.33,61,17880,2009-12-04 12:06:00,2011-12-09 09:38:00,2637.65,16.0,54577.68,4.610040700630408,1,61,54577.68,4,4,4,444,Champions
17390.0,149.3,1,49,2010-10-15 11:29:00,2010-10-15 11:29:00,0.0,0.0,149.3,0.0,421,1,149.3,1,1,1,111,Lost Customers
17391.0,508.8,2,480,2011-06-28 12:21:00,2011-06-29 09:58:00,0.0,0.0,508.8,0.0,164,2,508.8,2,2,2,222,Regular Customers
17392.0,585.92,3,450,2010-09-15 16:17:00,2011-02-06 12:48:00,0.0,0.0,585.92,0.0,307,3,585.92,2,3,2,232,Regular Customers
17393.0,381.15,2,238,2010-08-08 15:53:00,2010-10-25 11:10:00,0.0,0.0,381.15,0.0,411,2,381.15,1,2,2,122,Lost Customers
17394.0,203.86999999999998,1,241,2011-05-04 13:22:00,2011-05-04 13:22:00,0.0,0.0,203.86999999999998,0.0,219,1,203.86999999999998,2,1,1,211,Regular Customers
17395.0,97.5,1,66,2010-07-19 15:34:00,2010-07-19 15:34:00,0.0,0.0,97.5,0.0,508,1,97.5,1,1,1,111,Lost Customers
17396.0,8409.6,14,2313,2010-09-24 13:04:00,2011-10-31 14:12:00,232.5,2.0,8177.1,2.7646974885844746,39,14,8177.1,3,4,4,344,Champions
17397.0,1198.28,3,691,2010-10-19 13:20:00,2011-11-17 14:08:00,0.0,0.0,1198.28,0.0,22,3,1198.28,4,3,3,433,Champions
17398.0,653.38,3,310,2011-03-29 13:04:00,2011-08-17 09:48:00,0.0,0.0,653.38,0.0,115,3,653.38,2,3,2,232,Regular Customers
17400.0,4623.28,8,2185,2009-12-17 15:41:00,2011-08-05 15:38:00,0.0,0.0,4623.28,0.0,126,8,4623.28,2,4,4,244,At Risk
17401.0,114.85,1,34,2010-06-16 16:54:00,2010-06-16 16:54:00,0.0,0.0,114.85,0.0,541,1,114.85,1,1,1,111,Lost Customers
17402.0,4635.5599999999995,23,1450,2009-12-16 17:40:00,2011-12-05 10:15:00,34.15,3.0,4601.41,0.736696321480037,5,23,4601.41,4,4,4,444,Champions
17403.0,382.87,2,188,2010-09-15 12:29:00,2011-11-03 15:18:00,0.0,0.0,382.87,0.0,36,2,382.87,3,2,2,322,Potential Loyalists
17404.0,47781.12,23,50679,2010-01-07 11:31:00,2011-12-05 16:26:00,1774.3,5.0,46006.82,3.7133913981087083,4,23,46006.82,4,4,4,444,Champions
17405.0,1031.41,3,726,2011-07-12 14:17:00,2011-12-08 17:12:00,64.19,2.0,967.22,6.223519260042078,1,3,967.22,4,3,3,433,Champions
17406.0,4186.95,13,1847,2009-12-06 13:45:00,2011-01-10 15:07:00,312.95,5.0,3874.0,7.474414549970742,333,13,3874.0,2,4,4,244,At Risk
17407.0,552.9,1,426,2010-10-24 11:57:00,2010-10-24 11:57:00,0.0,0.0,552.9,0.0,412,1,552.9,1,1,2,112,Lost Customers
17408.0,316.09000000000003,3,163,2010-07-13 14:02:00,2011-06-29 12:53:00,151.20000000000002,1.0,164.89000000000001,47.83447752222468,163,3,164.89000000000001,2,3,1,231,Regular Customers
17409.0,7793.51,10,4089,2009-12-11 12:17:00,2011-06-08 10:36:00,0.0,0.0,7793.51,0.0,185,10,7793.51,2,4,4,244,At Risk
17410.0,1214.72,5,616,2011-05-08 15:21:00,2011-11-23 15:46:00,0.0,0.0,1214.72,0.0,16,5,1214.72,4,3,3,433,Champions
17411.0,1425.38,5,608,2009-12-03 12:02:00,2011-11-27 14:25:00,108.85000000000001,4.0,1316.5300000000002,7.636560075208015,12,5,1316.5300000000002,4,3,3,433,Champions
17412.0,4220.22,16,2554,2009-12-02 13:51:00,2011-12-07 11:36:00,32.54,3.0,4187.68,0.7710498504817284,3,16,4187.68,4,4,4,444,Champions
17413.0,560.14,2,302,2010-05-19 11:11:00,2010-10-31 12:33:00,0.0,0.0,560.14,0.0,405,2,560.14,1,2,2,122,Lost Customers
17414.0,2249.52,6,6256,2009-12-03 16:49:00,2011-10-27 12:13:00,0.0,0.0,2249.52,0.0,44,6,2249.52,3,3,4,334,Champions
17415.0,507.84,1,114,2011-09-21 12:50:00,2011-09-21 12:50:00,0.0,0.0,507.84,0.0,80,1,507.84,3,1,2,312,Potential Loyalists
17416.0,17298.45,22,8769,2009-12-14 16:29:00,2011-11-10 12:47:00,76.98,3.0,17221.47,0.4450109691908813,30,22,17221.47,3,4,4,344,Champions
17417.0,164.18,1,76,2010-06-09 10:00:00,2010-06-09 10:00:00,0.0,0.0,164.18,0.0,549,1,164.18,1,1,1,111,Lost Customers
17418.0,670.0600000000001,3,521,2010-11-17 13:42:00,2011-10-28 13:00:00,0.0,0.0,670.0600000000001,0.0,42,3,670.0600000000001,3,3,2,332,Loyal Customers
17419.0,6126.25,18,2884,2010-01-25 13:19:00,2011-11-28 13:47:00,25.6,2.0,6100.65,0.4178739032850439,11,18,6100.65,4,4,4,444,Champions
17420.0,953.58,6,446,2010-11-03 13:09:00,2011-10-20 14:52:00,9.9,2.0,943.6800000000001,1.0381929151198641,50,6,943.6800000000001,3,3,3,333,Champions
17421.0,1059.41,3,807,2009-12-04 15:43:00,2010-11-18 16:57:00,0.0,0.0,1059.41,0.0,386,3,1059.41,1,3,3,133,At Risk
17422.0,3594.76,11,3538,2010-06-23 10:19:00,2011-11-23 13:27:00,253.11,9.0,3341.65,7.0410820193837695,16,11,3341.65,4,4,4,444,Champions
17423.0,1118.95,3,790,2010-11-11 12:26:00,2011-10-24 13:36:00,34.78,2.0,1084.17,3.108271147057509,46,3,1084.17,3,3,3,333,Champions
17425.0,759.17,2,407,2011-10-10 11:37:00,2011-11-20 15:30:00,0.0,0.0,759.17,0.0,19,2,759.17,4,2,2,422,Potential Loyalists
17426.0,8077.77,13,5187,2010-02-17 13:39:00,2011-12-01 18:07:00,471.40000000000003,4.0,7606.370000000001,5.83576903031406,8,13,7606.370000000001,4,4,4,444,Champions
17427.0,100.8,1,34,2011-09-29 11:29:00,2011-09-29 11:29:00,0.0,0.0,100.8,0.0,72,1,100.8,3,1,1,311,Potential Loyalists
17428.0,31466.760000000002,45,17356,2009-12-01 17:28:00,2011-12-09 09:45:00,581.7,6.0,30885.06,1.8486173981687344,1,45,30885.06,4,4,4,444,Champions
17429.0,1357.46,5,1286,2010-10-06 12:30:00,2011-08-03 13:22:00,15.3,2.0,1342.16,1.127105034402487,128,5,1342.16,2,3,3,233,At Risk
17430.0,622.57,4,455,2010-08-17 11:52:00,2011-11-07 09:24:00,0.0,0.0,622.57,0.0,33,4,622.57,3,3,2,332,Loyal Customers
17431.0,403.3,1,292,2011-01-30 14:36:00,2011-01-30 14:36:00,0.0,0.0,403.3,0.0,313,1,403.3,2,1,2,212,Regular Customers
17432.0,1728.99,9,1008,2009-12-03 19:13:00,2011-11-21 17:33:00,0.0,0.0,1728.99,0.0,18,9,1728.99,4,4,3,443,Champions
17433.0,569.96,2,305,2010-11-19 13:37:00,2011-09-12 14:24:00,0.0,0.0,569.96,0.0,88,2,569.96,3,2,2,322,Potential Loyalists
17434.0,2373.82,7,1693,2011-09-15 13:54:00,2011-12-07 13:16:00,40.4,2.0,2333.42,1.7018982062666923,2,7,2333.42,4,4,4,444,Champions
17435.0,331.35,1,195,2010-10-24 13:55:00,2010-10-24 13:55:00,0.0,0.0,331.35,0.0,411,1,331.35,1,1,1,111,Lost Customers
17436.0,534.06,5,178,2009-12-07 12:31:00,2011-12-08 12:30:00,12.75,2.0,521.31,2.3873722053701836,2,5,521.31,4,3,2,432,Loyal Customers
17437.0,369.68,1,283,2010-06-28 11:11:00,2010-06-28 11:11:00,0.0,0.0,369.68,0.0,530,1,369.68,1,1,2,112,Lost Customers
17438.0,1422.77,5,553,2010-03-08 16:53:00,2011-03-31 10:26:00,10.15,1.0,1412.62,0.7133971056460285,254,5,1412.62,2,3,3,233,At Risk
17439.0,325.74,1,370,2010-02-22 12:48:00,2010-02-22 12:48:00,0.0,0.0,325.74,0.0,656,1,325.74,1,1,1,111,Lost Customers
17440.0,323.58,4,282,2010-06-08 14:40:00,2011-07-06 11:54:00,9.32,2.0,314.26,2.8802769021571173,157,4,314.26,2,3,1,231,Regular Customers
17441.0,293.35,1,245,2009-12-07 13:32:00,2009-12-07 13:32:00,0.0,0.0,293.35,0.0,732,1,293.35,1,1,1,111,Lost Customers
17442.0,4620.3,15,3134,2010-02-15 15:54:00,2011-11-03 09:17:00,102.6,8.0,4517.7,2.2206350236997596,37,15,4517.7,3,4,4,344,Champions
17443.0,534.24,1,504,2011-05-04 10:47:00,2011-05-04 10:47:00,0.0,0.0,534.24,0.0,220,1,534.24,2,1,2,212,Regular Customers
17444.0,2940.04,3,2119,2011-06-20 09:04:00,2011-07-15 12:05:00,0.0,0.0,2940.04,0.0,148,3,2940.04,2,3,4,234,At Risk
17446.0,120.9,2,198,2011-02-02 14:40:00,2011-06-16 10:42:00,0.0,0.0,120.9,0.0,177,2,120.9,2,2,1,221,Regular Customers
17447.0,541.53,2,443,2011-09-29 10:10:00,2011-10-30 14:18:00,0.0,0.0,541.53,0.0,40,2,541.53,3,2,2,322,Potential Loyalists
17448.0,14523.67,46,11534,2010-03-04 17:29:00,2010-07-30 14:07:00,4361.29,8.0,10162.380000000001,30.028842572159792,497,46,10162.380000000001,1,4,4,144,At Risk
17449.0,4868.15,13,2483,2009-12-09 14:16:00,2011-12-07 16:56:00,16.0,1.0,4852.15,0.3286669474030176,2,13,4852.15,4,4,4,444,Champions
17450.0,244784.25,51,83914,2010-09-27 16:59:00,2011-12-01 13:29:00,13393.699999999999,10.0,231390.55,5.471634715060302,8,51,231390.55,4,4,4,444,Champions
17451.0,1721.4,7,1203,2011-08-26 11:54:00,2011-12-08 15:02:00,72.45,3.0,1648.95,4.208783548274661,1,7,1648.95,4,4,3,443,Champions
17453.0,486.71999999999997,2,219,2011-10-06 17:02:00,2011-11-22 09:42:00,0.0,0.0,486.71999999999997,0.0,18,2,486.71999999999997,4,2,2,422,Potential Loyalists
17454.0,1547.94,10,727,2010-01-15 15:40:00,2011-05-31 13:58:00,15.299999999999999,1.0,1532.64,0.9884104035040117,192,10,1532.64,2,4,3,243,At Risk
17455.0,131.7,1,66,2011-05-20 12:31:00,2011-05-20 12:31:00,0.0,0.0,131.7,0.0,204,1,131.7,2,1,1,211,Regular Customers
17456.0,975.5600000000001,2,508,2010-09-09 15:28:00,2010-12-09 15:23:00,0.0,0.0,975.5600000000001,0.0,365,2,975.5600000000001,2,2,3,223,Regular Customers
17457.0,5984.8099999999995,14,2695,2009-12-07 14:52:00,2011-08-05 12:48:00,185.8,4.0,5799.009999999999,3.1045262923969186,127,14,5799.009999999999,2,4,4,244,At Risk
17458.0,529.58,2,282,2010-11-23 11:43:00,2011-11-24 13:01:00,0.0,0.0,529.58,0.0,15,2,529.58,4,2,2,422,Potential Loyalists
17459.0,657.3,2,537,2011-10-10 17:00:00,2011-10-27 13:25:00,0.0,0.0,657.3,0.0,43,2,657.3,3,2,2,322,Potential Loyalists
17460.0,2157.9700000000003,16,954,2010-01-22 13:25:00,2011-09-06 15:04:00,220.87,5.0,1937.1000000000004,10.235082044699416,94,16,1937.1000000000004,3,4,3,343,Champions
17461.0,735.82,3,770,2011-11-10 12:01:00,2011-11-17 10:21:00,0.0,0.0,735.82,0.0,23,3,735.82,4,3,2,432,Loyal Customers
17462.0,675.69,2,227,2011-02-28 17:01:00,2011-10-10 13:56:00,12.75,1.0,662.94,1.8869599964480752,60,2,662.94,3,2,2,322,Potential Loyalists
17463.0,2535.26,7,1480,2010-04-29 17:57:00,2011-11-23 13:40:00,20.0,2.0,2515.26,0.788873724982842,16,7,2515.26,4,4,4,444,Champions
17464.0,907.14,3,608,2010-03-30 13:15:00,2011-07-04 13:19:00,90.6,1.0,816.54,9.987433031285137,158,3,816.54,2,3,2,232,Regular Customers
17465.0,2542.79,7,1477,2009-12-03 13:25:00,2010-10-10 11:56:00,9.15,2.0,2533.64,0.35984096209281935,426,7,2533.64,1,4,4,144,At Risk
17466.0,763.28,2,306,2011-09-22 09:16:00,2011-11-29 13:15:00,0.0,0.0,763.28,0.0,10,2,763.28,4,2,2,422,Potential Loyalists
17467.0,102.6,1,20,2010-11-09 12:58:00,2010-11-09 12:58:00,0.0,0.0,102.6,0.0,395,1,102.6,1,1,1,111,Lost Customers
17468.0,194.8,3,184,2010-11-29 17:25:00,2011-11-29 15:33:00,0.0,0.0,194.8,0.0,10,3,194.8,4,3,1,431,Loyal Customers
17469.0,5051.25,17,2304,2009-12-16 15:06:00,2011-11-23 13:15:00,92.91,5.0,4958.34,1.8393466963622866,16,17,4958.34,4,4,4,444,Champions
17470.0,2626.47,11,2731,2010-07-19 16:16:00,2011-10-26 12:42:00,0.0,0.0,2626.47,0.0,45,11,2626.47,3,4,4,344,Champions
17471.0,321.65000000000003,1,153,2010-08-22 11:53:00,2010-08-22 11:53:00,0.0,0.0,321.65000000000003,0.0,475,1,321.65000000000003,1,1,1,111,Lost Customers
17472.0,922.35,4,551,2010-03-21 13:27:00,2011-06-01 14:57:00,0.0,0.0,922.35,0.0,191,4,922.35,2,3,3,233,At Risk
17473.0,607.0,2,270,2010-09-09 19:03:00,2010-10-27 11:45:00,14.850000000000001,1.0,592.15,2.4464579901153214,409,2,592.15,1,2,2,122,Lost Customers
17474.0,1047.0,1,200,2010-04-19 10:43:00,2010-04-19 10:43:00,0.0,0.0,1047.0,0.0,600,1,1047.0,1,1,3,113,Lost Customers
17475.0,194.37,1,178,2011-09-21 14:55:00,2011-09-21 14:55:00,0.0,0.0,194.37,0.0,79,1,194.37,3,1,1,311,Potential Loyalists
17476.0,489.86,2,224,2009-12-02 12:09:00,2010-11-09 10:21:00,43.349999999999994,2.0,446.51,8.84946719470869,396,2,446.51,1,2,2,122,Lost Customers
17477.0,1144.3,2,225,2010-03-02 11:53:00,2010-04-06 10:06:00,65.30000000000001,3.0,1079.0,5.706545486323518,613,2,1079.0,1,2,3,123,Lost Customers
17478.0,1272.8,2,516,2010-03-16 14:19:00,2010-10-27 15:01:00,0.0,0.0,1272.8,0.0,408,2,1272.8,1,2,3,123,Lost Customers
17479.0,389.26000000000005,1,266,2010-03-17 09:26:00,2010-03-17 09:26:00,0.0,0.0,389.26000000000005,0.0,633,1,389.26000000000005,1,1,2,112,Lost Customers
17480.0,882.23,2,581,2010-09-21 12:31:00,2011-09-23 11:39:00,5.3100000000000005,1.0,876.9200000000001,0.6018838624848396,78,2,876.9200000000001,3,2,3,323,Potential Loyalists
17481.0,1255.59,4,1061,2011-09-07 09:57:00,2011-12-06 12:28:00,6.25,1.0,1249.34,0.4977739548738044,4,4,1249.34,4,3,3,433,Champions
17482.0,775.64,2,240,2010-05-10 14:10:00,2010-08-09 15:33:00,0.0,0.0,775.64,0.0,487,2,775.64,1,2,2,122,Lost Customers
17483.0,591.73,4,265,2010-10-21 12:43:00,2011-10-05 13:10:00,0.0,0.0,591.73,0.0,65,4,591.73,3,3,2,332,Loyal Customers
17484.0,209.57,2,339,2010-03-25 16:17:00,2010-05-12 15:41:00,0.0,0.0,209.57,0.0,576,2,209.57,1,2,1,121,Lost Customers
17486.0,396.87,1,191,2011-03-23 14:00:00,2011-03-23 14:00:00,0.0,0.0,396.87,0.0,261,1,396.87,2,1,2,212,Regular Customers
17487.0,160.55,1,37,2009-12-11 15:06:00,2009-12-11 15:06:00,0.0,0.0,160.55,0.0,728,1,160.55,1,1,1,111,Lost Customers
17488.0,336.5,1,136,2010-03-08 14:07:00,2010-03-08 14:07:00,0.0,0.0,336.5,0.0,641,1,336.5,1,1,1,111,Lost Customers
17489.0,376.64,2,428,2011-05-11 11:34:00,2011-10-12 08:56:00,0.0,0.0,376.64,0.0,59,2,376.64,3,2,2,322,Potential Loyalists
17490.0,2750.5,9,1531,2010-05-19 12:40:00,2011-12-09 09:08:00,165.44,4.0,2585.06,6.014906380658062,1,9,2585.06,4,4,4,444,Champions
17491.0,5653.67,17,3362,2010-04-28 11:57:00,2011-12-08 16:18:00,16.95,1.0,5636.72,0.29980525923868917,1,17,5636.72,4,4,4,444,Champions
17492.0,1122.42,3,450,2010-07-09 13:27:00,2011-04-05 15:21:00,0.0,0.0,1122.42,0.0,248,3,1122.42,2,3,3,233,At Risk
17493.0,100.91000000000001,1,62,2010-11-19 16:57:00,2010-11-19 16:57:00,0.0,0.0,100.91000000000001,0.0,385,1,100.91000000000001,1,1,1,111,Lost Customers
17494.0,54.699999999999996,1,26,2010-07-26 10:06:00,2010-07-26 10:06:00,0.0,0.0,54.699999999999996,0.0,502,1,54.699999999999996,1,1,1,111,Lost Customers
17495.0,806.72,3,367,2010-11-14 11:50:00,2011-12-02 12:08:00,47.65,1.0,759.07,5.90663427211424,8,3,759.07,4,3,2,432,Loyal Customers
17496.0,1412.89,4,675,2010-01-14 13:36:00,2010-12-16 08:39:00,27.0,1.0,1385.89,1.910976792248512,359,4,1385.89,2,3,3,233,At Risk
17497.0,287.25,2,59,2010-04-08 08:01:00,2010-11-14 14:17:00,0.0,0.0,287.25,0.0,390,2,287.25,1,2,1,121,Lost Customers
17498.0,272.22,1,394,2011-09-25 12:25:00,2011-09-25 12:25:00,0.0,0.0,272.22,0.0,76,1,272.22,3,1,1,311,Potential Loyalists
17499.0,1341.39,2,1086,2010-05-27 09:59:00,2011-02-23 09:14:00,44.550000000000004,1.0,1296.8400000000001,3.3211817592199133,290,2,1296.8400000000001,2,2,3,223,Regular Customers
17500.0,1138.0,3,17,2011-11-10 09:08:00,2011-11-22 14:25:00,0.0,0.0,1138.0,0.0,17,3,1138.0,4,3,3,433,Champions
17501.0,288.6,2,160,2011-05-03 09:46:00,2011-05-03 09:47:00,0.0,0.0,288.6,0.0,221,2,288.6,2,2,1,221,Regular Customers
17502.0,689.1,4,376,2011-11-10 16:39:00,2011-11-30 13:13:00,0.0,0.0,689.1,0.0,9,4,689.1,4,3,2,432,Loyal Customers
17503.0,558.96,2,486,2011-11-01 11:12:00,2011-12-07 09:18:00,0.0,0.0,558.96,0.0,3,2,558.96,4,2,2,422,Potential Loyalists
17504.0,9490.17,18,5420,2010-02-08 09:22:00,2011-05-17 12:59:00,251.75,1.0,9238.42,2.6527448928733626,206,18,9238.42,2,4,4,244,At Risk
17505.0,2435.48,5,1242,2010-04-13 16:33:00,2011-07-01 12:50:00,0.0,0.0,2435.48,0.0,162,5,2435.48,2,3,4,234,At Risk
17506.0,302.2,1,139,2011-09-25 11:39:00,2011-09-25 11:39:00,7.91,1.0,294.28999999999996,2.6174718729318336,76,1,294.28999999999996,3,1,1,311,Potential Loyalists
17507.0,605.58,2,359,2011-02-03 18:08:00,2011-03-23 11:48:00,0.0,0.0,605.58,0.0,262,2,605.58,2,2,2,222,Regular Customers
17508.0,4579.23,8,2891,2009-12-07 11:46:00,2011-03-04 08:10:00,32.45,1.0,4546.78,0.7086344210707916,281,8,4546.78,2,4,4,244,At Risk
17509.0,6083.64,8,3512,2011-10-07 13:14:00,2011-10-13 10:26:00,14.4,3.0,6069.240000000001,0.23670039647316407,58,8,6069.240000000001,3,4,4,344,Champions
17510.0,514.56,2,422,2010-10-15 10:20:00,2011-11-15 10:00:00,0.0,0.0,514.56,0.0,25,2,514.56,4,2,2,422,Potential Loyalists
17511.0,172132.87,60,117174,2009-12-02 10:52:00,2011-12-07 10:12:00,3641.25,25.0,168491.62,2.115371689323486,3,60,168491.62,4,4,4,444,Champions
17512.0,5467.820000000001,18,5434,2009-12-10 19:35:00,2011-11-11 12:11:00,35.55,2.0,5432.27,0.6501677085200317,29,18,5432.27,3,4,4,344,Champions
17513.0,1158.8,3,440,2010-08-17 15:08:00,2011-09-28 16:42:00,0.0,0.0,1158.8,0.0,72,3,1158.8,3,3,3,333,Champions
17514.0,522.0,2,284,2010-02-08 14:00:00,2011-08-03 15:45:00,0.0,0.0,522.0,0.0,128,2,522.0,2,2,2,222,Regular Customers
17515.0,1602.51,9,527,2010-06-07 13:29:00,2011-11-08 14:04:00,0.0,0.0,1602.51,0.0,31,9,1602.51,3,4,3,343,Champions
17516.0,947.5,6,522,2010-11-26 12:50:00,2011-11-24 16:51:00,0.0,0.0,947.5,0.0,15,6,947.5,4,3,3,433,Champions
17517.0,153.94,1,102,2011-02-04 11:48:00,2011-02-04 11:48:00,0.0,0.0,153.94,0.0,309,1,153.94,2,1,1,211,Regular Customers
17518.0,329.42,2,267,2010-03-28 13:31:00,2010-10-10 12:40:00,0.0,0.0,329.42,0.0,426,2,329.42,1,2,1,121,Lost Customers
17519.0,4774.17,15,3230,2009-12-01 09:57:00,2011-11-22 16:43:00,6.669999999999999,2.0,4767.5,0.13971014857032737,17,15,4767.5,4,4,4,444,Champions
17520.0,546.81,1,365,2011-10-17 12:04:00,2011-10-17 12:04:00,0.0,0.0,546.81,0.0,54,1,546.81,3,1,2,312,Potential Loyalists
17521.0,1278.06,5,806,2010-10-01 11:49:00,2011-11-10 11:22:00,1.25,1.0,1276.81,0.09780448492246062,30,5,1276.81,3,3,3,333,Champions
17522.0,1070.71,5,1034,2011-05-05 16:31:00,2011-12-08 12:31:00,0.0,0.0,1070.71,0.0,2,5,1070.71,4,3,3,433,Champions
17523.0,652.74,4,872,2011-11-20 13:40:00,2011-11-28 13:20:00,0.0,0.0,652.74,0.0,11,4,652.74,4,3,2,432,Loyal Customers
17524.0,539.14,3,362,2010-09-27 16:20:00,2010-12-13 14:32:00,30.24,1.0,508.9,5.608932744741625,361,3,508.9,2,3,2,232,Regular Customers
17525.0,1161.9,3,338,2010-10-07 09:12:00,2010-12-15 12:05:00,0.0,0.0,1161.9,0.0,360,3,1161.9,2,3,3,233,At Risk
17526.0,3939.24,12,1442,2009-12-17 16:18:00,2011-12-05 11:05:00,489.19999999999993,4.0,3450.04,12.418639128359784,5,12,3450.04,4,4,4,444,Champions
17527.0,939.37,4,488,2011-05-05 13:43:00,2011-10-17 12:32:00,50.510000000000005,2.0,888.86,5.3770079947198655,54,4,888.86,3,3,3,333,Champions
17528.0,3628.5,8,2138,2011-09-29 13:04:00,2011-12-08 13:27:00,88.4,3.0,3540.1,2.4362684304809155,1,8,3540.1,4,4,4,444,Champions
17529.0,1240.25,2,790,2010-01-11 12:29:00,2010-04-08 17:51:00,0.0,0.0,1240.25,0.0,610,2,1240.25,1,2,3,123,Lost Customers
17530.0,2791.69,12,1741,2009-12-06 16:17:00,2011-12-08 18:42:00,0.95,1.0,2790.7400000000002,0.0340295663200427,1,12,2790.7400000000002,4,4,4,444,Champions
17531.0,1266.82,3,472,2010-03-31 12:57:00,2011-06-02 19:17:00,75.6,6.0,1191.22,5.967698647005889,190,3,1191.22,2,3,3,233,At Risk
17532.0,65.34,1,30,2010-11-19 08:13:00,2010-11-19 08:13:00,0.0,0.0,65.34,0.0,386,1,65.34,1,1,1,111,Lost Customers
17533.0,34.8,1,24,2010-10-01 09:14:00,2010-10-01 09:14:00,0.0,0.0,34.8,0.0,435,1,34.8,1,1,1,111,Lost Customers
17534.0,1668.83,5,860,2010-02-25 16:55:00,2011-10-17 12:47:00,0.0,0.0,1668.83,0.0,54,5,1668.83,3,3,3,333,Champions
17535.0,164.4,1,136,2011-03-04 15:20:00,2011-03-04 15:20:00,0.0,0.0,164.4,0.0,280,1,164.4,2,1,1,211,Regular Customers
17536.0,364.83,3,201,2010-01-26 12:00:00,2011-06-15 13:23:00,0.0,0.0,364.83,0.0,177,3,364.83,2,3,2,232,Regular Customers
17537.0,887.67,2,699,2011-02-09 13:37:00,2011-11-10 10:56:00,0.0,0.0,887.67,0.0,30,2,887.67,3,2,3,323,Potential Loyalists
17538.0,98.42,1,134,2011-11-14 12:12:00,2011-11-14 12:12:00,0.0,0.0,98.42,0.0,26,1,98.42,3,1,1,311,Potential Loyalists
17539.0,1176.84,4,708,2009-12-13 12:36:00,2010-04-01 12:07:00,179.5,3.0,997.3399999999999,15.25271064885626,618,4,997.3399999999999,1,3,3,133,At Risk
17540.0,1590.6000000000001,6,588,2010-04-19 09:47:00,2011-11-15 11:56:00,8.5,1.0,1582.1000000000001,0.5343895385389161,25,6,1582.1000000000001,4,3,3,433,Champions
17541.0,119.86,1,44,2010-07-18 11:36:00,2010-07-18 11:36:00,0.0,0.0,119.86,0.0,510,1,119.86,1,1,1,111,Lost Customers
17542.0,340.85,3,323,2010-03-08 12:08:00,2011-03-15 11:45:00,0.0,0.0,340.85,0.0,270,3,340.85,2,3,2,232,Regular Customers
17543.0,120.05,1,62,2010-06-08 12:41:00,2010-06-08 12:41:00,0.0,0.0,120.05,0.0,550,1,120.05,1,1,1,111,Lost Customers
17544.0,944.82,3,410,2010-11-14 14:47:00,2010-11-14 15:08:00,0.0,0.0,944.82,0.0,390,3,944.82,1,3,3,133,At Risk
17545.0,1409.8600000000001,6,682,2010-05-11 10:04:00,2011-10-27 14:04:00,0.0,0.0,1409.8600000000001,0.0,43,6,1409.8600000000001,3,3,3,333,Champions
17547.0,727.85,2,223,2010-02-12 14:34:00,2010-11-29 09:41:00,35.5,2.0,692.35,4.877378580751528,376,2,692.35,2,2,2,222,Regular Customers
17548.0,731.26,4,494,2010-11-08 16:19:00,2011-04-20 12:01:00,244.78,2.0,486.48,33.47373027377403,234,4,486.48,2,3,2,232,Regular Customers
17549.0,148.86,2,210,2011-10-19 10:05:00,2011-11-16 09:59:00,0.0,0.0,148.86,0.0,24,2,148.86,4,2,1,421,Potential Loyalists
17550.0,2506.64,9,968,2010-02-07 15:07:00,2011-05-26 14:09:00,341.09999999999997,1.0,2165.54,13.607857530399258,197,9,2165.54,2,4,3,243,At Risk
17551.0,290.34,1,142,2010-12-15 14:12:00,2010-12-15 14:12:00,0.0,0.0,290.34,0.0,359,1,290.34,2,1,1,211,Regular Customers
17552.0,2786.77,12,1951,2010-03-22 09:19:00,2011-10-10 17:00:00,46.09,4.0,2740.68,1.653886040110953,60,12,2740.68,3,4,4,344,Champions
17553.0,3757.6,4,2288,2010-04-08 09:44:00,2011-08-02 10:00:00,0.0,0.0,3757.6,0.0,130,4,3757.6,2,3,4,234,At Risk
17554.0,1952.45,5,1763,2011-07-14 20:01:00,2011-12-08 14:15:00,0.0,0.0,1952.45,0.0,1,5,1952.45,4,3,3,433,Champions
17555.0,1045.74,5,739,2010-05-02 16:02:00,2011-11-20 12:22:00,0.0,0.0,1045.74,0.0,20,5,1045.74,4,3,3,433,Champions
17556.0,300.67,2,184,2010-11-25 17:00:00,2011-05-18 10:48:00,0.0,0.0,300.67,0.0,206,2,300.67,2,2,1,221,Regular Customers
17557.0,575.46,4,310,2009-12-07 10:15:00,2011-11-25 12:57:00,0.0,0.0,575.46,0.0,14,4,575.46,4,3,2,432,Loyal Customers
17558.0,259.17,1,54,2010-11-11 14:36:00,2010-11-11 14:36:00,0.0,0.0,259.17,0.0,393,1,259.17,1,1,1,111,Lost Customers
17559.0,167.62,1,270,2010-07-15 12:02:00,2010-07-15 12:02:00,0.0,0.0,167.62,0.0,513,1,167.62,1,1,1,111,Lost Customers
17560.0,1895.8,8,1588,2010-02-17 12:11:00,2011-09-06 09:18:00,0.0,0.0,1895.8,0.0,95,8,1895.8,3,4,3,343,Champions
17561.0,703.02,4,381,2009-12-06 13:29:00,2011-11-20 12:53:00,0.0,0.0,703.02,0.0,19,4,703.02,4,3,2,432,Loyal Customers
17562.0,1122.38,7,817,2011-06-19 13:06:00,2011-11-25 14:21:00,15.0,1.0,1107.38,1.336445767030774,14,7,1107.38,4,4,3,443,Champions
17563.0,392.38,2,256,2010-04-07 10:02:00,2010-05-10 14:54:00,83.10000000000001,3.0,309.28,21.17844946225598,578,2,309.28,1,2,1,121,Lost Customers
17564.0,454.01,3,146,2011-09-20 14:00:00,2011-11-15 13:27:00,0.0,0.0,454.01,0.0,24,3,454.01,4,3,2,432,Loyal Customers
17565.0,131.83,1,67,2010-05-02 11:54:00,2010-05-02 11:54:00,0.0,0.0,131.83,0.0,587,1,131.83,1,1,1,111,Lost Customers
17566.0,869.77,2,497,2011-11-14 13:42:00,2011-12-01 19:54:00,0.0,0.0,869.77,0.0,8,2,869.77,4,2,3,423,Potential Loyalists
17567.0,4838.08,9,2908,2010-09-24 10:48:00,2011-12-02 15:48:00,318.92,2.0,4519.16,6.591871155499702,7,9,4519.16,4,4,4,444,Champions
17568.0,374.45,1,275,2010-03-16 16:45:00,2010-03-16 16:45:00,0.0,0.0,374.45,0.0,633,1,374.45,1,1,2,112,Lost Customers
17569.0,344.14,1,159,2011-01-11 14:15:00,2011-01-11 14:15:00,0.0,0.0,344.14,0.0,332,1,344.14,2,1,2,212,Regular Customers
17571.0,1630.91,5,991,2010-06-15 12:50:00,2011-10-20 15:57:00,0.0,0.0,1630.91,0.0,50,5,1630.91,3,3,3,333,Champions
17572.0,652.21,10,327,2009-12-15 10:00:00,2011-09-29 17:53:00,0.0,0.0,652.21,0.0,71,10,652.21,3,4,2,342,Loyal Customers
17573.0,380.6,3,308,2011-09-07 10:36:00,2011-11-10 13:01:00,17.700000000000003,1.0,362.90000000000003,4.650551760378351,29,3,362.90000000000003,3,3,2,332,Loyal Customers
17574.0,185.65,1,77,2011-04-11 09:47:00,2011-04-11 09:47:00,0.0,0.0,185.65,0.0,243,1,185.65,2,1,1,211,Regular Customers
17575.0,171.7,1,72,2010-02-10 13:48:00,2010-02-10 13:48:00,0.0,0.0,171.7,0.0,667,1,171.7,1,1,1,111,Lost Customers
17576.0,8711.95,41,4583,2009-12-03 16:54:00,2011-12-01 17:56:00,171.15,4.0,8540.800000000001,1.9645429553659055,8,41,8540.800000000001,4,4,4,444,Champions
17577.0,348.75,2,179,2010-02-09 10:10:00,2010-03-04 13:01:00,0.0,0.0,348.75,0.0,645,2,348.75,1,2,2,122,Lost Customers
17578.0,1047.33,7,529,2010-06-28 11:55:00,2011-05-05 18:38:00,43.6,3.0,1003.7299999999999,4.162966782198543,218,7,1003.7299999999999,2,4,3,243,At Risk
17579.0,753.28,4,375,2010-05-10 14:28:00,2011-12-05 12:28:00,8.7,1.0,744.5799999999999,1.154949022939677,5,4,744.5799999999999,4,3,2,432,Loyal Customers
17580.0,541.02,5,223,2010-10-13 14:28:00,2011-04-01 12:41:00,0.0,0.0,541.02,0.0,253,5,541.02,2,3,2,232,Regular Customers
17581.0,17951.17,43,9519,2009-12-03 12:34:00,2011-12-09 12:21:00,510.28000000000003,10.0,17440.89,2.842600231628357,1,43,17440.89,4,4,4,444,Champions
17582.0,1446.95,5,603,2010-03-26 12:23:00,2011-04-17 13:18:00,17.0,1.0,1429.95,1.174885103148001,236,5,1429.95,2,3,3,233,At Risk
17583.0,135.95,1,55,2010-05-28 14:24:00,2010-05-28 14:24:00,0.0,0.0,135.95,0.0,560,1,135.95,1,1,1,111,Lost Customers
17584.0,5309.42,6,2464,2010-01-25 08:17:00,2011-12-02 17:12:00,15.0,1.0,5294.42,0.2825167344079014,7,6,5294.42,4,3,4,434,Champions
17585.0,2064.71,7,2510,2010-08-18 16:39:00,2011-08-22 13:30:00,0.0,0.0,2064.71,0.0,109,7,2064.71,2,4,3,243,At Risk
17586.0,167.4,1,68,2010-03-30 13:12:00,2010-03-30 13:12:00,0.0,0.0,167.4,0.0,619,1,167.4,1,1,1,111,Lost Customers
17587.0,176.71,1,67,2010-03-21 14:16:00,2010-03-21 14:16:00,0.0,0.0,176.71,0.0,628,1,176.71,1,1,1,111,Lost Customers
17588.0,2939.55,7,1379,2010-03-12 12:34:00,2011-08-31 13:37:00,37.9,2.0,2901.65,1.289312990083516,100,7,2901.65,2,4,4,244,At Risk
17589.0,13837.94,18,8704,2010-03-07 13:48:00,2011-10-10 16:58:00,145.05,3.0,13692.890000000001,1.0482051519229019,60,18,13692.890000000001,3,4,4,344,Champions
17590.0,1468.02,3,822,2011-10-30 14:05:00,2011-12-07 12:55:00,0.0,0.0,1468.02,0.0,2,3,1468.02,4,3,3,433,Champions
17591.0,2339.32,8,1028,2010-01-17 16:09:00,2011-09-27 13:42:00,10.95,1.0,2328.3700000000003,0.46808474257476523,73,8,2328.3700000000003,3,4,4,344,Champions
17593.0,8092.32,11,5595,2009-12-04 14:35:00,2011-12-06 10:30:00,51.800000000000004,4.0,8040.5199999999995,0.6401130948850269,4,11,8040.5199999999995,4,4,4,444,Champions
17594.0,2497.88,4,1368,2010-04-14 08:53:00,2011-09-15 16:34:00,0.0,0.0,2497.88,0.0,85,4,2497.88,3,3,4,334,Champions
17595.0,386.69,2,228,2011-11-02 16:19:00,2011-11-27 16:08:00,0.0,0.0,386.69,0.0,12,2,386.69,4,2,2,422,Potential Loyalists
17596.0,4491.46,13,7010,2009-12-15 13:21:00,2011-11-16 14:11:00,13.35,1.0,4478.11,0.29723074456858123,23,13,4478.11,4,4,4,444,Champions
17597.0,3484.09,5,2215,2010-05-05 15:33:00,2011-05-10 11:54:00,58.8,2.0,3425.29,1.6876716732346178,214,5,3425.29,2,3,4,234,At Risk
17598.0,409.98,1,126,2010-11-23 17:43:00,2010-11-23 17:43:00,0.0,0.0,409.98,0.0,381,1,409.98,1,1,2,112,Lost Customers
17599.0,52.05,1,11,2010-08-19 12:50:00,2010-08-19 12:50:00,7.5,2.0,44.55,14.409221902017292,478,1,44.55,1,1,1,111,Lost Customers
17600.0,161.67000000000002,1,144,2011-11-22 09:43:00,2011-11-22 09:43:00,0.0,0.0,161.67000000000002,0.0,18,1,161.67000000000002,4,1,1,411,Potential Loyalists
17601.0,413.08,2,295,2010-11-24 14:29:00,2011-04-14 18:02:00,0.0,0.0,413.08,0.0,239,2,413.08,2,2,2,222,Regular Customers
17602.0,7354.43,14,5880,2010-03-30 17:25:00,2011-12-07 13:53:00,113.7,4.0,7240.7300000000005,1.546006964509826,2,14,7240.7300000000005,4,4,4,444,Champions
17603.0,1788.38,4,638,2009-12-10 09:44:00,2011-09-22 14:18:00,1673.47,7.0,114.91000000000008,93.57463178966438,78,4,114.91000000000008,3,3,1,331,Loyal Customers
17604.0,942.38,6,614,2010-01-27 12:19:00,2011-05-06 13:43:00,0.0,0.0,942.38,0.0,217,6,942.38,2,3,3,233,At Risk
17605.0,160.75,1,71,2010-04-28 14:45:00,2010-04-28 14:45:00,0.0,0.0,160.75,0.0,590,1,160.75,1,1,1,111,Lost Customers
17606.0,87.30000000000001,1,42,2009-12-02 13:32:00,2009-12-02 13:32:00,0.0,0.0,87.30000000000001,0.0,737,1,87.30000000000001,1,1,1,111,Lost Customers
17607.0,333.81,1,269,2010-11-28 13:11:00,2010-11-28 13:11:00,0.0,0.0,333.81,0.0,376,1,333.81,2,1,1,211,Regular Customers
17608.0,488.06,4,528,2010-04-11 13:37:00,2011-11-06 13:06:00,0.0,0.0,488.06,0.0,33,4,488.06,3,3,2,332,Loyal Customers
17609.0,1887.8999999999999,11,1321,2010-04-09 16:54:00,2011-10-30 12:28:00,135.35,3.0,1752.55,7.169341596482864,41,11,1752.55,3,4,3,343,Champions
17610.0,1511.94,5,893,2009-12-06 16:07:00,2010-06-17 16:34:00,101.65,3.0,1410.29,6.723150389565724,540,5,1410.29,1,3,3,133,At Risk
17611.0,8337.53,28,5341,2009-12-01 13:29:00,2011-12-02 13:29:00,166.6,7.0,8170.93,1.9981937096478213,7,28,8170.93,4,4,4,444,Champions
17612.0,5394.86,18,3521,2009-12-17 11:59:00,2011-10-17 14:59:00,238.72,14.0,5156.139999999999,4.424952640105582,53,18,5156.139999999999,3,4,4,344,Champions
17613.0,4544.55,14,2490,2011-02-07 11:20:00,2011-11-17 10:51:00,49.78,3.0,4494.77,1.0953779802180632,23,14,4494.77,4,4,4,444,Champions
17614.0,386.32,1,235,2011-10-13 16:01:00,2011-10-13 16:01:00,0.0,0.0,386.32,0.0,57,1,386.32,3,1,2,312,Potential Loyalists
17615.0,721.8,6,378,2010-08-11 12:54:00,2011-08-01 14:06:00,7.5,1.0,714.3,1.0390689941812137,130,6,714.3,2,3,2,232,Regular Customers
17616.0,734.4,4,288,2010-09-14 10:43:00,2011-06-19 10:11:00,0.0,0.0,734.4,0.0,174,4,734.4,2,3,2,232,Regular Customers
17617.0,385.19,1,249,2010-05-30 12:48:00,2010-05-30 12:48:00,158.05,1.0,227.14,41.03169864222851,559,1,227.14,1,1,1,111,Lost Customers
17618.0,4001.64,11,1798,2010-01-24 11:03:00,2011-12-04 11:50:00,25.3,2.0,3976.3399999999997,0.6322407812796754,6,11,3976.3399999999997,4,4,4,444,Champions
17619.0,214.37,1,124,2011-01-31 14:18:00,2011-01-31 14:18:00,0.0,0.0,214.37,0.0,312,1,214.37,2,1,1,211,Regular Customers
17620.0,81.44,1,60,2011-10-11 12:08:00,2011-10-11 12:08:00,0.0,0.0,81.44,0.0,60,1,81.44,3,1,1,311,Potential Loyalists
17621.0,3175.12,6,1110,2010-10-04 09:37:00,2011-11-18 17:11:00,145.8,2.0,3029.3199999999997,4.591952430144373,21,6,3029.3199999999997,4,3,4,434,Champions
17622.0,1130.21,2,379,2010-04-20 13:38:00,2010-04-21 12:36:00,5.04,1.0,1125.17,0.44593482627122394,598,2,1125.17,1,2,3,123,Lost Customers
17623.0,2365.77,7,799,2009-12-14 14:36:00,2011-11-07 11:32:00,0.0,0.0,2365.77,0.0,33,7,2365.77,3,4,4,344,Champions
17624.0,1568.63,4,958,2009-12-20 12:35:00,2011-11-25 10:52:00,0.0,0.0,1568.63,0.0,15,4,1568.63,4,3,3,433,Champions
17625.0,5978.9,8,3505,2009-12-15 11:49:00,2011-11-21 13:36:00,0.0,0.0,5978.9,0.0,18,8,5978.9,4,4,4,444,Champions
17626.0,254.0,1,202,2010-04-16 12:15:00,2010-04-16 12:15:00,0.0,0.0,254.0,0.0,603,1,254.0,1,1,1,111,Lost Customers
17627.0,296.36,1,676,2010-08-18 11:27:00,2010-08-18 11:27:00,11.25,1.0,285.11,3.79605884734782,479,1,285.11,1,1,1,111,Lost Customers
17628.0,75.75,1,79,2011-09-19 15:21:00,2011-09-19 15:21:00,0.0,0.0,75.75,0.0,81,1,75.75,3,1,1,311,Potential Loyalists
17629.0,2455.52,10,1903,2010-10-14 13:35:00,2011-12-04 10:56:00,30.0,1.0,2425.52,1.22173714732521,6,10,2425.52,4,4,4,444,Champions
17630.0,503.59999999999997,2,158,2011-04-21 14:03:00,2011-06-23 11:58:00,0.0,0.0,503.59999999999997,0.0,170,2,503.59999999999997,2,2,2,222,Regular Customers
17631.0,998.49,7,591,2009-12-09 14:15:00,2011-12-08 09:47:00,0.0,0.0,998.49,0.0,2,7,998.49,4,4,3,443,Champions
17633.0,2057.39,7,899,2010-11-15 14:55:00,2011-11-08 13:25:00,82.5,2.0,1974.8899999999999,4.009934917541156,31,7,1974.8899999999999,3,4,3,343,Champions
17634.0,2358.59,9,838,2011-01-06 12:45:00,2011-11-03 13:09:00,0.0,0.0,2358.59,0.0,36,9,2358.59,3,4,4,344,Champions
17635.0,1265.58,3,770,2010-04-28 10:51:00,2010-10-11 15:12:00,8.75,1.0,1256.83,0.6913826071840579,424,3,1256.83,1,3,3,133,At Risk
17636.0,285.56,1,182,2011-11-20 14:40:00,2011-11-20 14:40:00,19.630000000000003,1.0,265.93,6.8742120745202415,19,1,265.93,4,1,1,411,Potential Loyalists
17637.0,547.0600000000001,2,280,2011-08-16 13:25:00,2011-11-08 12:51:00,0.0,0.0,547.0600000000001,0.0,31,2,547.0600000000001,3,2,2,322,Potential Loyalists
17638.0,842.4,2,432,2009-12-18 09:58:00,2010-03-02 14:32:00,0.0,0.0,842.4,0.0,647,2,842.4,1,2,2,122,Lost Customers
17639.0,615.17,6,576,2010-08-13 11:59:00,2011-03-08 15:22:00,0.0,0.0,615.17,0.0,276,6,615.17,2,3,2,232,Regular Customers
17640.0,3168.94,6,1692,2010-03-23 09:15:00,2011-09-14 09:13:00,61.35,2.0,3107.59,1.9359785922106445,87,6,3107.59,3,3,4,334,Champions
17642.0,1824.49,5,1475,2009-12-05 16:01:00,2011-08-12 09:11:00,0.0,0.0,1824.49,0.0,120,5,1824.49,2,3,3,233,At Risk
17643.0,439.7,2,226,2010-07-22 13:07:00,2010-12-01 14:38:00,0.0,0.0,439.7,0.0,373,2,439.7,2,2,2,222,Regular Customers
17644.0,6028.6,20,3469,2010-02-16 08:44:00,2011-12-08 13:43:00,164.06,8.0,5864.54,2.721361510135023,1,20,5864.54,4,4,4,444,Champions
17646.0,3898.79,12,1308,2009-12-16 09:37:00,2011-05-04 13:17:00,55.63,4.0,3843.16,1.4268529466834583,219,12,3843.16,2,4,4,244,At Risk
17647.0,331.65999999999997,3,82,2010-02-08 14:39:00,2011-10-05 15:38:00,0.0,0.0,331.65999999999997,0.0,65,3,331.65999999999997,3,3,1,331,Loyal Customers
17648.0,2216.37,5,954,2010-11-19 16:41:00,2011-10-10 09:41:00,7.95,1.0,2208.42,0.3586946222877949,61,5,2208.42,3,3,4,334,Champions
17649.0,1578.89,3,723,2010-08-24 13:01:00,2011-07-24 15:53:00,36.45,2.0,1542.44,2.308583878547587,138,3,1542.44,2,3,3,233,At Risk
17650.0,166.08,1,150,2011-11-18 14:52:00,2011-11-18 14:52:00,0.0,0.0,166.08,0.0,21,1,166.08,4,1,1,411,Potential Loyalists
17651.0,5703.52,16,4086,2010-07-01 12:17:00,2011-11-28 10:29:00,70.93,6.0,5632.59,1.2436179762672877,12,16,5632.59,4,4,4,444,Champions
17652.0,4867.72,12,2509,2011-03-03 14:05:00,2011-11-14 12:55:00,130.59,6.0,4737.13,2.6827755088624654,25,12,4737.13,4,4,4,444,Champions
17653.0,1207.56,4,1409,2011-08-11 15:24:00,2011-11-03 12:46:00,31.68,1.0,1175.8799999999999,2.6234721256086653,37,4,1175.8799999999999,3,3,3,333,Champions
17654.0,117.55,1,41,2011-03-07 13:17:00,2011-03-07 13:17:00,0.0,0.0,117.55,0.0,277,1,117.55,2,1,1,211,Regular Customers
17655.0,2976.38,9,1268,2010-10-19 10:20:00,2011-11-29 11:34:00,67.2,1.0,2909.1800000000003,2.257776224810004,11,9,2909.1800000000003,4,4,4,444,Champions
17656.0,1674.69,5,1399,2011-08-03 10:45:00,2011-09-27 13:04:00,0.0,0.0,1674.69,0.0,73,5,1674.69,3,3,3,333,Champions
17657.0,126.0,1,60,2010-10-05 14:52:00,2010-10-05 14:52:00,0.0,0.0,126.0,0.0,430,1,126.0,1,1,1,111,Lost Customers
17658.0,595.42,2,616,2011-05-12 15:23:00,2011-11-14 12:07:00,109.53999999999999,1.0,485.88,18.39709784689799,26,2,485.88,3,2,2,322,Potential Loyalists
17659.0,3586.9900000000002,14,1752,2010-11-18 14:20:00,2011-11-22 13:29:00,50.66,3.0,3536.3300000000004,1.4123262122280795,17,14,3536.3300000000004,4,4,4,444,Champions
17660.0,342.22,2,259,2009-12-02 16:02:00,2011-07-21 13:37:00,0.0,0.0,342.22,0.0,141,2,342.22,2,2,2,222,Regular Customers
17662.0,412.92,2,184,2009-12-17 09:54:00,2010-02-16 09:38:00,0.0,0.0,412.92,0.0,662,2,412.92,1,2,2,122,Lost Customers
17663.0,5175.83,17,2297,2010-03-04 11:42:00,2011-11-14 08:56:00,94.79,6.0,5081.04,1.831397089935334,26,17,5081.04,3,4,4,344,Champions
17664.0,1166.23,4,1058,2010-03-29 17:17:00,2011-11-21 11:29:00,0.0,0.0,1166.23,0.0,19,4,1166.23,4,3,3,433,Champions
17665.0,563.1,1,690,2010-08-03 13:12:00,2010-08-03 13:12:00,0.0,0.0,563.1,0.0,493,1,563.1,1,1,2,112,Lost Customers
17666.0,2047.8,5,1552,2010-06-30 12:03:00,2011-12-06 09:06:00,0.0,0.0,2047.8,0.0,4,5,2047.8,4,3,3,433,Champions
17667.0,3950.7,9,2192,2010-02-23 09:57:00,2011-10-04 14:32:00,66.9,3.0,3883.7999999999997,1.693370795048979,66,9,3883.7999999999997,3,4,4,344,Champions
17668.0,347.75,2,93,2011-11-01 14:45:00,2011-12-08 13:25:00,0.0,0.0,347.75,0.0,1,2,347.75,4,2,2,422,Potential Loyalists
17669.0,6142.35,10,3505,2010-04-01 18:48:00,2011-10-28 08:53:00,0.0,0.0,6142.35,0.0,43,10,6142.35,3,4,4,344,Champions
17670.0,205.7,1,110,2011-04-26 09:12:00,2011-04-26 09:12:00,0.0,0.0,205.7,0.0,228,1,205.7,2,1,1,211,Regular Customers
17671.0,2009.16,5,987,2010-11-29 11:53:00,2011-11-24 12:21:00,288.63,2.0,1720.5300000000002,14.365705070775848,16,5,1720.5300000000002,4,3,3,433,Champions
17672.0,5778.63,7,2758,2010-01-26 17:20:00,2011-10-20 14:18:00,71.55,2.0,5707.08,1.2381827526593674,50,7,5707.08,3,4,4,344,Champions
17673.0,4173.88,13,3284,2010-03-19 14:02:00,2011-12-08 12:50:00,17.25,2.0,4156.63,0.4132845218357979,2,13,4156.63,4,4,4,444,Champions
17674.0,551.04,2,672,2010-12-06 10:20:00,2011-09-26 13:35:00,0.0,0.0,551.04,0.0,74,2,551.04,3,2,2,322,Potential Loyalists
17675.0,37642.48,70,16180,2009-12-10 16:10:00,2011-12-08 18:03:00,578.16,20.0,37064.32,1.5359243067938135,1,70,37064.32,4,4,4,444,Champions
17676.0,2448.64,10,1764,2010-03-30 10:49:00,2011-12-05 15:16:00,43.32,3.0,2405.3199999999997,1.7691453214845794,4,10,2405.3199999999997,4,4,4,444,Champions
17677.0,35058.46,54,20921,2009-12-16 11:23:00,2011-12-08 09:56:00,826.28,37.0,34232.18,2.356863364791266,2,54,34232.18,4,4,4,444,Champions
17678.0,599.76,2,368,2010-04-15 13:54:00,2011-03-21 11:52:00,19.95,1.0,579.81,3.3263305322128853,264,2,579.81,2,2,2,222,Regular Customers
17679.0,3577.61,7,1755,2009-12-03 17:32:00,2011-10-18 07:43:00,411.05,4.0,3166.56,11.489513949256626,53,7,3166.56,3,4,4,344,Champions
17680.0,497.45,3,155,2010-07-16 16:07:00,2011-11-16 12:42:00,34.95,1.0,462.5,7.025831741883608,24,3,462.5,4,3,2,432,Loyal Customers
17681.0,731.2,5,450,2010-01-15 11:53:00,2010-04-21 17:22:00,201.60000000000002,1.0,529.6,27.571115973741794,597,5,529.6,1,3,2,132,Regular Customers
17682.0,4065.28,11,2281,2010-03-08 09:49:00,2011-11-29 15:59:00,15.0,1.0,4050.28,0.3689782745591939,10,11,4050.28,4,4,4,444,Champions
17683.0,819.01,3,781,2010-06-03 17:15:00,2010-11-19 10:11:00,0.0,0.0,819.01,0.0,386,3,819.01,1,3,2,132,Regular Customers
17684.0,239.41,1,145,2011-10-27 11:10:00,2011-10-27 11:10:00,0.0,0.0,239.41,0.0,44,1,239.41,3,1,1,311,Potential Loyalists
17685.0,5454.95,12,3474,2010-02-11 13:44:00,2011-11-23 11:36:00,14.999999999999998,2.0,5439.95,0.27497960567924545,17,12,5439.95,4,4,4,444,Champions
17686.0,8296.81,9,3583,2010-06-24 09:49:00,2011-12-02 15:39:00,0.0,0.0,8296.81,0.0,7,9,8296.81,4,4,4,444,Champions
17687.0,432.68,1,210,2010-10-15 12:30:00,2010-10-15 12:30:00,0.0,0.0,432.68,0.0,421,1,432.68,1,1,2,112,Lost Customers
17688.0,304.2,1,114,2010-11-11 10:41:00,2010-11-11 10:41:00,17.700000000000003,1.0,286.5,5.81854043392505,394,1,286.5,1,1,1,111,Lost Customers
17689.0,317.08,2,300,2010-08-22 13:54:00,2010-11-16 13:22:00,0.0,0.0,317.08,0.0,388,2,317.08,1,2,1,121,Lost Customers
17690.0,6963.8,20,2939,2010-02-03 14:26:00,2011-11-09 15:17:00,9.5,1.0,6954.3,0.136419770814785,30,20,6954.3,3,4,4,344,Champions
17691.0,637.5500000000001,4,315,2010-06-11 11:50:00,2010-12-16 17:20:00,10.2,1.0,627.35,1.5998745196455177,358,4,627.35,2,3,2,232,Regular Customers
17692.0,2975.8,12,2338,2010-06-17 11:14:00,2011-08-04 14:01:00,13.4,2.0,2962.4,0.4502990792391962,127,12,2962.4,2,4,4,244,At Risk
17693.0,200.47,1,231,2011-07-25 15:48:00,2011-07-25 15:48:00,13.45,2.0,187.02,6.709233301740909,137,1,187.02,2,1,1,211,Regular Customers
17694.0,1695.97,3,1493,2010-05-26 08:27:00,2011-07-21 12:00:00,0.0,0.0,1695.97,0.0,142,3,1695.97,2,3,3,233,At Risk
17695.0,1746.04,5,1809,2010-01-28 09:27:00,2011-07-31 10:40:00,25.5,1.0,1720.54,1.46044764152024,132,5,1720.54,2,3,3,233,At Risk
17696.0,7679.59,27,5891,2009-12-10 17:09:00,2011-11-01 13:43:00,298.7,21.0,7380.89,3.8895305608762967,38,27,7380.89,3,4,4,344,Champions
17697.0,338.95,1,93,2011-04-17 15:40:00,2011-04-17 15:40:00,0.0,0.0,338.95,0.0,236,1,338.95,2,1,2,212,Regular Customers
17698.0,154.95,1,93,2011-03-24 11:34:00,2011-03-24 11:34:00,0.0,0.0,154.95,0.0,261,1,154.95,2,1,1,211,Regular Customers
17699.0,442.0,2,208,2010-05-27 11:53:00,2010-08-20 09:39:00,0.0,0.0,442.0,0.0,477,2,442.0,1,2,2,122,Lost Customers
17700.0,6679.97,14,3469,2009-12-01 11:37:00,2011-11-23 11:51:00,39.25,3.0,6640.72,0.58757748912046,17,14,6640.72,4,4,4,444,Champions
17701.0,417.95,1,109,2011-04-01 12:25:00,2011-04-01 12:25:00,0.0,0.0,417.95,0.0,253,1,417.95,2,1,2,212,Regular Customers
17702.0,3144.04,6,2153,2010-11-04 12:09:00,2011-11-09 16:03:00,144.1,3.0,2999.94,4.583275021946285,30,6,2999.94,3,3,4,334,Champions
17703.0,1094.84,4,897,2010-10-17 16:16:00,2011-11-04 15:51:00,0.0,0.0,1094.84,0.0,35,4,1094.84,3,3,3,333,Champions
17704.0,885.19,2,343,2011-04-14 09:28:00,2011-06-24 09:40:00,0.0,0.0,885.19,0.0,169,2,885.19,2,2,3,223,Regular Customers
17705.0,2083.9,11,1301,2010-05-12 09:47:00,2011-12-06 13:45:00,42.4,1.0,2041.5,2.034646576131292,3,11,2041.5,4,4,3,443,Champions
17706.0,20272.15,31,7824,2010-01-19 12:13:00,2011-12-05 13:34:00,1206.08,12.0,19066.07,5.949442954989973,4,31,19066.07,4,4,4,444,Champions
17707.0,609.3000000000001,8,546,2009-12-07 12:19:00,2011-06-07 15:03:00,4.25,1.0,605.0500000000001,0.6975217462662071,185,8,605.0500000000001,2,4,2,242,Regular Customers
17708.0,884.1800000000001,4,387,2010-10-12 12:13:00,2011-06-05 10:12:00,0.0,0.0,884.1800000000001,0.0,188,4,884.1800000000001,2,3,3,233,At Risk
17709.0,671.01,5,295,2010-04-15 14:48:00,2011-06-23 11:55:00,0.0,0.0,671.01,0.0,170,5,671.01,2,3,2,232,Regular Customers
17710.0,293.5,1,158,2010-10-12 07:49:00,2010-10-12 07:49:00,0.0,0.0,293.5,0.0,424,1,293.5,1,1,1,111,Lost Customers
17711.0,385.1,2,246,2011-02-23 11:32:00,2011-11-29 11:40:00,0.0,0.0,385.1,0.0,11,2,385.1,4,2,2,422,Potential Loyalists
17712.0,522.91,1,215,2011-10-26 12:28:00,2011-10-26 12:28:00,0.0,0.0,522.91,0.0,45,1,522.91,3,1,2,312,Potential Loyalists
17713.0,1198.09,4,989,2010-06-09 09:33:00,2010-11-22 16:50:00,0.0,0.0,1198.09,0.0,382,4,1198.09,1,3,3,133,At Risk
17714.0,1410.18,5,608,2010-07-14 10:41:00,2011-01-23 10:32:00,33.599999999999994,4.0,1376.5800000000002,2.382674552184827,321,5,1376.5800000000002,2,3,3,233,At Risk
17715.0,489.59999999999997,2,576,2010-04-26 12:17:00,2011-05-23 12:32:00,0.0,0.0,489.59999999999997,0.0,201,2,489.59999999999997,2,2,2,222,Regular Customers
17716.0,15956.97,24,8819,2009-12-02 17:18:00,2011-11-17 12:00:00,285.65,3.0,15671.32,1.7901268223227844,23,24,15671.32,4,4,4,444,Champions
17717.0,376.92,1,344,2010-10-14 12:54:00,2010-10-14 12:54:00,0.0,0.0,376.92,0.0,421,1,376.92,1,1,2,112,Lost Customers
17718.0,439.18,2,274,2010-03-05 08:01:00,2011-04-21 13:39:00,52.199999999999996,1.0,386.98,11.885787148777267,232,2,386.98,2,2,2,222,Regular Customers
17719.0,5396.04,15,2466,2011-03-29 11:29:00,2011-11-02 10:36:00,28.240000000000002,3.0,5367.8,0.523346750580055,38,15,5367.8,3,4,4,344,Champions
17720.0,2666.91,10,1589,2010-05-10 09:58:00,2011-11-13 15:04:00,53.849999999999994,2.0,2613.06,2.0191907488441676,26,10,2613.06,3,4,4,344,Champions
17721.0,307.21000000000004,1,107,2010-02-18 15:18:00,2010-02-18 15:18:00,0.0,0.0,307.21000000000004,0.0,659,1,307.21000000000004,1,1,1,111,Lost Customers
17722.0,3520.2200000000003,5,2412,2010-11-29 09:44:00,2011-09-04 15:22:00,43.4,2.0,3476.82,1.2328774906113822,96,5,3476.82,2,3,4,234,At Risk
17723.0,3378.4000000000005,7,912,2010-11-29 10:35:00,2011-08-04 18:37:00,0.0,0.0,3378.4000000000005,0.0,127,7,3378.4000000000005,2,4,4,244,At Risk
17724.0,1033.0,3,300,2011-07-24 13:26:00,2011-09-29 15:26:00,37.35,1.0,995.65,3.6156824782187806,71,3,995.65,3,3,3,333,Champions
17725.0,3439.08,11,2162,2011-03-17 19:47:00,2011-11-23 16:34:00,67.95,3.0,3371.13,1.9758191144143202,16,11,3371.13,4,4,4,444,Champions
17726.0,1092.06,7,444,2010-01-26 14:58:00,2010-11-09 13:37:00,2.5,1.0,1089.56,0.22892515063274912,395,7,1089.56,1,4,3,143,At Risk
17727.0,1060.25,1,645,2011-11-24 17:06:00,2011-11-24 17:06:00,17.700000000000003,1.0,1042.55,1.6694175901909931,15,1,1042.55,4,1,3,413,Potential Loyalists
17728.0,4238.76,5,2146,2010-09-12 14:58:00,2011-12-06 08:52:00,377.63,3.0,3861.13,8.908973379007069,4,5,3861.13,4,3,4,434,Champions
17729.0,438.65000000000003,1,247,2010-04-22 15:03:00,2010-04-22 15:03:00,0.0,0.0,438.65000000000003,0.0,596,1,438.65000000000003,1,1,2,112,Lost Customers
17730.0,7773.8,20,5300,2010-04-29 11:48:00,2011-12-06 15:43:00,16.45,3.0,7757.35,0.21160822249093109,3,20,7757.35,4,4,4,444,Champions
17731.0,1708.99,6,707,2010-02-09 12:37:00,2011-09-21 15:02:00,361.90999999999997,1.0,1347.08,21.176835440815918,79,6,1347.08,3,3,3,333,Champions
17732.0,2166.42,8,1058,2010-08-09 08:41:00,2010-12-02 09:29:00,22.25,2.0,2144.17,1.0270400014770913,373,8,2144.17,2,4,3,243,At Risk
17733.0,692.19,2,463,2011-03-23 09:54:00,2011-11-01 08:16:00,0.0,0.0,692.19,0.0,39,2,692.19,3,2,2,322,Potential Loyalists
17734.0,1442.32,6,741,2010-03-07 13:55:00,2011-10-17 12:33:00,0.0,0.0,1442.32,0.0,54,6,1442.32,3,3,3,333,Champions
17735.0,16790.33,26,10683,2010-07-30 13:25:00,2011-12-07 16:47:00,82.35,3.0,16707.980000000003,0.4904608783746358,2,26,16707.980000000003,4,4,4,444,Champions
17736.0,377.44,3,238,2011-08-18 14:33:00,2011-11-30 15:36:00,39.95,1.0,337.49,10.584463755828741,9,3,337.49,4,3,2,432,Loyal Customers
17737.0,168.24,2,108,2011-10-12 14:42:00,2011-11-30 15:16:00,0.0,0.0,168.24,0.0,9,2,168.24,4,2,1,421,Potential Loyalists
17738.0,4183.56,13,2776,2010-03-19 10:07:00,2011-11-20 15:05:00,38.2,2.0,4145.360000000001,0.9130979357293787,19,13,4145.360000000001,4,4,4,444,Champions
17739.0,7730.59,18,2335,2009-12-07 10:48:00,2011-11-28 09:12:00,12.450000000000001,2.0,7718.14,0.16104850988087585,12,18,7718.14,4,4,4,444,Champions
17740.0,426.9,6,222,2010-01-11 13:11:00,2010-11-15 16:33:00,0.0,0.0,426.9,0.0,389,6,426.9,1,3,2,132,Regular Customers
17741.0,101.1,2,114,2010-05-28 12:11:00,2010-10-29 11:59:00,0.0,0.0,101.1,0.0,407,2,101.1,1,2,1,121,Lost Customers
17742.0,2098.48,11,653,2009-12-01 13:16:00,2011-08-18 15:28:00,0.0,0.0,2098.48,0.0,113,11,2098.48,2,4,3,243,At Risk
17743.0,229.2,1,96,2010-09-17 14:54:00,2010-09-17 14:54:00,20.349999999999998,1.0,208.85,8.87870855148342,448,1,208.85,1,1,1,111,Lost Customers
17744.0,2649.14,7,3826,2010-11-24 09:34:00,2011-12-06 12:11:00,31.32,1.0,2617.8199999999997,1.1822704726817006,4,7,2617.8199999999997,4,4,4,444,Champions
17745.0,600.34,2,164,2010-06-02 09:03:00,2010-08-19 12:30:00,0.0,0.0,600.34,0.0,478,2,600.34,1,2,2,122,Lost Customers
17746.0,904.1800000000001,4,688,2010-04-08 12:54:00,2011-04-13 14:31:00,30.75,3.0,873.4300000000001,3.400871507885598,240,4,873.4300000000001,2,3,3,233,At Risk
17747.0,71.4,1,12,2011-08-19 08:13:00,2011-08-19 08:13:00,6.75,1.0,64.65,9.453781512605042,113,1,64.65,2,1,1,211,Regular Customers
17748.0,358.15,1,111,2010-06-30 13:49:00,2010-06-30 13:49:00,0.0,0.0,358.15,0.0,527,1,358.15,1,1,2,112,Lost Customers
17749.0,1026.18,3,446,2010-06-11 14:56:00,2011-06-14 15:45:00,0.0,0.0,1026.18,0.0,178,3,1026.18,2,3,3,233,At Risk
17750.0,1710.45,9,3747,2011-06-28 15:44:00,2011-12-04 14:09:00,0.0,0.0,1710.45,0.0,5,9,1710.45,4,4,3,443,Champions
17751.0,157.85999999999999,1,147,2010-10-14 13:57:00,2010-10-14 13:57:00,0.0,0.0,157.85999999999999,0.0,421,1,157.85999999999999,1,1,1,111,Lost Customers
17752.0,80.64,1,192,2010-12-15 16:19:00,2010-12-15 16:19:00,0.0,0.0,80.64,0.0,359,1,80.64,2,1,1,211,Regular Customers
17753.0,382.06,4,124,2010-01-06 14:20:00,2010-09-01 15:49:00,2.5,1.0,379.56,0.6543474846882689,464,4,379.56,1,3,2,132,Regular Customers
17754.0,4451.22,13,4366,2009-12-11 15:52:00,2011-12-09 11:20:00,68.14,3.0,4383.08,1.530816270595477,1,13,4383.08,4,4,4,444,Champions
17756.0,728.75,3,399,2010-11-10 12:54:00,2010-11-29 12:20:00,0.0,0.0,728.75,0.0,376,3,728.75,2,3,2,232,Regular Customers
17757.0,9074.05,56,5011,2010-01-13 15:56:00,2011-12-08 15:31:00,79.61,4.0,8994.439999999999,0.8773370215063837,1,56,8994.439999999999,4,4,4,444,Champions
17758.0,4964.03,12,3199,2010-05-20 13:18:00,2011-11-20 14:45:00,0.0,0.0,4964.03,0.0,19,12,4964.03,4,4,4,444,Champions
17759.0,1261.88,5,965,2010-05-05 11:40:00,2011-11-22 16:02:00,0.0,0.0,1261.88,0.0,17,5,1261.88,4,3,3,433,Champions
17760.0,746.39,6,531,2010-02-28 12:15:00,2011-11-18 10:56:00,7.25,1.0,739.14,0.9713420597810796,22,6,739.14,4,3,2,432,Loyal Customers
17761.0,712.78,1,398,2011-11-07 10:23:00,2011-11-07 10:23:00,0.0,0.0,712.78,0.0,33,1,712.78,3,1,2,312,Potential Loyalists
17762.0,129.75,1,129,2010-09-09 17:40:00,2010-09-09 17:40:00,0.0,0.0,129.75,0.0,456,1,129.75,1,1,1,111,Lost Customers
17763.0,86.15,4,41,2010-02-18 14:32:00,2011-03-21 14:25:00,35.0,1.0,51.150000000000006,40.62681369704004,263,4,51.150000000000006,2,3,1,231,Regular Customers
17764.0,1513.57,5,674,2009-12-03 14:28:00,2011-10-20 11:03:00,0.0,0.0,1513.57,0.0,51,5,1513.57,3,3,3,333,Champions
17765.0,524.0,4,195,2010-09-17 12:45:00,2011-07-04 12:41:00,0.0,0.0,524.0,0.0,159,4,524.0,2,3,2,232,Regular Customers
17766.0,299.61,2,155,2010-11-23 14:17:00,2010-11-23 14:29:00,0.0,0.0,299.61,0.0,381,2,299.61,1,2,1,121,Lost Customers
17767.0,413.05,2,198,2010-10-25 16:22:00,2011-11-24 14:42:00,0.0,0.0,413.05,0.0,15,2,413.05,4,2,2,422,Potential Loyalists
17768.0,3292.73,7,2339,2009-12-02 12:26:00,2011-12-01 13:22:00,4.95,1.0,3287.78,0.15033118415418212,8,7,3287.78,4,4,4,444,Champions
17769.0,7053.38,17,3157,2010-01-19 11:33:00,2011-11-27 11:18:00,108.42,4.0,6944.96,1.53713538757305,13,17,6944.96,4,4,4,444,Champions
17770.0,1143.27,5,365,2011-03-02 13:35:00,2011-05-25 12:34:00,0.0,0.0,1143.27,0.0,199,5,1143.27,2,3,3,233,At Risk
17771.0,387.41,4,373,2010-04-29 13:21:00,2011-10-14 11:43:00,0.0,0.0,387.41,0.0,57,4,387.41,3,3,2,332,Loyal Customers
17772.0,360.75,3,113,2010-11-12 11:31:00,2011-11-29 11:05:00,0.0,0.0,360.75,0.0,11,3,360.75,4,3,2,432,Loyal Customers
17773.0,575.37,2,254,2010-01-18 14:32:00,2010-07-13 14:07:00,0.0,0.0,575.37,0.0,514,2,575.37,1,2,2,122,Lost Customers
17774.0,3273.83,9,1585,2010-02-08 16:06:00,2011-09-04 12:49:00,382.35,4.0,2891.48,11.678981498733899,97,9,2891.48,2,4,4,244,At Risk
17775.0,56.4,1,72,2011-03-30 10:50:00,2011-03-30 10:50:00,0.0,0.0,56.4,0.0,255,1,56.4,2,1,1,211,Regular Customers
17776.0,330.56,2,273,2009-12-16 14:59:00,2010-11-18 12:14:00,6.75,1.0,323.81,2.0419893514036787,387,2,323.81,1,2,1,121,Lost Customers
17777.0,647.56,3,501,2011-08-31 14:35:00,2011-11-15 12:02:00,0.0,0.0,647.56,0.0,25,3,647.56,4,3,2,432,Loyal Customers
17778.0,197.70000000000002,1,214,2010-02-16 12:44:00,2010-02-16 12:44:00,0.0,0.0,197.70000000000002,0.0,662,1,197.70000000000002,1,1,1,111,Lost Customers
17779.0,650.32,3,396,2011-07-19 12:19:00,2011-11-18 14:15:00,16.4,2.0,633.9200000000001,2.5218354041087463,21,3,633.9200000000001,4,3,2,432,Loyal Customers
17780.0,346.56,3,156,2010-01-24 11:21:00,2010-02-10 13:43:00,0.0,0.0,346.56,0.0,667,3,346.56,1,3,2,132,Regular Customers
17781.0,188.02,2,34,2011-03-31 19:54:00,2011-07-03 16:00:00,0.0,0.0,188.02,0.0,159,2,188.02,2,2,1,221,Regular Customers
17782.0,679.02,2,538,2010-11-22 10:03:00,2010-11-22 11:15:00,0.0,0.0,679.02,0.0,383,2,679.02,1,2,2,122,Lost Customers
17783.0,376.96,3,438,2010-07-15 12:50:00,2011-09-28 16:07:00,0.0,0.0,376.96,0.0,72,3,376.96,3,3,2,332,Loyal Customers
17784.0,112.86,1,72,2010-06-07 16:08:00,2010-06-07 16:08:00,0.0,0.0,112.86,0.0,550,1,112.86,1,1,1,111,Lost Customers
17785.0,403.38,3,227,2010-05-23 13:01:00,2011-10-17 13:43:00,0.0,0.0,403.38,0.0,53,3,403.38,3,3,2,332,Loyal Customers
17786.0,266.85,2,195,2011-01-26 14:35:00,2011-09-15 12:51:00,0.0,0.0,266.85,0.0,85,2,266.85,3,2,1,321,Potential Loyalists
17787.0,1817.54,4,896,2010-12-03 13:43:00,2011-07-10 11:24:00,0.0,0.0,1817.54,0.0,153,4,1817.54,2,3,3,233,At Risk
17788.0,1117.9,2,211,2011-08-02 10:38:00,2011-09-27 10:09:00,0.0,0.0,1117.9,0.0,74,2,1117.9,3,2,3,323,Potential Loyalists
17789.0,397.15,2,199,2010-02-16 13:16:00,2011-03-03 13:14:00,0.0,0.0,397.15,0.0,281,2,397.15,2,2,2,222,Regular Customers
17790.0,2779.41,20,1387,2010-06-13 13:30:00,2011-11-13 11:30:00,0.0,0.0,2779.41,0.0,27,20,2779.41,3,4,4,344,Champions
17791.0,106.1,1,46,2011-11-10 12:09:00,2011-11-10 12:09:00,0.0,0.0,106.1,0.0,30,1,106.1,3,1,1,311,Potential Loyalists
17792.0,368.35,2,149,2010-08-18 13:08:00,2010-08-29 14:30:00,0.0,0.0,368.35,0.0,467,2,368.35,1,2,2,122,Lost Customers
17793.0,300.34,1,226,2011-11-14 14:24:00,2011-11-14 14:24:00,0.0,0.0,300.34,0.0,25,1,300.34,4,1,1,411,Potential Loyalists
17794.0,147.3,2,46,2010-01-20 12:17:00,2010-01-22 10:18:00,0.0,0.0,147.3,0.0,687,2,147.3,1,2,1,121,Lost Customers
17795.0,342.83,2,305,2011-03-20 12:02:00,2011-06-13 12:36:00,0.0,0.0,342.83,0.0,180,2,342.83,2,2,2,222,Regular Customers
17796.0,1236.39,7,347,2010-10-14 13:37:00,2011-10-30 15:38:00,0.0,0.0,1236.39,0.0,40,7,1236.39,3,4,3,343,Champions
17797.0,1971.87,8,1086,2009-12-15 14:30:00,2011-11-17 13:21:00,0.0,0.0,1971.87,0.0,22,8,1971.87,4,4,3,443,Champions
17798.0,178.07,1,138,2010-05-07 11:42:00,2010-05-07 11:42:00,0.0,0.0,178.07,0.0,582,1,178.07,1,1,1,111,Lost Customers
17799.0,6246.93,20,3674,2009-12-13 16:03:00,2011-11-17 15:16:00,125.14999999999999,3.0,6121.780000000001,2.003384062251378,22,20,6121.780000000001,4,4,4,444,Champions
17800.0,1187.21,9,732,2011-01-09 13:50:00,2011-11-02 12:57:00,0.0,0.0,1187.21,0.0,37,9,1187.21,3,4,3,343,Champions
17801.0,770.03,3,820,2010-01-17 11:31:00,2010-09-14 14:32:00,2.55,1.0,767.48,0.33115592898977964,451,3,767.48,1,3,2,132,Regular Customers
17802.0,4946.22,10,2705,2009-12-13 13:39:00,2011-09-18 14:56:00,137.28,6.0,4808.9400000000005,2.7754527699940557,82,10,4808.9400000000005,3,4,4,344,Champions
17803.0,184.66,1,98,2010-11-12 13:53:00,2010-11-12 13:53:00,0.0,0.0,184.66,0.0,392,1,184.66,1,1,1,111,Lost Customers
17804.0,383.78000000000003,3,194,2009-12-01 12:22:00,2010-11-28 14:01:00,5.1,1.0,378.68,1.3288863411329406,376,3,378.68,2,3,2,232,Regular Customers
17805.0,927.03,2,1126,2010-04-08 14:36:00,2011-09-27 11:49:00,0.0,0.0,927.03,0.0,74,2,927.03,3,2,3,323,Potential Loyalists
17806.0,546.04,1,727,2011-11-28 14:12:00,2011-11-28 14:12:00,0.0,0.0,546.04,0.0,11,1,546.04,4,1,2,412,Potential Loyalists
17807.0,437.87,3,262,2010-01-04 14:00:00,2010-11-09 16:21:00,0.0,0.0,437.87,0.0,395,3,437.87,1,3,2,132,Regular Customers
17808.0,262.64,4,143,2010-05-07 16:26:00,2010-06-09 10:44:00,0.0,0.0,262.64,0.0,549,4,262.64,1,3,1,131,Regular Customers
17809.0,10085.89,20,2995,2009-12-02 14:52:00,2011-11-23 12:59:00,838.54,4.0,9247.349999999999,8.31399113018286,16,20,9247.349999999999,4,4,4,444,Champions
17810.0,373.16,2,118,2010-01-25 10:26:00,2010-02-09 10:47:00,29.95,1.0,343.21000000000004,8.026047807910814,669,2,343.21000000000004,1,2,2,122,Lost Customers
17811.0,9519.8,47,5278,2010-09-20 11:24:00,2011-12-05 13:46:00,161.27,13.0,9358.529999999999,1.6940481942897962,4,47,9358.529999999999,4,4,4,444,Champions
17812.0,911.99,7,444,2010-06-27 13:34:00,2011-11-27 11:47:00,0.0,0.0,911.99,0.0,13,7,911.99,4,4,3,443,Champions
17813.0,1698.07,5,752,2011-09-29 15:57:00,2011-11-25 16:13:00,56.28,2.0,1641.79,3.314350998486517,14,5,1641.79,4,3,3,433,Champions
17814.0,1609.37,2,1435,2010-10-13 14:03:00,2010-11-29 14:21:00,0.0,0.0,1609.37,0.0,375,2,1609.37,2,2,3,223,Regular Customers
17815.0,591.96,1,612,2010-11-11 14:39:00,2010-11-11 14:39:00,0.0,0.0,591.96,0.0,393,1,591.96,1,1,2,112,Lost Customers
17816.0,96.11,6,80,2009-12-15 15:27:00,2011-11-03 11:34:00,0.0,0.0,96.11,0.0,37,6,96.11,3,3,1,331,Loyal Customers
17817.0,788.15,6,353,2010-10-13 15:07:00,2011-12-05 14:39:00,6.7,1.0,781.4499999999999,0.8500919875658187,4,6,781.4499999999999,4,3,2,432,Loyal Customers
17818.0,124.78,1,86,2009-12-02 11:34:00,2009-12-02 11:34:00,0.0,0.0,124.78,0.0,738,1,124.78,1,1,1,111,Lost Customers
17819.0,6021.05,12,1610,2009-12-13 15:24:00,2011-09-29 10:52:00,43.8,1.0,5977.25,0.7274478703880551,72,12,5977.25,3,4,4,344,Champions
17820.0,180.60999999999999,1,111,2010-11-30 17:43:00,2010-11-30 17:43:00,24.05,2.0,156.55999999999997,13.31598471845413,374,1,156.55999999999997,2,1,1,211,Regular Customers
17821.0,334.62,1,162,2010-10-29 13:20:00,2010-10-29 13:20:00,0.0,0.0,334.62,0.0,406,1,334.62,1,1,1,111,Lost Customers
17822.0,2162.93,5,1375,2010-05-28 12:15:00,2010-10-15 13:47:00,0.0,0.0,2162.93,0.0,420,5,2162.93,1,3,3,133,At Risk
17823.0,449.25,2,252,2010-10-14 16:14:00,2010-10-14 16:24:00,0.0,0.0,449.25,0.0,421,2,449.25,1,2,2,122,Lost Customers
17824.0,298.4,1,408,2011-10-19 14:14:00,2011-10-19 14:14:00,0.0,0.0,298.4,0.0,51,1,298.4,3,1,1,311,Potential Loyalists
17825.0,701.96,4,516,2009-12-14 12:09:00,2010-04-20 12:01:00,0.0,0.0,701.96,0.0,599,4,701.96,1,3,2,132,Regular Customers
17826.0,133.34,1,84,2010-11-30 13:23:00,2010-11-30 13:23:00,0.0,0.0,133.34,0.0,374,1,133.34,2,1,1,211,Regular Customers
17827.0,2376.17,6,1582,2010-03-28 12:20:00,2011-12-04 15:00:00,6.75,1.0,2369.42,0.2840705841753746,5,6,2369.42,4,3,4,434,Champions
17828.0,1820.09,4,667,2011-06-08 08:31:00,2011-11-17 08:41:00,220.12,5.0,1599.9699999999998,12.093907444137379,23,4,1599.9699999999998,4,3,3,433,Champions
17829.0,4756.74,5,3009,2010-02-22 15:39:00,2011-02-14 12:46:00,76.32000000000001,1.0,4680.42,1.6044601975302415,299,5,4680.42,2,3,4,234,At Risk
17830.0,398.7,3,92,2011-02-24 10:15:00,2011-12-08 12:28:00,0.0,0.0,398.7,0.0,2,3,398.7,4,3,2,432,Loyal Customers
17831.0,35.400000000000006,1,12,2011-11-06 15:09:00,2011-11-06 15:09:00,0.0,0.0,35.400000000000006,0.0,33,1,35.400000000000006,3,1,1,311,Potential Loyalists
17832.0,155.37,1,208,2011-10-21 11:43:00,2011-10-21 11:43:00,0.0,0.0,155.37,0.0,50,1,155.37,3,1,1,311,Potential Loyalists
17833.0,338.46000000000004,1,143,2009-12-16 13:40:00,2009-12-16 13:40:00,0.0,0.0,338.46000000000004,0.0,723,1,338.46000000000004,1,1,2,112,Lost Customers
17834.0,689.6700000000001,2,639,2010-09-20 15:32:00,2010-10-21 12:09:00,0.0,0.0,689.6700000000001,0.0,415,2,689.6700000000001,1,2,2,122,Lost Customers
17835.0,342.24,3,344,2011-11-16 16:30:00,2011-12-07 11:48:00,0.0,0.0,342.24,0.0,3,3,342.24,4,3,2,432,Loyal Customers
17836.0,110.21000000000001,1,88,2011-10-23 16:13:00,2011-10-23 16:13:00,0.0,0.0,110.21000000000001,0.0,47,1,110.21000000000001,3,1,1,311,Potential Loyalists
17837.0,1541.23,8,510,2011-06-29 16:44:00,2011-10-28 16:13:00,32.85,2.0,1508.38,2.13141451957203,42,8,1508.38,3,4,3,343,Champions
17838.0,5604.64,13,3491,2010-03-19 09:53:00,2011-11-13 11:20:00,470.15,2.0,5134.490000000001,8.388585172285818,27,13,5134.490000000001,3,4,4,344,Champions
17839.0,318.15,1,257,2011-10-28 17:27:00,2011-10-28 17:27:00,0.0,0.0,318.15,0.0,42,1,318.15,3,1,1,311,Potential Loyalists
17840.0,175.9,1,128,2010-09-22 12:24:00,2010-09-22 12:24:00,0.0,0.0,175.9,0.0,444,1,175.9,1,1,1,111,Lost Customers
17841.0,68545.25,211,36584,2009-12-02 15:41:00,2011-12-08 12:07:00,1358.38,78.0,67186.87,1.98172739905391,2,211,67186.87,4,4,4,444,Champions
17842.0,430.69,1,89,2010-04-16 14:23:00,2010-04-16 14:23:00,0.0,0.0,430.69,0.0,602,1,430.69,1,1,2,112,Lost Customers
17843.0,320.4,2,251,2010-10-24 10:56:00,2011-02-09 15:33:00,0.0,0.0,320.4,0.0,303,2,320.4,2,2,1,221,Regular Customers
17844.0,51.559999999999995,1,52,2011-08-25 11:27:00,2011-08-25 11:27:00,0.0,0.0,51.559999999999995,0.0,107,1,51.559999999999995,2,1,1,211,Regular Customers
17845.0,596.09,4,195,2010-05-12 13:04:00,2010-06-02 15:20:00,0.0,0.0,596.09,0.0,555,4,596.09,1,3,2,132,Regular Customers
17846.0,2033.1,1,1,2011-09-15 15:20:00,2011-09-15 15:20:00,0.0,0.0,2033.1,0.0,85,1,2033.1,3,1,3,313,Potential Loyalists
17847.0,129.69,2,29,2010-03-04 12:57:00,2010-07-12 10:00:00,0.0,0.0,129.69,0.0,516,2,129.69,1,2,1,121,Lost Customers
17848.0,3559.11,30,1404,2009-12-06 13:19:00,2011-09-19 16:49:00,12.75,1.0,3546.36,0.35823562632231093,81,30,3546.36,3,4,4,344,Champions
17849.0,1063.76,8,224,2010-03-14 15:17:00,2011-05-05 13:46:00,0.0,0.0,1063.76,0.0,218,8,1063.76,2,4,3,243,At Risk
17850.0,51208.87,155,21052,2009-12-05 12:28:00,2010-12-02 15:27:00,801.1,4.0,50407.770000000004,1.5643774213334527,372,155,50407.770000000004,2,4,4,244,At Risk
17851.0,1552.35,6,933,2009-12-03 17:46:00,2010-10-13 15:13:00,0.0,0.0,1552.35,0.0,422,6,1552.35,1,3,3,133,At Risk
17852.0,657.8100000000001,5,372,2009-12-08 12:51:00,2011-11-28 12:36:00,0.0,0.0,657.8100000000001,0.0,12,5,657.8100000000001,4,3,2,432,Loyal Customers
17853.0,1596.29,3,625,2009-12-03 15:09:00,2010-10-28 15:29:00,0.0,0.0,1596.29,0.0,407,3,1596.29,1,3,3,133,At Risk
17854.0,1068.5,6,607,2009-12-08 11:13:00,2011-06-07 16:21:00,0.0,0.0,1068.5,0.0,185,6,1068.5,2,3,3,233,At Risk
17855.0,208.97,1,197,2010-12-02 09:44:00,2010-12-02 09:44:00,0.0,0.0,208.97,0.0,373,1,208.97,2,1,1,211,Regular Customers
17856.0,1418.03,4,842,2011-03-03 11:40:00,2011-12-08 09:40:00,24.240000000000002,2.0,1393.79,1.7094137641657796,2,4,1393.79,4,3,3,433,Champions
17857.0,27347.04,24,19906,2010-03-08 12:09:00,2011-12-05 13:13:00,115.69999999999999,2.0,27231.34,0.42308052352283826,4,24,27231.34,4,4,4,444,Champions
17858.0,12518.65,30,5383,2009-12-06 15:41:00,2011-12-04 11:56:00,74.35,2.0,12444.3,0.5939138804903085,6,30,12444.3,4,4,4,444,Champions
17859.0,141.92000000000002,1,102,2011-02-08 10:32:00,2011-02-08 10:32:00,0.0,0.0,141.92000000000002,0.0,305,1,141.92000000000002,2,1,1,211,Regular Customers
17860.0,717.39,4,696,2009-12-11 16:48:00,2010-12-06 12:41:00,0.0,0.0,717.39,0.0,369,4,717.39,2,3,2,232,Regular Customers
17861.0,5088.29,18,4541,2009-12-10 11:27:00,2011-12-06 16:21:00,63.1,4.0,5025.19,1.240102274044915,3,18,5025.19,4,4,4,444,Champions
17862.0,1254.89,4,440,2010-05-25 17:22:00,2011-01-20 12:23:00,0.0,0.0,1254.89,0.0,324,4,1254.89,2,3,3,233,At Risk
17863.0,5360.48,12,4676,2010-02-25 12:01:00,2011-10-11 13:45:00,0.0,0.0,5360.48,0.0,59,12,5360.48,3,4,4,344,Champions
17864.0,876.57,5,1015,2010-10-08 11:49:00,2011-11-27 11:15:00,0.0,0.0,876.57,0.0,13,5,876.57,4,3,3,433,Champions
17865.0,26312.190000000002,46,12950,2009-12-01 10:49:00,2011-11-09 12:08:00,725.3399999999999,16.0,25586.850000000002,2.7566690571936423,31,46,25586.850000000002,3,4,4,344,Champions
17866.0,1134.95,3,535,2009-12-14 16:01:00,2011-07-20 11:07:00,3.95,1.0,1131.0,0.34803295299352394,143,3,1131.0,2,3,3,233,At Risk
17867.0,1582.0500000000002,15,638,2009-12-02 13:39:00,2011-11-09 14:15:00,725.5,5.0,856.5500000000002,45.85822192724629,30,15,856.5500000000002,3,4,3,343,Champions
17868.0,227.15,1,85,2010-11-18 18:55:00,2010-11-18 18:55:00,0.0,0.0,227.15,0.0,386,1,227.15,1,1,1,111,Lost Customers
17869.0,813.64,7,491,2010-06-10 13:47:00,2011-08-24 16:16:00,0.0,0.0,813.64,0.0,107,7,813.64,2,4,2,242,Regular Customers
17870.0,2753.29,13,1699,2010-11-23 11:39:00,2011-12-07 15:07:00,4.95,1.0,2748.34,0.179784911869073,2,13,2748.34,4,4,4,444,Champions
17871.0,1068.95,5,665,2010-01-15 14:48:00,2011-05-19 11:32:00,0.0,0.0,1068.95,0.0,205,5,1068.95,2,3,3,233,At Risk
17872.0,235.87,1,176,2010-11-23 12:02:00,2010-11-23 12:02:00,0.0,0.0,235.87,0.0,382,1,235.87,1,1,1,111,Lost Customers
17873.0,6265.33,18,4159,2009-12-16 15:11:00,2011-09-20 16:41:00,286.32,2.0,5979.01,4.569910922489318,80,18,5979.01,3,4,4,344,Champions
17874.0,683.46,6,221,2011-03-29 11:25:00,2011-06-07 12:54:00,25.200000000000003,1.0,658.26,3.6871214116407693,185,6,658.26,2,3,2,232,Regular Customers
17875.0,167.1,1,98,2010-01-20 15:30:00,2010-01-20 15:30:00,0.0,0.0,167.1,0.0,688,1,167.1,1,1,1,111,Lost Customers
17876.0,3424.02,3,1958,2010-02-02 13:00:00,2010-11-05 10:52:00,0.0,0.0,3424.02,0.0,400,3,3424.02,1,3,4,134,At Risk
17877.0,237.61,1,98,2011-06-22 13:00:00,2011-06-22 13:00:00,0.0,0.0,237.61,0.0,170,1,237.61,2,1,1,211,Regular Customers
17878.0,1378.93,3,1014,2010-11-09 13:50:00,2011-10-27 11:24:00,0.0,0.0,1378.93,0.0,44,3,1378.93,3,3,3,333,Champions
17879.0,178.51999999999998,1,45,2011-06-19 12:36:00,2011-06-19 12:36:00,0.0,0.0,178.51999999999998,0.0,174,1,178.51999999999998,2,1,1,211,Regular Customers
17880.0,824.9200000000001,3,466,2009-12-09 16:13:00,2010-12-10 10:21:00,0.0,0.0,824.9200000000001,0.0,365,3,824.9200000000001,2,3,2,232,Regular Customers
17881.0,133.35000000000002,1,32,2011-02-08 17:16:00,2011-02-08 17:16:00,0.0,0.0,133.35000000000002,0.0,304,1,133.35000000000002,2,1,1,211,Regular Customers
17882.0,291.56,2,130,2010-11-25 14:35:00,2010-11-25 14:40:00,0.0,0.0,291.56,0.0,379,2,291.56,2,2,1,221,Regular Customers
17883.0,988.42,7,476,2010-02-25 20:07:00,2011-12-06 17:49:00,15.9,1.0,972.52,1.6086279112118331,3,7,972.52,4,4,3,443,Champions
17884.0,2698.47,20,2749,2009-12-04 16:23:00,2011-12-06 11:33:00,44.0,3.0,2654.47,1.6305536100086349,4,20,2654.47,4,4,4,444,Champions
17885.0,156.34,1,110,2011-11-27 14:40:00,2011-11-27 14:40:00,0.0,0.0,156.34,0.0,12,1,156.34,4,1,1,411,Potential Loyalists
17886.0,1572.55,6,711,2010-04-29 11:10:00,2011-11-08 10:09:00,9.95,1.0,1562.6,0.6327302788464596,32,6,1562.6,3,3,3,333,Champions
17887.0,111.35,1,30,2011-08-02 17:29:00,2011-08-02 17:29:00,0.0,0.0,111.35,0.0,129,1,111.35,2,1,1,211,Regular Customers
17888.0,1807.44,25,1536,2009-12-21 16:34:00,2011-11-18 13:45:00,501.54,6.0,1305.9,27.74863895896959,21,25,1305.9,4,4,3,443,Champions
17889.0,746.42,7,403,2010-03-31 10:54:00,2011-05-11 16:26:00,0.0,0.0,746.42,0.0,212,7,746.42,2,4,2,242,Regular Customers
17890.0,586.89,2,402,2010-12-13 15:12:00,2011-01-21 11:19:00,0.0,0.0,586.89,0.0,323,2,586.89,2,2,2,222,Regular Customers
17891.0,203.85999999999999,1,393,2011-06-30 20:08:00,2011-06-30 20:08:00,0.0,0.0,203.85999999999999,0.0,162,1,203.85999999999999,2,1,1,211,Regular Customers
17892.0,244.1,3,109,2011-07-07 12:56:00,2011-10-14 16:49:00,0.0,0.0,244.1,0.0,56,3,244.1,3,3,1,331,Loyal Customers
17893.0,107.21,1,149,2011-04-28 13:50:00,2011-04-28 13:50:00,0.0,0.0,107.21,0.0,225,1,107.21,2,1,1,211,Regular Customers
17894.0,2304.58,18,938,2010-08-27 14:13:00,2011-09-29 09:23:00,55.72,2.0,2248.86,2.4177941316856,72,18,2248.86,3,4,4,344,Champions
17895.0,95.45,1,127,2011-10-26 17:00:00,2011-10-26 17:00:00,0.0,0.0,95.45,0.0,44,1,95.45,3,1,1,311,Potential Loyalists
17896.0,256.32,1,288,2011-11-16 13:59:00,2011-11-16 13:59:00,0.0,0.0,256.32,0.0,23,1,256.32,4,1,1,411,Potential Loyalists
17897.0,2099.89,9,864,2010-05-12 16:03:00,2011-06-20 11:23:00,25.5,1.0,2074.39,1.2143493230597795,173,9,2074.39,2,4,3,243,At Risk
17898.0,299.18,4,251,2010-05-21 17:22:00,2011-09-15 14:56:00,0.0,0.0,299.18,0.0,85,4,299.18,3,3,1,331,Loyal Customers
17899.0,154.55,1,170,2011-07-03 14:58:00,2011-07-03 14:58:00,0.0,0.0,154.55,0.0,159,1,154.55,2,1,1,211,Regular Customers
17900.0,112.19999999999999,2,73,2011-06-02 14:28:00,2011-06-02 14:38:00,97.19999999999999,2.0,15.0,86.63101604278076,190,2,15.0,2,2,1,221,Regular Customers
17901.0,260.08,3,38,2010-07-06 10:54:00,2011-11-10 17:29:00,0.0,0.0,260.08,0.0,29,3,260.08,3,3,1,331,Loyal Customers
17902.0,216.39999999999998,1,526,2010-06-11 12:25:00,2010-06-11 12:25:00,0.0,0.0,216.39999999999998,0.0,547,1,216.39999999999998,1,1,1,111,Lost Customers
17903.0,381.09000000000003,1,142,2010-11-10 15:39:00,2010-11-10 15:39:00,0.0,0.0,381.09000000000003,0.0,394,1,381.09000000000003,1,1,2,112,Lost Customers
17904.0,181.07,1,59,2011-11-18 12:57:00,2011-11-18 12:57:00,12.75,1.0,168.32,7.041475672391893,21,1,168.32,4,1,1,411,Potential Loyalists
17905.0,2178.87,13,1299,2010-01-28 17:54:00,2011-09-29 17:33:00,9.3,1.0,2169.5699999999997,0.4268267496454585,71,13,2169.5699999999997,3,4,3,343,Champions
17906.0,72.9,1,26,2011-04-06 17:25:00,2011-04-06 17:25:00,0.0,0.0,72.9,0.0,247,1,72.9,2,1,1,211,Regular Customers
17907.0,291.76,1,1046,2010-03-09 12:33:00,2010-03-09 12:33:00,0.0,0.0,291.76,0.0,641,1,291.76,1,1,1,111,Lost Customers
17908.0,1142.47,5,670,2009-12-14 12:24:00,2010-12-01 11:45:00,53.65,2.0,1088.82,4.695965758400658,374,5,1088.82,2,3,3,233,At Risk
17909.0,110.05,1,35,2009-12-02 13:10:00,2009-12-02 13:10:00,0.0,0.0,110.05,0.0,737,1,110.05,1,1,1,111,Lost Customers
17910.0,261.7,1,121,2009-12-13 16:04:00,2009-12-13 16:04:00,0.0,0.0,261.7,0.0,726,1,261.7,1,1,1,111,Lost Customers
17911.0,366.23,1,223,2011-11-30 14:52:00,2011-11-30 14:52:00,0.0,0.0,366.23,0.0,9,1,366.23,4,1,2,412,Potential Loyalists
17912.0,374.55,6,215,2010-11-29 13:53:00,2011-02-02 14:25:00,15.399999999999999,1.0,359.15000000000003,4.111600587371512,310,6,359.15000000000003,2,3,2,232,Regular Customers
17913.0,3429.29,14,1725,2009-12-03 13:02:00,2011-10-12 10:45:00,0.0,0.0,3429.29,0.0,59,14,3429.29,3,4,4,344,Champions
17914.0,329.36,1,457,2011-12-06 11:58:00,2011-12-06 11:58:00,0.0,0.0,329.36,0.0,4,1,329.36,4,1,1,421,Potential Loyalists
17915.0,225.78,1,184,2010-06-06 13:22:00,2010-06-06 13:22:00,0.0,0.0,225.78,0.0,551,1,225.78,1,2,1,121,Lost Customers
17916.0,43.87,2,90,2009-12-06 14:10:00,2010-03-21 12:26:00,0.0,0.0,43.87,0.0,629,2,43.87,1,2,1,121,Lost Customers
17917.0,335.03,3,184,2010-12-12 12:08:00,2011-10-25 13:20:00,0.0,0.0,335.03,0.0,45,3,335.03,3,3,1,331,Loyal Customers
17918.0,396.39,3,352,2010-07-22 14:20:00,2010-07-27 11:51:00,0.0,0.0,396.39,0.0,501,3,396.39,1,3,2,132,Regular Customers
17919.0,1840.32,2,1452,2010-09-27 10:40:00,2011-09-12 13:41:00,0.0,0.0,1840.32,0.0,88,2,1840.32,3,2,3,323,Potential Loyalists
17920.0,23581.78,54,12265,2009-12-06 10:37:00,2011-12-05 14:29:00,6.55,2.0,23575.23,0.02777568105545892,4,54,23575.23,4,4,4,444,Champions
17921.0,2394.36,10,991,2010-07-15 20:05:00,2011-10-06 18:56:00,40.15,2.0,2354.21,1.6768572812776692,64,10,2354.21,3,4,4,344,Champions
17922.0,170.4,1,49,2010-06-14 16:32:00,2010-06-14 16:32:00,0.0,0.0,170.4,0.0,543,1,170.4,1,2,1,121,Lost Customers
17923.0,497.0,3,140,2010-06-13 13:58:00,2011-03-02 15:15:00,0.0,0.0,497.0,0.0,282,3,497.0,2,3,2,232,Regular Customers
17924.0,3257.7000000000003,8,1208,2010-10-21 12:17:00,2011-11-28 09:11:00,68.17,6.0,3189.53,2.092580655063388,12,8,3189.53,4,4,4,444,Champions
17925.0,244.08,1,72,2010-12-02 10:10:00,2010-12-02 10:10:00,0.0,0.0,244.08,0.0,373,1,244.08,2,2,1,221,Regular Customers
17926.0,1035.49,5,572,2010-05-09 14:07:00,2011-07-29 14:39:00,0.0,0.0,1035.49,0.0,133,5,1035.49,2,3,3,233,At Risk
17927.0,294.0,1,108,2009-12-18 11:03:00,2009-12-18 11:03:00,0.0,0.0,294.0,0.0,722,1,294.0,1,2,1,121,Lost Customers
17928.0,341.24,3,222,2010-05-17 15:30:00,2011-10-25 13:52:00,0.0,0.0,341.24,0.0,45,3,341.24,3,3,2,332,Loyal Customers
17929.0,3082.1,12,434,2009-12-09 11:40:00,2011-11-28 16:01:00,8.5,1.0,3073.6,0.27578599007170435,11,12,3073.6,4,4,4,444,Champions
17930.0,4275.22,13,3795,2010-03-04 10:41:00,2011-11-04 10:23:00,32.3,2.0,4242.92,0.7555166751652546,36,13,4242.92,3,4,4,344,Champions
17931.0,3402.24,14,1919,2010-02-16 15:47:00,2011-07-28 18:33:00,131.33,4.0,3270.91,3.860103931527465,134,14,3270.91,2,4,4,244,At Risk
17932.0,1331.57,3,789,2011-05-12 13:58:00,2011-11-10 19:49:00,0.0,0.0,1331.57,0.0,29,3,1331.57,3,3,3,333,Champions
17933.0,114.69,1,63,2010-03-17 15:11:00,2010-03-17 15:11:00,0.0,0.0,114.69,0.0,632,1,114.69,1,2,1,121,Lost Customers
17934.0,1049.15,3,628,2010-10-29 12:23:00,2011-10-19 11:16:00,0.0,0.0,1049.15,0.0,52,3,1049.15,3,3,3,333,Champions
17935.0,686.14,7,244,2009-12-04 14:33:00,2011-07-24 13:18:00,30.599999999999998,1.0,655.54,4.459731250182179,138,7,655.54,2,4,2,242,Regular Customers
17936.0,380.13,1,257,2011-12-04 13:32:00,2011-12-04 13:32:00,0.0,0.0,380.13,0.0,5,1,380.13,4,2,2,422,Potential Loyalists
17937.0,4301.22,7,1754,2010-12-12 14:43:00,2011-12-01 11:45:00,0.0,0.0,4301.22,0.0,9,7,4301.22,4,4,4,444,Champions
17938.0,144.29,1,53,2010-10-15 14:27:00,2010-10-15 14:27:00,0.0,0.0,144.29,0.0,420,1,144.29,1,2,1,121,Lost Customers
17939.0,99.14,1,40,2011-07-03 12:27:00,2011-07-03 12:27:00,0.0,0.0,99.14,0.0,160,1,99.14,2,2,1,221,Regular Customers
17940.0,30306.79,16,85148,2009-12-03 12:31:00,2011-10-21 13:27:00,3433.17,6.0,26873.620000000003,11.328055528150623,49,16,26873.620000000003,3,4,4,344,Champions
17941.0,1433.28,4,1108,2010-01-06 15:37:00,2011-08-01 08:30:00,0.0,0.0,1433.28,0.0,131,4,1433.28,2,3,3,233,At Risk
17942.0,77.50000000000001,1,38,2011-12-02 10:45:00,2011-12-02 10:45:00,0.0,0.0,77.50000000000001,0.0,8,1,77.50000000000001,4,2,1,421,Potential Loyalists
17944.0,74.99,1,84,2010-10-12 16:25:00,2010-10-12 16:25:00,0.0,0.0,74.99,0.0,423,1,74.99,1,2,1,121,Lost Customers
17945.0,360.35,3,244,2010-01-12 11:33:00,2010-01-12 11:40:00,0.0,0.0,360.35,0.0,697,3,360.35,1,3,2,132,Regular Customers
17946.0,149.57999999999998,2,75,2011-03-25 14:34:00,2011-04-20 17:00:00,0.0,0.0,149.57999999999998,0.0,233,2,149.57999999999998,2,2,1,221,Regular Customers
17947.0,176.68,1,168,2011-11-02 13:05:00,2011-11-02 13:05:00,0.0,0.0,176.68,0.0,37,1,176.68,3,2,1,321,Potential Loyalists
17948.0,358.56000000000006,1,144,2011-07-15 12:58:00,2011-07-15 12:58:00,0.0,0.0,358.56000000000006,0.0,147,1,358.56000000000006,2,2,2,222,Regular Customers
17949.0,117314.08,118,60538,2009-12-02 11:07:00,2011-12-08 18:46:00,19732.49,20.0,97581.59,16.82022311388369,1,118,97581.59,4,4,4,444,Champions
17950.0,1166.29,7,659,2010-01-04 17:39:00,2011-09-28 15:18:00,10.08,1.0,1156.21,0.8642790386610535,72,7,1156.21,3,4,3,343,Champions
17951.0,1340.5800000000002,4,780,2010-10-31 15:15:00,2011-10-31 12:30:00,17.700000000000003,1.0,1322.88,1.3203240388488566,40,4,1322.88,3,3,3,333,Champions
17952.0,788.46,4,477,2010-06-16 11:54:00,2010-11-26 13:54:00,0.0,0.0,788.46,0.0,378,4,788.46,2,3,2,232,Regular Customers
17953.0,159.17000000000002,1,98,2010-06-17 15:08:00,2010-06-17 15:08:00,0.0,0.0,159.17000000000002,0.0,540,1,159.17000000000002,1,2,1,121,Lost Customers
17954.0,3804.38,19,3180,2009-12-09 13:22:00,2011-12-04 14:15:00,104.64,7.0,3699.7400000000002,2.7505138813683176,5,19,3699.7400000000002,4,4,4,444,Champions
17955.0,949.9,6,681,2010-02-12 16:27:00,2011-05-25 12:00:00,0.0,0.0,949.9,0.0,199,6,949.9,2,3,3,233,At Risk
17956.0,12.75,1,1,2011-04-04 13:47:00,2011-04-04 13:47:00,0.0,0.0,12.75,0.0,249,1,12.75,2,2,1,221,Regular Customers
17957.0,111.68,1,287,2011-10-04 14:58:00,2011-10-04 14:58:00,0.0,0.0,111.68,0.0,66,1,111.68,3,2,1,321,Potential Loyalists
17958.0,973.88,2,284,2009-12-11 15:37:00,2011-08-15 12:19:00,0.0,0.0,973.88,0.0,117,2,973.88,2,2,3,223,Regular Customers
17959.0,140.75,1,49,2010-04-26 14:12:00,2010-04-26 14:12:00,0.0,0.0,140.75,0.0,592,1,140.75,1,2,1,121,Lost Customers
17960.0,135.08,3,60,2010-03-08 12:22:00,2011-06-21 14:15:00,0.0,0.0,135.08,0.0,171,3,135.08,2,3,1,231,Regular Customers
17961.0,2866.74,100,1491,2009-12-01 14:48:00,2011-11-18 16:55:00,16.45,2.0,2850.29,0.5738225301213224,21,100,2850.29,4,4,4,444,Champions
17962.0,666.96,4,633,2010-01-13 15:24:00,2011-07-20 14:16:00,14.4,1.0,652.5600000000001,2.1590500179920835,142,4,652.5600000000001,2,3,2,232,Regular Customers
17963.0,643.16,4,341,2010-01-19 17:25:00,2010-08-25 15:58:00,0.0,0.0,643.16,0.0,471,4,643.16,1,3,2,132,Regular Customers
17964.0,463.21,2,294,2010-12-02 13:32:00,2011-11-08 10:44:00,0.0,0.0,463.21,0.0,32,2,463.21,3,2,2,322,Potential Loyalists
17965.0,7006.65,29,4383,2009-12-14 13:19:00,2011-11-02 09:31:00,123.2,4.0,6883.45,1.7583295868924522,38,29,6883.45,3,4,4,344,Champions
17966.0,1963.92,10,3918,2010-01-18 13:24:00,2011-11-02 10:26:00,0.0,0.0,1963.92,0.0,38,10,1963.92,3,4,3,343,Champions
17967.0,223.42,2,111,2010-10-19 13:19:00,2010-12-03 11:19:00,0.0,0.0,223.42,0.0,372,2,223.42,2,2,1,221,Regular Customers
17968.0,590.4399999999999,4,352,2010-07-15 15:01:00,2010-12-01 12:23:00,0.0,0.0,590.4399999999999,0.0,374,4,590.4399999999999,2,3,2,232,Regular Customers
17969.0,2354.29,20,1014,2009-12-06 13:53:00,2011-06-26 13:00:00,118.75,7.0,2235.54,5.043983536437737,166,20,2235.54,2,4,4,244,At Risk
17970.0,562.79,1,513,2011-05-12 20:03:00,2011-05-12 20:03:00,0.0,0.0,562.79,0.0,211,1,562.79,2,2,2,222,Regular Customers
17971.0,161.94,1,62,2010-06-09 14:04:00,2010-06-09 14:04:00,0.0,0.0,161.94,0.0,548,1,161.94,1,2,1,121,Lost Customers
17972.0,135.19,1,36,2011-04-12 12:16:00,2011-04-12 12:16:00,0.0,0.0,135.19,0.0,242,1,135.19,2,2,1,221,Regular Customers
17973.0,337.04,1,176,2011-10-19 10:34:00,2011-10-19 10:34:00,0.0,0.0,337.04,0.0,52,1,337.04,3,2,2,322,Potential Loyalists
17974.0,1739.09,6,1189,2010-10-28 20:03:00,2011-11-15 11:37:00,0.0,0.0,1739.09,0.0,25,6,1739.09,4,3,3,433,Champions
17975.0,6696.33,24,2179,2010-08-06 11:24:00,2011-11-24 13:27:00,101.15,2.0,6595.18,1.510528901652099,15,24,6595.18,4,4,4,444,Champions
17976.0,321.79,1,93,2010-12-02 13:49:00,2010-12-02 13:49:00,0.0,0.0,321.79,0.0,372,1,321.79,2,2,1,221,Regular Customers
17977.0,1511.45,2,1948,2010-11-04 14:26:00,2011-11-10 13:28:00,57.900000000000006,1.0,1453.55,3.830758543120844,29,2,1453.55,3,2,3,323,Potential Loyalists
17978.0,1159.99,4,1297,2009-12-08 13:27:00,2010-12-09 14:05:00,0.0,0.0,1159.99,0.0,365,4,1159.99,2,3,3,233,At Risk
17979.0,732.41,4,383,2011-03-25 11:34:00,2011-11-04 12:05:00,19.9,1.0,712.51,2.7170573858904166,36,4,712.51,3,3,2,332,Loyal Customers
17980.0,1012.72,4,771,2010-11-11 14:42:00,2011-06-27 12:01:00,0.0,0.0,1012.72,0.0,166,4,1012.72,2,3,3,233,At Risk
17981.0,239.12,1,260,2010-10-25 10:40:00,2010-10-25 10:40:00,0.0,0.0,239.12,0.0,411,1,239.12,1,2,1,121,Lost Customers
17982.0,138.18,1,117,2010-01-28 09:38:00,2010-01-28 09:38:00,0.0,0.0,138.18,0.0,681,1,138.18,1,2,1,121,Lost Customers
17983.0,171.71,1,108,2010-11-09 13:23:00,2010-11-09 13:24:00,0.0,0.0,171.71,0.0,395,1,171.71,1,2,1,121,Lost Customers
17984.0,1152.19,5,939,2009-12-01 11:51:00,2011-07-17 15:59:00,0.0,0.0,1152.19,0.0,145,5,1152.19,2,3,3,233,At Risk
17985.0,631.35,1,171,2011-11-17 14:24:00,2011-11-17 14:24:00,0.0,0.0,631.35,0.0,22,1,631.35,4,2,2,422,Potential Loyalists
17986.0,20.8,1,10,2011-10-14 14:22:00,2011-10-14 14:22:00,0.0,0.0,20.8,0.0,56,1,20.8,3,2,1,321,Potential Loyalists
17987.0,965.4399999999999,5,981,2010-06-07 11:23:00,2011-06-07 14:22:00,75.52000000000001,1.0,889.92,7.822340072920121,185,5,889.92,2,3,3,233,At Risk
17988.0,489.54,14,186,2009-12-07 13:35:00,2011-11-28 11:00:00,9.95,1.0,479.59000000000003,2.0325203252032518,12,14,479.59000000000003,4,4,2,442,Loyal Customers
17989.0,207.32999999999998,1,300,2010-11-25 13:49:00,2010-11-25 13:49:00,0.0,0.0,207.32999999999998,0.0,379,1,207.32999999999998,2,2,1,221,Regular Customers
17990.0,1527.6100000000001,6,777,2009-12-07 15:19:00,2011-04-17 11:44:00,5.04,1.0,1522.5700000000002,0.329927141089676,237,6,1522.5700000000002,2,3,3,233,At Risk
17991.0,300.3,3,93,2010-04-27 12:46:00,2011-04-28 15:58:00,0.0,0.0,300.3,0.0,225,3,300.3,2,3,1,231,Regular Customers
17992.0,252.88,1,130,2010-11-15 13:04:00,2010-11-15 13:04:00,0.0,0.0,252.88,0.0,389,1,252.88,1,2,1,121,Lost Customers
17993.0,225.99,1,108,2010-04-01 14:23:00,2010-04-01 14:23:00,0.0,0.0,225.99,0.0,617,1,225.99,1,2,1,121,Lost Customers
17994.0,2270.0299999999997,11,2181,2010-03-29 10:37:00,2011-08-10 11:41:00,50.45,3.0,2219.58,2.222437588930543,122,11,2219.58,2,4,4,244,At Risk
17995.0,495.48,3,263,2010-11-17 17:01:00,2011-03-03 12:30:00,0.0,0.0,495.48,0.0,282,3,495.48,2,3,2,232,Regular Customers
17996.0,482.33,3,587,2010-06-11 11:48:00,2010-11-25 11:00:00,0.0,0.0,482.33,0.0,380,3,482.33,1,3,2,132,Regular Customers
17997.0,1962.46,8,2273,2011-06-28 17:28:00,2011-09-26 16:13:00,459.37,4.0,1503.0900000000001,23.407865638025743,74,8,1503.0900000000001,3,4,3,343,Champions
17998.0,639.24,3,561,2009-12-01 13:07:00,2010-11-24 15:31:00,37.5,1.0,601.74,5.866341280270321,380,3,601.74,1,3,2,132,Regular Customers
17999.0,528.46,3,286,2010-11-26 13:16:00,2011-11-02 15:56:00,0.0,0.0,528.46,0.0,37,3,528.46,3,3,2,332,Loyal Customers
18000.0,124.25,1,109,2010-05-24 17:34:00,2010-05-24 17:34:00,0.0,0.0,124.25,0.0,564,1,124.25,1,2,1,121,Lost Customers
18001.0,924.14,6,874,2009-12-02 15:38:00,2011-11-27 16:02:00,0.0,0.0,924.14,0.0,12,6,924.14,4,3,3,433,Champions
18002.0,244.37,4,71,2009-12-08 11:07:00,2010-11-29 10:57:00,0.0,0.0,244.37,0.0,376,4,244.37,2,3,1,231,Regular Customers
18003.0,353.51,1,297,2010-11-28 15:09:00,2010-11-28 15:09:00,0.0,0.0,353.51,0.0,376,1,353.51,2,2,2,222,Regular Customers
18004.0,157.92,1,75,2010-12-12 13:47:00,2010-12-12 13:47:00,0.0,0.0,157.92,0.0,362,1,157.92,2,2,1,221,Regular Customers
18005.0,226.47,2,86,2011-10-23 14:40:00,2011-12-06 11:51:00,0.0,0.0,226.47,0.0,4,2,226.47,4,2,1,421,Potential Loyalists
18006.0,969.51,4,395,2009-12-17 12:27:00,2011-11-16 16:52:00,0.0,0.0,969.51,0.0,23,4,969.51,4,3,3,433,Champions
18007.0,215.22,1,246,2010-11-12 11:08:00,2010-11-12 11:08:00,0.0,0.0,215.22,0.0,393,1,215.22,1,2,1,121,Lost Customers
18008.0,19759.079999999998,23,7825,2010-01-06 12:35:00,2011-09-30 15:17:00,0.0,0.0,19759.079999999998,0.0,70,23,19759.079999999998,3,4,4,344,Champions
18009.0,2144.23,8,651,2010-02-25 11:49:00,2011-04-18 13:36:00,78.75,6.0,2065.48,3.672647057451859,235,8,2065.48,2,4,3,243,At Risk
18010.0,174.8,1,60,2011-03-28 12:27:00,2011-03-28 12:27:00,0.0,0.0,174.8,0.0,257,1,174.8,2,2,1,221,Regular Customers
18011.0,410.79,2,125,2010-05-21 13:28:00,2010-12-01 17:35:00,0.0,0.0,410.79,0.0,373,2,410.79,2,2,2,222,Regular Customers
18012.0,115.3,1,63,2009-12-16 13:16:00,2009-12-16 13:16:00,0.0,0.0,115.3,0.0,723,1,115.3,1,2,1,121,Lost Customers
18013.0,187.29,2,285,2011-07-07 14:08:00,2011-07-07 14:11:00,0.0,0.0,187.29,0.0,155,2,187.29,2,2,1,221,Regular Customers
18014.0,162.22,1,66,2011-11-11 15:28:00,2011-11-11 15:28:00,0.0,0.0,162.22,0.0,28,1,162.22,3,2,1,321,Potential Loyalists
18015.0,120.03,1,157,2011-12-05 14:49:00,2011-12-05 14:49:00,0.0,0.0,120.03,0.0,4,1,120.03,4,2,1,421,Potential Loyalists
18016.0,1954.56,7,1207,2010-01-27 16:00:00,2011-11-07 13:25:00,0.0,0.0,1954.56,0.0,32,7,1954.56,3,4,3,343,Champions
18017.0,688.0,4,400,2010-10-04 15:11:00,2011-09-19 16:15:00,0.0,0.0,688.0,0.0,81,4,688.0,3,3,2,332,Loyal Customers
18018.0,297.99,4,186,2010-10-15 11:05:00,2011-08-23 17:37:00,141.3,1.0,156.69,47.41769858048928,108,4,156.69,2,3,1,231,Regular Customers
18019.0,38.45,1,7,2011-10-19 12:10:00,2011-10-19 12:10:00,0.0,0.0,38.45,0.0,52,1,38.45,3,2,1,321,Potential Loyalists
18020.0,190.48000000000002,1,67,2010-06-14 12:31:00,2010-06-14 12:31:00,61.199999999999996,1.0,129.28000000000003,32.12935741285174,544,1,129.28000000000003,1,2,1,121,Lost Customers
18021.0,216.41,2,168,2010-07-15 18:47:00,2010-07-18 10:52:00,0.0,0.0,216.41,0.0,510,2,216.41,1,2,1,121,Lost Customers
18022.0,1507.25,5,1311,2010-06-11 13:59:00,2011-11-04 12:45:00,0.0,0.0,1507.25,0.0,36,5,1507.25,3,3,3,333,Champions
18024.0,389.78,2,184,2011-07-10 12:28:00,2011-07-10 12:40:00,153.0,1.0,236.77999999999997,39.25291189901996,153,2,236.77999999999997,2,2,1,221,Regular Customers
18025.0,1177.72,6,1053,2010-03-30 17:33:00,2010-11-25 12:37:00,0.0,0.0,1177.72,0.0,380,6,1177.72,1,3,3,133,At Risk
18026.0,2074.07,2,530,2010-07-22 16:21:00,2010-07-27 10:37:00,0.0,0.0,2074.07,0.0,501,2,2074.07,1,2,3,123,Lost Customers
18027.0,115.31,1,78,2011-09-02 10:38:00,2011-09-02 10:38:00,0.0,0.0,115.31,0.0,99,1,115.31,2,2,1,221,Regular Customers
18028.0,192.05,1,133,2010-05-05 13:28:00,2010-05-05 13:28:00,0.0,0.0,192.05,0.0,583,1,192.05,1,2,1,121,Lost Customers
18029.0,433.77,1,253,2010-03-07 15:30:00,2010-03-07 15:30:00,0.0,0.0,433.77,0.0,642,1,433.77,1,2,2,122,Lost Customers
18030.0,230.64999999999998,2,67,2011-10-28 13:55:00,2011-12-05 16:37:00,9.95,1.0,220.7,4.313895512681552,4,2,220.7,4,2,1,421,Potential Loyalists
18031.0,451.3,1,298,2010-11-26 11:00:00,2010-11-26 11:00:00,0.0,0.0,451.3,0.0,379,1,451.3,2,2,2,222,Regular Customers
18032.0,73.5,1,42,2011-01-09 15:32:00,2011-01-09 15:32:00,0.0,0.0,73.5,0.0,334,1,73.5,2,2,1,221,Regular Customers
18033.0,93.82000000000001,1,252,2011-10-05 17:28:00,2011-10-05 17:28:00,0.0,0.0,93.82000000000001,0.0,65,1,93.82000000000001,3,2,1,321,Potential Loyalists
18034.0,754.2,3,951,2010-11-29 12:36:00,2011-11-18 12:22:00,0.0,0.0,754.2,0.0,22,3,754.2,4,3,2,432,Loyal Customers
18035.0,1260.23,5,1134,2010-11-19 13:42:00,2011-11-04 12:39:00,0.0,0.0,1260.23,0.0,36,5,1260.23,3,3,3,333,Champions
18036.0,1545.49,11,741,2009-12-18 12:04:00,2011-11-07 14:40:00,0.0,0.0,1545.49,0.0,32,11,1545.49,3,4,3,343,Champions
18037.0,167.42,15,37,2009-12-01 13:48:00,2011-07-08 13:39:00,0.0,0.0,167.42,0.0,154,15,167.42,2,4,1,241,Regular Customers
18038.0,141.48,1,80,2010-06-01 15:59:00,2010-06-01 15:59:00,0.0,0.0,141.48,0.0,556,1,141.48,1,2,1,121,Lost Customers
18039.0,548.22,4,555,2010-03-09 11:19:00,2010-11-30 13:07:00,0.0,0.0,548.22,0.0,374,4,548.22,2,3,2,232,Regular Customers
18040.0,357.20000000000005,2,148,2011-04-08 08:27:00,2011-11-20 14:20:00,0.0,0.0,357.20000000000005,0.0,19,2,357.20000000000005,4,2,2,422,Potential Loyalists
18041.0,8018.7699999999995,38,7316,2010-01-14 10:04:00,2011-11-28 11:39:00,82.72999999999999,2.0,7936.04,1.031704363636817,12,38,7936.04,4,4,4,444,Champions
18042.0,281.15,2,69,2010-06-16 10:53:00,2011-10-17 11:49:00,0.0,0.0,281.15,0.0,54,2,281.15,3,2,1,321,Potential Loyalists
18043.0,529.29,3,265,2010-12-08 12:35:00,2011-11-15 12:48:00,0.0,0.0,529.29,0.0,25,3,529.29,4,3,2,432,Loyal Customers
18044.0,3505.61,18,1598,2010-05-28 15:31:00,2011-12-05 14:26:00,2.95,1.0,3502.6600000000003,0.08415083252272787,4,18,3502.6600000000003,4,4,4,444,Champions
18045.0,178.34,1,138,2011-10-25 13:07:00,2011-10-25 13:07:00,0.0,0.0,178.34,0.0,45,1,178.34,3,2,1,321,Potential Loyalists
18046.0,189.63,1,44,2010-02-28 11:36:00,2010-02-28 11:36:00,0.0,0.0,189.63,0.0,650,1,189.63,1,2,1,121,Lost Customers
18047.0,326.09,2,130,2010-11-23 12:57:00,2010-11-23 13:11:00,0.0,0.0,326.09,0.0,381,2,326.09,1,2,1,121,Lost Customers
18048.0,394.93,3,256,2010-08-03 13:03:00,2011-05-20 14:58:00,0.0,0.0,394.93,0.0,203,3,394.93,2,3,2,232,Regular Customers
18049.0,500.92,2,402,2010-04-28 13:24:00,2010-09-28 14:26:00,0.0,0.0,500.92,0.0,437,2,500.92,1,2,2,122,Lost Customers
18050.0,412.06,2,250,2010-11-11 15:51:00,2010-12-15 14:25:00,0.0,0.0,412.06,0.0,359,2,412.06,2,2,2,222,Regular Customers
18051.0,2282.28,7,1661,2009-12-09 12:17:00,2010-03-15 13:58:00,6.3,1.0,2275.98,0.2760397497239602,634,7,2275.98,1,4,4,144,At Risk
18052.0,10877.18,1,17766,2010-05-24 11:11:00,2010-05-24 11:11:00,0.0,0.0,10877.18,0.0,565,1,10877.18,1,2,4,124,Lost Customers
18053.0,571.07,3,409,2010-06-30 12:36:00,2011-09-30 09:05:00,43.300000000000004,3.0,527.7700000000001,7.582257866811425,71,3,527.7700000000001,3,3,2,332,Loyal Customers
18054.0,176.5,1,96,2010-11-12 08:18:00,2010-11-12 08:18:00,0.0,0.0,176.5,0.0,393,1,176.5,1,2,1,121,Lost Customers
18055.0,10142.64,14,3534,2010-10-22 13:27:00,2011-12-02 14:25:00,32.050000000000004,1.0,10110.59,0.31599268040667916,7,14,10110.59,4,4,4,444,Champions
18056.0,554.6,2,334,2010-03-31 12:29:00,2011-02-24 14:27:00,14.850000000000001,1.0,539.75,2.6776054814280563,288,2,539.75,2,2,2,222,Regular Customers
18057.0,1188.46,3,970,2010-01-18 12:42:00,2010-11-11 16:55:00,0.0,0.0,1188.46,0.0,393,3,1188.46,1,3,3,133,At Risk
18058.0,774.06,3,394,2010-02-10 09:38:00,2011-11-30 08:38:00,0.0,0.0,774.06,0.0,10,3,774.06,4,3,2,432,Loyal Customers
18059.0,306.46,3,258,2011-10-03 09:30:00,2011-11-16 16:49:00,9.75,1.0,296.71,3.1814918749592116,23,3,296.71,4,3,1,431,Loyal Customers
18060.0,1185.46,2,902,2010-05-24 08:34:00,2010-10-27 16:41:00,0.0,0.0,1185.46,0.0,408,2,1185.46,1,2,3,123,Lost Customers
18061.0,6083.81,28,3359,2009-12-04 11:36:00,2011-11-18 11:20:00,8.5,1.0,6075.31,0.13971507985949594,22,28,6075.31,4,4,4,444,Champions
18062.0,1632.67,6,831,2010-04-21 08:55:00,2011-06-19 14:47:00,109.3,3.0,1523.3700000000001,6.6945555439862305,173,6,1523.3700000000001,2,3,3,233,At Risk
18063.0,186.60000000000002,2,48,2010-03-16 13:05:00,2010-11-14 10:46:00,0.0,0.0,186.60000000000002,0.0,391,2,186.60000000000002,1,2,1,121,Lost Customers
18064.0,4481.83,11,2685,2010-02-01 15:01:00,2011-07-29 16:39:00,53.849999999999994,4.0,4427.98,1.201518129871057,133,11,4427.98,2,4,4,244,At Risk
18065.0,5866.63,29,2265,2009-12-09 16:00:00,2011-12-04 10:30:00,29.75,3.0,5836.88,0.507105442136286,6,29,5836.88,4,4,4,444,Champions
18066.0,1440.4,3,535,2010-10-20 11:42:00,2011-09-25 15:30:00,0.0,0.0,1440.4,0.0,75,3,1440.4,3,3,3,333,Champions
18067.0,396.33,1,189,2011-10-30 15:58:00,2011-10-30 15:58:00,0.0,0.0,396.33,0.0,40,1,396.33,3,2,2,322,Potential Loyalists
18068.0,101.69999999999999,1,6,2011-02-23 14:50:00,2011-02-23 14:50:00,0.0,0.0,101.69999999999999,0.0,289,1,101.69999999999999,2,2,1,221,Regular Customers
18069.0,4464.92,11,3168,2010-02-28 16:14:00,2011-11-13 16:03:00,14.850000000000001,2.0,4450.07,0.3325927452227588,26,11,4450.07,3,4,4,344,Champions
18070.0,314.1,1,86,2010-02-08 13:28:00,2010-02-08 13:28:00,6.35,1.0,307.75,2.021649156319643,669,1,307.75,1,2,1,121,Lost Customers
18071.0,1169.68,6,678,2009-12-05 10:31:00,2011-03-27 11:59:00,0.0,0.0,1169.68,0.0,258,6,1169.68,2,3,3,233,At Risk
18073.0,3859.82,12,3102,2011-05-26 19:38:00,2011-08-17 14:02:00,13.08,1.0,3846.7400000000002,0.3388759061303377,114,12,3846.7400000000002,2,4,4,244,At Risk
18074.0,1019.44,2,361,2010-07-22 10:31:00,2010-12-01 09:53:00,0.0,0.0,1019.44,0.0,374,2,1019.44,2,2,3,223,Regular Customers
18075.0,5783.29,20,3281,2010-07-29 11:47:00,2011-11-16 15:21:00,203.38,11.0,5579.91,3.5166834103079734,23,20,5579.91,4,4,4,444,Champions
18076.0,151.49,1,164,2010-11-24 14:02:00,2010-11-24 14:02:00,0.0,0.0,151.49,0.0,380,1,151.49,1,2,1,121,Lost Customers
18077.0,4078.79,18,3020,2009-12-07 11:40:00,2011-12-01 13:32:00,0.0,0.0,4078.79,0.0,8,18,4078.79,4,4,4,444,Champions
18078.0,725.53,4,370,2010-03-21 15:50:00,2011-05-06 14:32:00,0.0,0.0,725.53,0.0,217,4,725.53,2,3,2,232,Regular Customers
18079.0,4203.93,5,8730,2010-08-05 12:19:00,2011-10-25 15:27:00,0.0,0.0,4203.93,0.0,45,5,4203.93,3,3,4,334,Champions
18080.0,1231.5,2,642,2011-04-11 10:10:00,2011-11-21 08:02:00,0.0,0.0,1231.5,0.0,19,2,1231.5,4,2,3,423,Potential Loyalists
18081.0,343.45,3,195,2011-07-29 11:56:00,2011-11-03 16:30:00,0.0,0.0,343.45,0.0,36,3,343.45,3,3,2,332,Loyal Customers
18082.0,680.84,1,608,2011-11-14 12:45:00,2011-11-14 12:45:00,0.0,0.0,680.84,0.0,26,1,680.84,3,2,2,322,Potential Loyalists
18083.0,463.53,1,268,2010-11-07 11:44:00,2010-11-07 11:44:00,0.0,0.0,463.53,0.0,398,1,463.53,1,2,2,122,Lost Customers
18084.0,795.2299999999999,3,755,2010-11-16 08:09:00,2011-11-23 13:57:00,619.1999999999999,2.0,176.02999999999997,77.8642656841417,16,3,176.02999999999997,4,3,1,431,Loyal Customers
18085.0,1341.8500000000001,4,507,2010-03-21 11:57:00,2011-01-13 15:17:00,0.0,0.0,1341.8500000000001,0.0,330,4,1341.8500000000001,2,3,3,233,At Risk
18086.0,101.34,1,106,2011-03-10 13:34:00,2011-03-10 13:34:00,0.0,0.0,101.34,0.0,274,1,101.34,2,2,1,221,Regular Customers
18087.0,14761.519999999999,17,7775,2009-12-01 09:43:00,2011-09-02 15:12:00,349.9,4.0,14411.619999999999,2.3703521046613085,98,17,14411.619999999999,2,4,4,244,At Risk
18088.0,166.03,1,107,2011-10-09 13:41:00,2011-10-09 13:41:00,0.0,0.0,166.03,0.0,61,1,166.03,3,2,1,321,Potential Loyalists
18089.0,428.45,1,95,2010-09-19 11:57:00,2010-09-19 11:57:00,0.0,0.0,428.45,0.0,447,1,428.45,1,2,2,122,Lost Customers
18090.0,321.9,1,307,2010-10-14 12:32:00,2010-10-14 12:32:00,0.0,0.0,321.9,0.0,422,1,321.9,1,2,1,121,Lost Customers
18091.0,360.85,1,539,2010-04-25 13:18:00,2010-04-25 13:18:00,0.0,0.0,360.85,0.0,593,1,360.85,1,2,2,122,Lost Customers
18092.0,14693.72,18,8298,2009-12-04 12:37:00,2011-12-07 13:14:00,6.25,2.0,14687.47,0.04253517829385615,2,18,14687.47,4,4,4,444,Champions
18093.0,4452.71,8,3429,2010-03-31 10:27:00,2011-09-07 15:43:00,23.1,1.0,4429.61,0.518785189244303,93,8,4429.61,3,4,4,344,Champions
18094.0,6391.52,13,4164,2010-01-07 11:16:00,2011-09-19 09:28:00,68.9,2.0,6322.620000000001,1.0779908378601648,82,13,6322.620000000001,3,4,4,344,Champions
18095.0,2303.09,5,1623,2010-04-19 14:09:00,2011-01-31 12:50:00,0.0,0.0,2303.09,0.0,313,5,2303.09,2,3,4,234,At Risk
18096.0,1657.87,6,1409,2010-07-14 14:30:00,2011-11-28 12:44:00,0.0,0.0,1657.87,0.0,12,6,1657.87,4,3,3,433,Champions
18097.0,4627.92,11,2716,2009-12-17 11:06:00,2011-12-02 11:16:00,11.149999999999999,3.0,4616.77,0.24092897025013393,8,11,4616.77,4,4,4,444,Champions
18098.0,527.94,1,215,2010-11-08 16:31:00,2010-11-08 16:31:00,0.0,0.0,527.94,0.0,396,1,527.94,1,2,2,122,Lost Customers
18099.0,168.31,1,149,2011-08-04 15:52:00,2011-08-04 15:52:00,0.0,0.0,168.31,0.0,127,1,168.31,2,2,1,221,Regular Customers
18100.0,451.56,1,440,2010-06-07 14:19:00,2010-06-07 14:19:00,0.0,0.0,451.56,0.0,550,1,451.56,1,2,2,122,Lost Customers
18101.0,622.01,5,247,2010-02-03 13:52:00,2011-11-28 13:37:00,0.0,0.0,622.01,0.0,11,5,622.01,4,3,2,432,Loyal Customers
18102.0,580987.04,145,181645,2009-12-01 09:24:00,2011-12-09 11:50:00,10606.43,8.0,570380.61,1.8255880544254481,1,145,570380.61,4,4,4,444,Champions
18103.0,105.8,1,23,2010-06-08 13:36:00,2010-06-08 13:36:00,0.0,0.0,105.8,0.0,549,1,105.8,1,2,1,121,Lost Customers
18104.0,754.64,1,362,2011-11-02 14:07:00,2011-11-02 14:07:00,0.0,0.0,754.64,0.0,37,1,754.64,3,2,2,322,Potential Loyalists
18105.0,113.48000000000002,1,46,2011-11-02 12:04:00,2011-11-02 12:04:00,0.0,0.0,113.48000000000002,0.0,38,1,113.48000000000002,3,2,1,321,Potential Loyalists
18106.0,1441.06,6,506,2010-01-15 11:36:00,2011-01-14 12:23:00,0.0,0.0,1441.06,0.0,330,6,1441.06,2,3,3,233,At Risk
18107.0,165.88,1,65,2010-09-23 13:03:00,2010-09-23 13:03:00,0.0,0.0,165.88,0.0,442,1,165.88,1,2,1,121,Lost Customers
18108.0,848.8100000000001,3,261,2009-12-02 12:47:00,2011-03-30 13:56:00,6.35,1.0,842.46,0.7481061721704503,254,3,842.46,2,3,2,232,Regular Customers
18109.0,9555.71,38,4822,2010-07-01 12:13:00,2011-12-08 11:36:00,139.3,7.0,9416.41,1.4577671360893123,2,38,9416.41,4,4,4,444,Champions
18110.0,392.28000000000003,2,169,2010-10-24 14:21:00,2011-11-20 12:34:00,30.25,1.0,362.03000000000003,7.7113286428061585,20,2,362.03000000000003,4,2,2,422,Potential Loyalists
18111.0,405.85,1,232,2010-04-29 12:58:00,2010-04-29 12:58:00,6.95,1.0,398.90000000000003,1.7124553406430945,589,1,398.90000000000003,1,2,2,122,Lost Customers
18112.0,773.36,4,443,2010-06-06 12:40:00,2011-11-27 14:43:00,0.0,0.0,773.36,0.0,12,4,773.36,4,3,2,432,Loyal Customers
18113.0,76.32000000000001,1,72,2010-12-06 12:31:00,2010-12-06 12:31:00,0.0,0.0,76.32000000000001,0.0,369,1,76.32000000000001,2,2,1,221,Regular Customers
18114.0,220.1,1,55,2011-02-22 13:20:00,2011-02-22 13:20:00,0.0,0.0,220.1,0.0,290,1,220.1,2,2,1,221,Regular Customers
18115.0,9.700000000000001,1,3,2010-01-11 11:57:00,2010-01-11 11:57:00,0.0,0.0,9.700000000000001,0.0,698,1,9.700000000000001,1,2,1,121,Lost Customers
18116.0,2134.4900000000002,13,1267,2010-10-24 15:29:00,2011-10-03 11:00:00,0.0,0.0,2134.4900000000002,0.0,68,13,2134.4900000000002,3,4,3,343,Champions
18117.0,315.65,1,605,2011-11-14 12:47:00,2011-11-14 12:47:00,0.0,0.0,315.65,0.0,26,1,315.65,3,2,1,321,Potential Loyalists
18118.0,6221.02,29,3184,2010-11-23 13:36:00,2011-11-29 11:32:00,63.15,6.0,6157.870000000001,1.015106847430164,11,29,6157.870000000001,4,4,4,444,Champions
18119.0,180.7,1,124,2010-12-07 11:59:00,2010-12-07 11:59:00,0.0,0.0,180.7,0.0,368,1,180.7,2,2,1,221,Regular Customers
18120.0,111.15,1,31,2011-05-09 13:45:00,2011-05-09 13:45:00,0.0,0.0,111.15,0.0,214,1,111.15,2,2,1,221,Regular Customers
18121.0,653.3,2,438,2011-07-08 12:14:00,2011-07-13 12:53:00,0.0,0.0,653.3,0.0,149,2,653.3,2,2,2,222,Regular Customers
18122.0,1793.06,6,1225,2011-07-12 11:37:00,2011-12-01 13:08:00,0.0,0.0,1793.06,0.0,8,6,1793.06,4,3,3,433,Champions
18123.0,666.64,3,616,2010-07-14 12:47:00,2011-11-15 14:23:00,0.0,0.0,666.64,0.0,24,3,666.64,4,3,2,432,Loyal Customers
18124.0,102.65,1,47,2010-08-24 17:21:00,2010-08-24 17:21:00,0.0,0.0,102.65,0.0,472,1,102.65,1,2,1,121,Lost Customers
18125.0,1131.75,4,800,2011-01-27 15:02:00,2011-11-10 12:29:00,1.65,1.0,1130.1,0.145791915175613,30,4,1130.1,3,3,3,333,Champions
18126.0,200.92000000000002,1,135,2011-10-10 12:19:00,2011-10-10 12:19:00,0.0,0.0,200.92000000000002,0.0,61,1,200.92000000000002,3,2,1,321,Potential Loyalists
18127.0,556.13,4,250,2010-11-01 13:56:00,2011-11-20 14:05:00,0.0,0.0,556.13,0.0,19,4,556.13,4,3,2,432,Loyal Customers
18128.0,399.29,1,216,2010-06-20 13:19:00,2010-06-20 13:19:00,0.0,0.0,399.29,0.0,537,1,399.29,1,2,2,122,Lost Customers
18129.0,112.55000000000001,1,48,2011-04-10 14:16:00,2011-04-10 14:16:00,0.0,0.0,112.55000000000001,0.0,243,1,112.55000000000001,2,2,1,221,Regular Customers
18130.0,1059.39,3,824,2011-10-13 15:58:00,2011-11-24 14:40:00,13.65,1.0,1045.74,1.288477331294424,15,3,1045.74,4,3,3,433,Champions
18131.0,222.95999999999998,1,552,2010-03-18 08:48:00,2010-03-18 08:48:00,0.0,0.0,222.95999999999998,0.0,632,1,222.95999999999998,1,2,1,121,Lost Customers
18132.0,220.13,1,212,2010-07-23 16:54:00,2010-07-23 16:54:00,0.0,0.0,220.13,0.0,504,1,220.13,1,2,1,121,Lost Customers
18133.0,931.4999999999999,1,1350,2011-05-11 14:14:00,2011-05-11 14:14:00,216.0,1.0,715.4999999999999,23.188405797101453,212,1,715.4999999999999,2,2,2,222,Regular Customers
18134.0,445.0,2,128,2010-01-14 11:59:00,2010-04-20 14:02:00,0.0,0.0,445.0,0.0,598,2,445.0,1,2,2,122,Lost Customers
18135.0,1249.6200000000001,10,753,2010-03-15 13:55:00,2011-11-10 19:32:00,20.4,3.0,1229.22,1.632496278868776,29,10,1229.22,3,4,3,343,Champions
18136.0,1631.3600000000001,5,860,2010-09-14 15:50:00,2011-10-07 15:40:00,99.65,4.0,1531.71,6.108400353079639,63,5,1531.71,3,3,3,333,Champions
18137.0,145.99,2,59,2010-06-06 13:45:00,2010-06-06 14:18:00,0.0,0.0,145.99,0.0,551,2,145.99,1,2,1,121,Lost Customers
18138.0,152.65,1,38,2011-02-17 14:51:00,2011-02-17 14:51:00,0.0,0.0,152.65,0.0,295,1,152.65,2,2,1,221,Regular Customers
18139.0,8438.34,6,5557,2011-11-21 14:06:00,2011-11-22 10:44:00,45.120000000000005,2.0,8393.22,0.5347023229687357,18,6,8393.22,4,3,4,434,Champions
18140.0,536.41,1,395,2010-08-23 11:58:00,2010-08-23 11:58:00,0.0,0.0,536.41,0.0,474,1,536.41,1,2,2,122,Lost Customers
18141.0,882.47,2,433,2010-04-29 15:32:00,2010-11-03 11:44:00,43.900000000000006,2.0,838.57,4.974673360000907,402,2,838.57,1,2,2,122,Lost Customers
18142.0,1019.52,2,1276,2011-05-08 12:31:00,2011-07-05 13:19:00,4.62,2.0,1014.9,0.45315442561205277,157,2,1014.9,2,2,3,223,Regular Customers
18143.0,1000.16,2,570,2011-07-21 10:44:00,2011-08-15 12:07:00,0.0,0.0,1000.16,0.0,117,2,1000.16,2,2,3,223,Regular Customers
18144.0,4892.95,19,2144,2009-12-16 15:57:00,2011-12-02 12:46:00,0.0,0.0,4892.95,0.0,8,19,4892.95,4,4,4,444,Champions
18145.0,5609.74,11,5104,2009-12-08 12:30:00,2011-11-27 11:22:00,17.700000000000003,1.0,5592.04,0.3155226445432409,13,11,5592.04,4,4,4,444,Champions
18146.0,160.35000000000002,2,153,2011-05-03 16:35:00,2011-07-22 12:08:00,0.0,0.0,160.35000000000002,0.0,141,2,160.35000000000002,2,2,1,221,Regular Customers
18147.0,179.33999999999997,2,203,2011-08-23 12:22:00,2011-10-25 11:46:00,0.0,0.0,179.33999999999997,0.0,46,2,179.33999999999997,3,2,1,321,Potential Loyalists
18148.0,112.85000000000001,1,63,2010-03-03 11:40:00,2010-03-03 11:40:00,0.0,0.0,112.85000000000001,0.0,647,1,112.85000000000001,1,2,1,121,Lost Customers
18149.0,1553.96,7,869,2010-03-14 12:41:00,2011-10-20 12:04:00,0.0,0.0,1553.96,0.0,51,7,1553.96,3,4,3,343,Champions
18150.0,566.58,3,332,2011-05-22 10:47:00,2011-11-07 16:49:00,0.0,0.0,566.58,0.0,32,3,566.58,3,3,2,332,Loyal Customers
18151.0,1879.44,6,986,2010-03-04 10:47:00,2011-07-28 11:35:00,25.5,1.0,1853.94,1.356787128080705,135,6,1853.94,2,3,3,233,At Risk
18152.0,426.69,1,75,2010-03-03 15:26:00,2010-03-03 15:26:00,0.0,0.0,426.69,0.0,646,1,426.69,1,2,2,122,Lost Customers
18153.0,246.22,1,200,2010-02-18 15:50:00,2010-02-18 15:50:00,0.0,0.0,246.22,0.0,659,1,246.22,1,2,1,121,Lost Customers
18154.0,932.6,5,626,2010-08-06 09:18:00,2011-12-06 16:41:00,0.0,0.0,932.6,0.0,3,5,932.6,4,3,3,433,Champions
18155.0,371.62,3,266,2011-02-21 10:36:00,2011-09-25 13:32:00,23.8,1.0,347.82,6.404391582799635,75,3,347.82,3,3,2,332,Loyal Customers
18156.0,675.64,2,283,2010-12-05 12:29:00,2011-11-27 12:24:00,0.0,0.0,675.64,0.0,13,2,675.64,4,2,2,422,Potential Loyalists
18157.0,213.9,1,145,2010-05-17 14:09:00,2010-05-17 14:09:00,0.0,0.0,213.9,0.0,571,1,213.9,1,2,1,121,Lost Customers
18158.0,453.4,2,354,2011-09-12 09:03:00,2011-11-30 16:19:00,1.65,1.0,451.75,0.3639170710189678,9,2,451.75,4,2,2,422,Potential Loyalists
18159.0,530.15,1,139,2011-02-11 14:26:00,2011-02-11 14:26:00,0.0,0.0,530.15,0.0,301,1,530.15,2,2,2,222,Regular Customers
18160.0,1003.88,3,519,2010-11-18 16:33:00,2011-10-13 15:50:00,0.0,0.0,1003.88,0.0,57,3,1003.88,3,3,3,333,Champions
18161.0,1803.1000000000001,6,965,2010-11-25 15:55:00,2011-11-24 16:40:00,5.9,1.0,1797.2,0.32721424213853917,15,6,1797.2,4,3,3,433,Champions
18162.0,371.51,1,332,2009-12-07 13:24:00,2009-12-07 13:24:00,0.0,0.0,371.51,0.0,732,1,371.51,1,2,2,122,Lost Customers
18163.0,728.84,1,452,2010-05-04 14:51:00,2010-05-04 14:51:00,89.5,1.0,639.34,12.279787058888097,584,1,639.34,1,2,2,122,Lost Customers
18164.0,399.65000000000003,1,184,2011-11-02 12:56:00,2011-11-02 12:56:00,4.95,1.0,394.70000000000005,1.2385837607906918,37,1,394.70000000000005,3,2,2,322,Potential Loyalists
18165.0,302.46000000000004,1,254,2011-06-15 13:23:00,2011-06-15 13:23:00,0.0,0.0,302.46000000000004,0.0,177,1,302.46000000000004,2,2,1,221,Regular Customers
18166.0,175.5,1,90,2010-03-26 12:26:00,2010-03-26 12:26:00,0.0,0.0,175.5,0.0,624,1,175.5,1,2,1,121,Lost Customers
18167.0,1384.8600000000001,3,382,2011-08-26 11:40:00,2011-11-16 15:56:00,29.35,3.0,1355.5100000000002,2.1193478041101628,23,3,1355.5100000000002,4,3,3,433,Champions
18168.0,3435.5,16,1995,2009-12-03 17:29:00,2011-06-16 19:21:00,83.2,6.0,3352.3,2.4217726677339546,176,16,3352.3,2,4,4,244,At Risk
18169.0,202.65,1,61,2011-10-10 12:18:00,2011-10-10 12:18:00,0.0,0.0,202.65,0.0,61,1,202.65,3,2,1,321,Potential Loyalists
18170.0,2878.0,9,1184,2010-01-08 14:10:00,2011-11-06 14:35:00,0.0,0.0,2878.0,0.0,33,9,2878.0,3,4,4,344,Champions
18171.0,2437.31,9,991,2010-01-05 10:46:00,2011-10-12 09:13:00,22.8,2.0,2414.5099999999998,0.935457533100016,59,9,2414.5099999999998,3,4,4,344,Champions
18172.0,17467.24,52,7407,2009-12-11 09:58:00,2011-11-25 11:12:00,178.01,11.0,17289.230000000003,1.0191077697449624,15,52,17289.230000000003,4,4,4,444,Champions
18173.0,2696.36,5,1730,2010-04-06 10:43:00,2011-09-14 11:26:00,0.0,0.0,2696.36,0.0,87,5,2696.36,3,3,4,334,Champions
18174.0,162.5,2,80,2010-04-15 12:17:00,2011-12-02 16:56:00,0.0,0.0,162.5,0.0,7,2,162.5,4,2,1,421,Potential Loyalists
18175.0,176.1,1,70,2010-02-02 10:25:00,2010-02-02 10:25:00,0.0,0.0,176.1,0.0,676,1,176.1,1,2,1,121,Lost Customers
18176.0,476.35,1,283,2010-12-16 15:45:00,2010-12-16 15:45:00,27.7,1.0,448.65000000000003,5.815051957594205,358,1,448.65000000000003,2,2,2,222,Regular Customers
18177.0,2216.32,9,1238,2009-12-15 18:57:00,2011-11-08 14:44:00,27.25,1.0,2189.07,1.229515593416113,31,9,2189.07,3,4,4,344,Champions
18178.0,6103.74,11,3850,2010-02-18 14:25:00,2011-08-03 09:30:00,49.25,4.0,6054.49,0.8068823377142539,129,11,6054.49,2,4,4,244,At Risk
18179.0,2547.55,8,1811,2010-02-14 15:51:00,2011-11-30 16:23:00,0.0,0.0,2547.55,0.0,9,8,2547.55,4,4,4,444,Champions
18180.0,1843.75,6,1721,2011-07-20 08:59:00,2011-12-05 08:39:00,0.0,0.0,1843.75,0.0,5,6,1843.75,4,3,3,433,Champions
18181.0,1188.34,5,510,2009-12-04 15:30:00,2011-11-15 15:08:00,21.73,2.0,1166.61,1.8286012420687683,24,5,1166.61,4,3,3,433,Champions
18182.0,291.13,1,167,2010-09-02 14:25:00,2010-09-02 14:25:00,0.0,0.0,291.13,0.0,463,1,291.13,1,2,1,121,Lost Customers
18183.0,632.07,2,371,2011-03-10 10:08:00,2011-04-26 15:26:00,31.55,4.0,600.5200000000001,4.99153574762289,227,2,600.5200000000001,2,2,2,222,Regular Customers
18184.0,49.8,1,60,2011-11-24 15:28:00,2011-11-24 15:28:00,0.0,0.0,49.8,0.0,15,1,49.8,4,2,1,421,Potential Loyalists
18185.0,304.25,1,183,2011-04-04 13:42:00,2011-04-04 13:42:00,0.0,0.0,304.25,0.0,249,1,304.25,2,2,1,221,Regular Customers
18186.0,329.58,1,338,2009-12-17 10:22:00,2009-12-17 10:22:00,0.0,0.0,329.58,0.0,723,1,329.58,1,2,1,121,Lost Customers
18187.0,724.89,1,310,2010-03-18 09:49:00,2010-03-18 09:49:00,42.7,2.0,682.1899999999999,5.890548910869236,632,1,682.1899999999999,1,2,2,122,Lost Customers
18188.0,3280.59,6,1888,2010-03-26 11:37:00,2011-11-24 16:46:00,17.400000000000002,2.0,3263.19,0.5303923989282416,15,6,3263.19,4,3,4,434,Champions
18189.0,1403.73,3,836,2010-03-24 09:57:00,2011-09-23 12:40:00,7.15,2.0,1396.58,0.5093572125693687,78,3,1396.58,3,3,3,333,Champions
18190.0,745.62,5,490,2009-12-22 12:05:00,2011-05-31 14:48:00,9.95,1.0,735.67,1.3344599125559937,192,5,735.67,2,3,2,232,Regular Customers
18191.0,529.4,2,332,2010-08-19 17:42:00,2011-03-23 12:08:00,0.0,0.0,529.4,0.0,262,2,529.4,2,2,2,222,Regular Customers
18192.0,957.97,1,339,2011-09-29 09:53:00,2011-09-29 09:53:00,0.0,0.0,957.97,0.0,72,1,957.97,3,2,3,323,Potential Loyalists
18193.0,1207.35,3,926,2010-09-23 13:33:00,2011-06-27 13:58:00,30.8,2.0,1176.55,2.5510415372510047,165,3,1176.55,2,3,3,233,At Risk
18194.0,4162.04,6,1774,2010-01-28 15:30:00,2011-09-18 13:29:00,77.84,1.0,4084.2,1.8702367108437208,82,6,4084.2,3,3,4,334,Champions
18195.0,101.16,1,60,2010-11-17 15:03:00,2010-11-17 15:03:00,0.0,0.0,101.16,0.0,387,1,101.16,1,2,1,121,Lost Customers
18196.0,1457.19,4,1038,2010-03-17 14:55:00,2011-09-05 16:22:00,0.0,0.0,1457.19,0.0,95,4,1457.19,3,3,3,333,Champions
18197.0,230.1,1,166,2010-05-13 10:46:00,2010-05-13 10:46:00,8.7,1.0,221.4,3.78096479791395,576,1,221.4,1,2,1,121,Lost Customers
18198.0,5425.56,17,4074,2011-01-07 13:39:00,2011-12-05 14:49:00,342.5,4.0,5083.06,6.312712420469039,4,17,5083.06,4,4,4,444,Champions
18199.0,344.75,1,99,2010-01-25 11:32:00,2010-01-25 11:32:00,2.55,1.0,342.2,0.7396664249456127,684,1,342.2,1,2,2,122,Lost Customers
18200.0,150.35,1,104,2011-08-25 18:45:00,2011-08-25 18:45:00,0.0,0.0,150.35,0.0,106,1,150.35,2,2,1,221,Regular Customers
18201.0,447.53000000000003,1,191,2009-12-17 08:55:00,2009-12-17 08:55:00,0.0,0.0,447.53000000000003,0.0,723,1,447.53000000000003,1,2,2,122,Lost Customers
18202.0,1396.99,3,581,2011-02-01 13:36:00,2011-05-24 12:12:00,0.0,0.0,1396.99,0.0,200,3,1396.99,2,3,3,233,At Risk
18203.0,492.52,4,111,2009-12-08 13:19:00,2011-07-05 13:07:00,0.0,0.0,492.52,0.0,157,4,492.52,2,3,2,232,Regular Customers
18204.0,1975.35,3,1190,2011-05-31 15:26:00,2011-09-29 16:44:00,14.4,1.0,1960.9499999999998,0.7289847368820715,71,3,1960.9499999999998,3,3,3,333,Champions
18205.0,517.36,2,192,2011-09-26 12:02:00,2011-11-03 13:22:00,0.0,0.0,517.36,0.0,36,2,517.36,3,2,2,322,Potential Loyalists
18206.0,314.65999999999997,1,246,2010-06-04 13:47:00,2010-06-04 13:47:00,0.0,0.0,314.65999999999997,0.0,553,1,314.65999999999997,1,2,1,121,Lost Customers
18207.0,544.47,1,325,2010-07-28 14:26:00,2010-07-28 14:26:00,39.349999999999994,2.0,505.12,7.227211783936671,499,1,505.12,1,2,2,122,Lost Customers
18208.0,360.08,1,82,2010-05-23 11:54:00,2010-05-23 11:54:00,0.0,0.0,360.08,0.0,566,1,360.08,1,2,2,122,Lost Customers
18209.0,139.10000000000002,1,58,2011-11-11 12:07:00,2011-11-11 12:07:00,0.0,0.0,139.10000000000002,0.0,29,1,139.10000000000002,3,2,1,321,Potential Loyalists
18210.0,2768.83,7,1499,2010-11-22 09:39:00,2011-12-08 11:02:00,0.0,0.0,2768.83,0.0,2,7,2768.83,4,4,4,444,Champions
18211.0,600.07,5,359,2011-03-06 12:09:00,2011-11-14 08:10:00,0.0,0.0,600.07,0.0,26,5,600.07,3,3,2,332,Loyal Customers
18212.0,514.37,2,158,2010-01-31 14:42:00,2011-01-17 16:14:00,0.0,0.0,514.37,0.0,326,2,514.37,2,2,2,222,Regular Customers
18213.0,232.48000000000002,1,232,2011-04-17 10:21:00,2011-04-17 10:21:00,0.0,0.0,232.48000000000002,0.0,237,1,232.48000000000002,2,2,1,221,Regular Customers
18214.0,1780.34,4,989,2010-06-03 19:47:00,2010-06-27 11:21:00,299.34999999999997,1.0,1480.99,16.814204028444006,531,4,1480.99,1,3,3,133,At Risk
18215.0,2232.4900000000002,5,1131,2010-03-26 13:03:00,2011-09-11 16:05:00,8.5,1.0,2223.9900000000002,0.38074078719277576,89,5,2223.9900000000002,3,3,4,334,Champions
18216.0,481.75,1,200,2011-11-08 16:55:00,2011-11-08 16:55:00,0.0,0.0,481.75,0.0,31,1,481.75,3,2,2,322,Potential Loyalists
18217.0,945.04,4,740,2010-07-01 15:39:00,2011-11-10 13:18:00,42.24,2.0,902.8,4.469652078218911,29,4,902.8,3,3,3,333,Champions
18218.0,1121.84,4,1028,2010-02-17 15:11:00,2011-05-12 12:53:00,35.7,2.0,1086.1399999999999,3.182271981744278,211,4,1086.1399999999999,2,3,3,233,At Risk
18219.0,3352.7000000000003,17,1586,2009-12-07 13:17:00,2011-12-07 11:43:00,55.5,2.0,3297.2000000000003,1.6553822292480684,3,17,3297.2000000000003,4,4,4,444,Champions
18220.0,1921.76,6,1352,2009-12-15 11:42:00,2011-04-27 09:03:00,150.06,5.0,1771.7,7.808467238364833,227,6,1771.7,2,3,3,233,At Risk
18221.0,1424.94,6,1000,2010-11-14 15:46:00,2011-11-17 14:40:00,54.60000000000001,2.0,1370.3400000000001,3.8317402838014236,22,6,1370.3400000000001,4,3,3,433,Champions
18222.0,443.0,1,335,2011-09-08 10:45:00,2011-09-08 10:45:00,0.0,0.0,443.0,0.0,93,1,443.0,3,2,2,322,Potential Loyalists
18223.0,14000.85,26,6644,2009-12-04 12:20:00,2011-12-05 09:11:00,503.27000000000004,26.0,13497.58,3.5945674726891585,5,26,13497.58,4,4,4,444,Champions
18224.0,158.95000000000002,1,69,2011-03-21 10:30:00,2011-03-21 10:30:00,0.0,0.0,158.95000000000002,0.0,264,1,158.95000000000002,2,2,1,221,Regular Customers
18225.0,13014.8,26,7282,2009-12-04 16:52:00,2011-12-06 13:27:00,371.55,8.0,12643.25,2.854826812551864,3,26,12643.25,4,4,4,444,Champions
18226.0,11878.88,26,7883,2010-03-05 10:05:00,2011-10-26 13:36:00,130.3,12.0,11748.58,1.09690475869779,44,26,11748.58,3,4,4,344,Champions
18227.0,388.75,2,22,2010-08-12 16:45:00,2011-05-06 12:23:00,295.0,1.0,93.75,75.88424437299035,218,2,93.75,2,2,1,221,Regular Customers
18228.0,779.9,2,238,2011-09-21 10:48:00,2011-10-14 09:21:00,10.7,1.0,769.1999999999999,1.3719707654827542,57,2,769.1999999999999,3,2,2,322,Potential Loyalists
18229.0,10150.51,28,3071,2009-12-03 14:42:00,2011-11-28 09:48:00,0.0,0.0,10150.51,0.0,12,28,10150.51,4,4,4,444,Champions
18230.0,4291.06,9,1996,2010-07-02 10:01:00,2011-11-30 13:22:00,93.6,3.0,4197.46,2.181279217722427,9,9,4197.46,4,4,4,444,Champions
18231.0,6854.17,28,2915,2010-01-10 12:13:00,2011-05-31 14:18:00,32.8,2.0,6821.37,0.4785408007096409,192,28,6821.37,2,4,4,244,At Risk
18232.0,592.97,4,302,2011-05-26 16:30:00,2011-09-19 11:49:00,10.5,1.0,582.47,1.7707472553417543,82,4,582.47,3,3,2,332,Loyal Customers
18233.0,440.0,1,4,2011-01-18 08:44:00,2011-01-18 08:44:00,0.0,0.0,440.0,0.0,326,1,440.0,2,2,2,222,Regular Customers
18234.0,179.6,1,80,2010-06-06 11:22:00,2010-06-06 11:22:00,0.0,0.0,179.6,0.0,552,1,179.6,1,2,1,121,Lost Customers
18235.0,1796.48,3,1578,2011-05-06 13:35:00,2011-09-29 08:27:00,0.0,0.0,1796.48,0.0,72,3,1796.48,3,3,3,333,Champions
18236.0,1795.3500000000001,12,696,2010-04-15 13:39:00,2011-11-10 08:06:00,0.0,0.0,1795.3500000000001,0.0,30,12,1795.3500000000001,3,4,3,343,Champions
18237.0,987.1,5,622,2011-07-28 13:05:00,2011-12-07 12:49:00,0.0,0.0,987.1,0.0,3,5,987.1,4,3,3,433,Champions
18238.0,270.92,1,114,2010-07-12 12:51:00,2010-07-12 12:51:00,0.0,0.0,270.92,0.0,515,1,270.92,1,2,1,121,Lost Customers
18239.0,1712.26,6,844,2010-10-13 10:11:00,2011-05-05 12:38:00,0.0,0.0,1712.26,0.0,219,6,1712.26,2,3,3,233,At Risk
18240.0,422.58,1,126,2011-10-24 13:06:00,2011-10-24 13:06:00,0.0,0.0,422.58,0.0,46,1,422.58,3,2,2,322,Potential Loyalists
18241.0,2986.9900000000002,21,1471,2010-04-01 11:55:00,2011-11-30 12:10:00,32.9,2.0,2954.09,1.1014432589329055,10,21,2954.09,4,4,4,444,Champions
18242.0,3605.21,8,2021,2010-01-11 08:49:00,2011-09-28 13:43:00,0.0,0.0,3605.21,0.0,72,8,3605.21,3,4,4,344,Champions
18243.0,515.78,1,221,2010-10-21 14:29:00,2010-10-21 14:29:00,0.0,0.0,515.78,0.0,414,1,515.78,1,2,2,122,Lost Customers
18244.0,568.64,2,856,2010-07-25 10:30:00,2010-10-05 11:15:00,0.0,0.0,568.64,0.0,431,2,568.64,1,2,2,122,Lost Customers
18245.0,6324.9800000000005,20,5098,2010-03-08 15:26:00,2011-12-02 14:48:00,88.75,3.0,6236.2300000000005,1.4031664922260623,7,20,6236.2300000000005,4,4,4,444,Champions
18246.0,758.8199999999999,3,214,2010-04-09 10:19:00,2011-11-16 11:49:00,0.0,0.0,758.8199999999999,0.0,24,3,758.8199999999999,4,3,2,432,Loyal Customers
18247.0,839.73,3,335,2010-03-18 15:52:00,2010-10-21 09:49:00,118.3,3.0,721.4300000000001,14.087861574553726,415,3,721.4300000000001,1,3,2,132,Regular Customers
18248.0,804.02,2,511,2011-06-06 13:18:00,2011-08-09 10:19:00,21.0,2.0,783.02,2.611875326484416,123,2,783.02,2,2,2,222,Regular Customers
18249.0,95.34,1,128,2011-11-22 15:07:00,2011-11-22 15:07:00,0.0,0.0,95.34,0.0,17,1,95.34,4,2,1,421,Potential Loyalists
18250.0,349.27,1,199,2011-02-02 13:16:00,2011-02-02 13:16:00,6.35,1.0,342.91999999999996,1.8180777049274202,310,1,342.91999999999996,2,2,2,222,Regular Customers
18251.0,26278.86,9,39639,2009-12-22 12:01:00,2011-09-13 15:03:00,0.0,0.0,26278.86,0.0,87,9,26278.86,3,4,4,344,Champions
18252.0,1533.69,7,932,2009-12-18 16:13:00,2011-10-20 12:43:00,76.5,1.0,1457.19,4.9879701895428665,51,7,1457.19,3,4,3,343,Champions
18253.0,317.88,1,128,2010-03-07 12:38:00,2010-03-07 12:38:00,0.0,0.0,317.88,0.0,643,1,317.88,1,2,1,121,Lost Customers
18254.0,267.9,1,188,2010-05-07 14:37:00,2010-05-07 14:37:00,0.0,0.0,267.9,0.0,581,1,267.9,1,2,1,121,Lost Customers
18255.0,303.15,2,201,2010-09-09 16:31:00,2011-09-11 13:16:00,0.0,0.0,303.15,0.0,89,2,303.15,3,2,1,321,Potential Loyalists
18256.0,110.7,1,180,2010-11-17 08:53:00,2010-11-17 08:53:00,50.1,1.0,60.6,45.25745257452575,388,1,60.6,1,2,1,121,Lost Customers
18257.0,4600.15,12,2369,2010-02-18 16:20:00,2011-10-31 14:48:00,103.35000000000001,6.0,4496.799999999999,2.2466658695912094,39,12,4496.799999999999,3,4,4,344,Champions
18258.0,2059.67,6,1981,2010-05-16 11:35:00,2010-09-01 14:20:00,18.7,2.0,2040.97,0.9079124325741502,464,6,2040.97,1,3,3,133,At Risk
18259.0,3941.9,7,1274,2009-12-08 08:38:00,2011-11-15 12:34:00,0.0,0.0,3941.9,0.0,25,7,3941.9,4,4,4,444,Champions
18260.0,9947.26,23,5244,2009-12-15 13:50:00,2011-06-20 12:37:00,210.16,9.0,9737.1,2.112742604496112,173,23,9737.1,2,4,4,244,At Risk
18261.0,324.24,2,146,2011-09-05 09:34:00,2011-10-27 15:36:00,0.0,0.0,324.24,0.0,43,2,324.24,3,2,1,321,Potential Loyalists
18262.0,577.54,3,552,2010-04-16 09:05:00,2011-07-22 16:04:00,0.0,0.0,577.54,0.0,140,3,577.54,2,3,2,232,Regular Customers
18263.0,1213.1599999999999,3,1468,2011-04-01 11:48:00,2011-11-14 09:00:00,2.08,1.0,1211.08,0.17145306472353194,26,3,1211.08,3,3,3,333,Champions
18264.0,603.25,1,241,2010-07-29 10:02:00,2010-07-29 10:02:00,0.0,0.0,603.25,0.0,499,1,603.25,1,2,2,122,Lost Customers
18265.0,801.51,2,311,2011-07-04 15:26:00,2011-09-28 14:10:00,0.0,0.0,801.51,0.0,72,2,801.51,3,2,2,322,Potential Loyalists
18266.0,251.1,1,138,2010-10-01 15:33:00,2010-10-01 15:33:00,0.0,0.0,251.1,0.0,434,1,251.1,1,2,1,121,Lost Customers
18267.0,269.37,1,135,2010-02-05 08:43:00,2010-02-05 08:43:00,16.5,1.0,252.87,6.125403719790622,673,1,252.87,1,2,1,121,Lost Customers
18268.0,1490.23,6,711,2009-12-11 10:27:00,2011-07-28 19:13:00,39.01,2.0,1451.22,2.617716728290264,134,6,1451.22,2,3,3,233,At Risk
18269.0,168.6,1,76,2010-12-08 13:53:00,2010-12-08 13:53:00,29.700000000000003,1.0,138.89999999999998,17.615658362989326,366,1,138.89999999999998,2,2,1,221,Regular Customers
18270.0,444.55,3,209,2010-10-03 10:49:00,2011-11-01 13:57:00,44.2,1.0,400.35,9.94263862332696,38,3,400.35,3,3,2,332,Loyal Customers
18271.0,680.85,2,319,2009-12-08 11:27:00,2010-04-09 09:26:00,0.0,0.0,680.85,0.0,610,2,680.85,1,2,2,122,Lost Customers
18272.0,4385.9800000000005,9,2880,2010-03-04 12:53:00,2011-12-07 12:43:00,38.65,2.0,4347.330000000001,0.8812169686136277,3,9,4347.330000000001,4,4,4,444,Champions
18273.0,357.0,4,140,2010-04-28 12:24:00,2011-12-07 13:16:00,0.0,0.0,357.0,0.0,2,4,357.0,4,3,2,432,Loyal Customers
18275.0,741.85,2,417,2009-12-08 16:23:00,2010-05-10 15:46:00,0.0,0.0,741.85,0.0,578,2,741.85,1,2,2,122,Lost Customers
18276.0,1656.52,6,1246,2009-12-10 17:14:00,2011-10-27 10:54:00,35.85,4.0,1620.67,2.16417550044672,44,6,1620.67,3,3,3,333,Champions
18277.0,1180.05,5,449,2010-08-02 10:26:00,2011-10-12 15:22:00,68.67,3.0,1111.3799999999999,5.819244947247999,58,5,1111.3799999999999,3,3,3,333,Champions
18278.0,414.20000000000005,2,140,2010-10-31 12:13:00,2011-09-27 11:58:00,0.0,0.0,414.20000000000005,0.0,74,2,414.20000000000005,3,2,2,322,Potential Loyalists
18279.0,231.33999999999997,1,630,2010-07-08 14:48:00,2010-07-08 14:48:00,0.0,0.0,231.33999999999997,0.0,519,1,231.33999999999997,1,2,1,121,Lost Customers
18280.0,488.15000000000003,2,194,2010-11-10 15:51:00,2011-03-07 09:52:00,15.7,1.0,472.45000000000005,3.2162245211512848,278,2,472.45000000000005,2,2,2,222,Regular Customers
18281.0,201.14,2,146,2010-05-11 10:49:00,2011-06-12 10:53:00,0.0,0.0,201.14,0.0,181,2,201.14,2,2,1,221,Regular Customers
18282.0,178.05,2,103,2011-08-05 13:35:00,2011-12-02 11:43:00,1.45,1.0,176.60000000000002,0.8143779837124403,8,2,176.60000000000002,4,2,1,421,Potential Loyalists
18283.0,2664.9,22,1679,2010-02-19 17:16:00,2011-12-06 12:02:00,0.0,0.0,2664.9,0.0,4,22,2664.9,4,4,4,444,Champions
18284.0,461.68,1,494,2010-10-04 11:33:00,2010-10-04 11:33:00,25.0,1.0,436.68,5.415006064806793,432,1,436.68,1,2,2,122,Lost Customers
18285.0,427.0,1,145,2010-02-17 10:24:00,2010-02-17 10:24:00,0.0,0.0,427.0,0.0,661,1,427.0,1,2,2,122,Lost Customers
18286.0,1296.43,2,608,2009-12-16 10:45:00,2010-08-20 11:57:00,108.0,1.0,1188.43,8.330569332705968,477,2,1188.43,1,2,3,123,Lost Customers
18287.0,4182.99,7,3013,2010-05-17 11:55:00,2011-10-28 09:29:00,5.1,1.0,4177.889999999999,0.1219223569743174,43,7,4177.889999999999,3,4,4,344,Champions
